city,city_ascii,lat,lng,country,iso2,iso3,admin_name,capital,population,id,pop_bin,nearest_neighbor_km
Wittenbach,Wittenbach,47.4667,9.3795,Switzerland,CH,CHE,Sankt Gallen,,9691.0,1756489674,0,89.16166376314277
Yeadon,Yeadon,39.9325,-75.2527,United States,US,USA,Pennsylvania,,12091.0,1840000715,1,71.51985950956754
Sūrappalli,Surappalli,11.7187,77.8778,India,IN,IND,Tamil Nādu,,16102.0,1356168794,2,64.86456142342645
Atbasar,Atbasar,51.8,68.3333,Kazakhstan,KZ,KAZ,Aqmola,minor,29733.0,1398900162,3,329.01583268668503
Anosiala,Anosiala,-18.7833,47.4167,Madagascar,MG,MDG,Antananarivo,,36863.0,1450613112,4,66.97865472623272
Nevinnomyssk,Nevinnomyssk,44.6333,41.9333,Russia,RU,RUS,Stavropol’skiy Kray,minor,114556.0,1643869152,5,105.95556257667698
San Marzano di San Giuseppe,San Marzano di San Giuseppe,40.45,17.5,Italy,IT,ITA,Puglia,,8892.0,1380017701,0,69.2221799307595
Las Parejas,Las Parejas,-32.6833,-61.5333,Argentina,AR,ARG,Santa Fe,,12375.0,1032630210,1,80.08945359501735
Hosakote,Hosakote,14.2817,77.1742,India,IN,IND,Karnātaka,,16868.0,1356110096,2,72.03672445198924
Balzar,Balzar,-1.36,-79.9,Ecuador,EC,ECU,Guayas,minor,32744.0,1218257587,3,103.60940348238755
Aravankara,Aravankara,11.0745,75.9369,India,IN,IND,Kerala,,35534.0,1356979542,4,64.86662104724972
Kurume,Kurume,33.3192,130.5083,Japan,JP,JPN,Fukuoka,,302858.0,1392003184,5,82.16281790215265
Dobříš,Dobris,49.7811,14.1672,Czechia,CZ,CZE,Středočeský Kraj,,8867.0,1203853361,0,100.38473986165043
Myślibórz,Mysliborz,52.9333,14.8667,Poland,PL,POL,Zachodniopomorskie,minor,10649.0,1616407161,1,119.194669488516
Ritchie,Ritchie,-29.05,24.6,South Africa,ZA,ZAF,Northern Cape,,14850.0,1710291310,2,220.67196989356677
Carmel,Carmel,41.3899,-73.7239,United States,US,USA,New York,,33761.0,1840057833,3,73.3839187475883
Phenix City,Phenix City,32.4585,-85.0253,United States,US,USA,Alabama,,38477.0,1840006012,4,101.64672045567183
Shuangqiao,Shuangqiao,35.067,112.602,China,CN,CHN,Henan,minor,727265.0,1156968311,5,104.25011729215427
Ayotoxco de Guerrero,Ayotoxco de Guerrero,20.1,-97.4,Mexico,MX,MEX,Puebla,minor,8558.0,1484789379,0,117.698500550027
Ribeirão Bonito,Ribeirao Bonito,-22.0669,-48.1758,Brazil,BR,BRA,São Paulo,minor,10989.0,1076447966,1,94.64420560102866
Novoukrainka,Novoukrainka,48.3231,31.5242,Ukraine,UA,UKR,Kirovohradska Oblast,minor,16080.0,1804711566,2,85.74959227619973
Pelham,Pelham,33.3114,-86.7573,United States,US,USA,Alabama,,24510.0,1840014826,3,88.33120530365433
Cuizhuangzi,Cuizhuangzi,38.3237,116.446,China,CN,CHN,Hebei,,56096.0,1156955996,4,98.11346516391305
Higashi-Matsuyama,Higashi-Matsuyama,36.0422,139.3999,Japan,JP,JPN,Saitama,,91818.0,1392365792,5,69.88333757365467
Amtar,Amtar,35.2385,-4.7943,Morocco,MA,MAR,Tanger-Tétouan-Al Hoceïma,,8568.0,1504617084,0,69.18530564871375
Syston,Syston,52.7,-1.08,United Kingdom,GB,GBR,Leicestershire,,13619.0,1826679514,1,81.20555579644292
Eggenfelden,Eggenfelden,48.4039,12.7642,Germany,DE,DEU,Bavaria,,14439.0,1276543412,2,74.94947112336018
Sombrerete,Sombrerete,23.6333,-103.6397,Mexico,MX,MEX,Zacatecas,minor,21702.0,1484007324,3,93.8425680542706
Altınözü,Altinozu,36.1,36.23,Turkey,TR,TUR,Hatay,minor,60344.0,1792190808,4,68.57464186751085
Coatepeque,Coatepeque,14.7,-91.8667,Guatemala,GT,GTM,Quetzaltenango,minor,120737.0,1320672314,5,68.53843659122096
Le Passage,Le Passage,44.2025,0.6042,France,FR,FRA,Nouvelle-Aquitaine,,9360.0,1250772474,0,84.42079327135521
Nueva Helvecia,Nueva Helvecia,-34.2833,-57.2,Uruguay,UY,URY,Colonia,,10630.0,1858393787,1,88.3691109232402
Łask,Lask,51.5903,19.1333,Poland,PL,POL,Łódzkie,minor,16576.0,1616006477,2,75.98231711280856
Bocana de Paiwas,Bocana de Paiwas,12.7861,-85.1231,Nicaragua,NI,NIC,Costa Caribe Sur,minor,31762.0,1558901000,3,91.23622108750604
Grande Prairie,Grande Prairie,55.1708,-118.7947,Canada,CA,CAN,Alberta,,64141.0,1124505481,4,290.6438578473206
Naju,Naju,35.0333,126.7167,"Korea, South",KR,KOR,Jeonnam,minor,92582.0,1410651571,5,182.38170343370567
Ingré,Ingre,47.9211,1.825,France,FR,FRA,Centre-Val de Loire,,9838.0,1250221426,0,70.68928195612405
Dueville,Dueville,45.6333,11.55,Italy,IT,ITA,Veneto,,13576.0,1380919954,1,64.2825587874136
Castrovillari,Castrovillari,39.8167,16.2,Italy,IT,ITA,Calabria,,20821.0,1380393848,2,78.35875437649678
Udaipur,Udaipur,27.7289,75.4716,India,IN,IND,Rājasthān,,29236.0,1356373349,3,97.71323172127835
Freising,Freising,48.4028,11.7489,Germany,DE,DEU,Bavaria,minor,49939.0,1276519005,4,71.6991126101065
Osogbo,Osogbo,7.7667,4.5667,Nigeria,NG,NGA,Osun,admin,731000.0,1566395088,5,140.24868170292504
Castelnovo ne’ Monti,Castelnovo ne' Monti,44.4333,10.4,Italy,IT,ITA,Emilia-Romagna,,10294.0,1380855804,0,67.99550090190789
Cadale,Cadale,2.7603,46.3222,Somalia,SO,SOM,Shabeellaha Dhexe,,11600.0,1706665542,1,313.7012317873427
Raiyam,Raiyam,26.2702,86.2071,India,IN,IND,Bihār,,17204.0,1356921293,2,66.359974766181
Aloran,Aloran,8.4146,123.8228,Philippines,PH,PHL,Misamis Occidental,,27934.0,1608445813,3,72.28157469278081
Socorro,Socorro,31.6383,-106.2601,United States,US,USA,Texas,,36237.0,1840022136,4,381.72434152848393
Bottrop,Bottrop,51.5247,6.9228,Germany,DE,DEU,North Rhine-Westphalia,minor,118705.0,1276473363,5,78.71488812021626
Descanso,Descanso,-26.8247,-53.5018,Brazil,BR,BRA,Santa Catarina,minor,8530.0,1076993652,0,79.86257879281867
Cherutana Tekku,Cherutana Tekku,9.323,76.4382,India,IN,IND,Kerala,,12944.0,1356160876,1,65.21259161133855
Mennecy,Mennecy,48.5661,2.4369,France,FR,FRA,Île-de-France,,16071.0,1250666840,2,70.30296239751867
Burē,Bure,10.7,37.0667,Ethiopia,ET,ETH,Āmara,,25084.0,1231106866,3,188.46829211591228
Changyŏn,Changyon,38.2517,125.1021,"Korea, North",KP,PRK,Hwangnam,,48984.0,1408492703,4,73.17015433593292
Morādābād,Moradabad,28.8319,78.7764,India,IN,IND,Uttar Pradesh,,889810.0,1356269375,5,78.00133172354782
Mata-Utu,Mata-Utu,-13.2825,-176.1736,Wallis and Futuna,WF,WLF,Uvea,primary,1029.0,1876784844,0,778.3330842328702
Benoy,Benoy,8.9908,16.3169,Chad,TD,TCD,Logone Occidental,,12097.0,1148969711,1,165.233431587307
Dahé,Dahe,6.5167,1.95,Benin,BJ,BEN,Mono,,14622.0,1204007633,2,83.09035327113793
Voorschoten,Voorschoten,52.1333,4.45,Netherlands,NL,NLD,Zuid-Holland,minor,25650.0,1528045631,3,64.76171586045261
Kalingalan Caluang,Kalingalan Caluang,5.88,121.27,Philippines,PH,PHL,Sulu,,39549.0,1608192303,4,229.84009451168723
Uman,Uman,48.75,30.2167,Ukraine,UA,UKR,Cherkaska Oblast,minor,81525.0,1804670442,5,107.33252131685164
Cunupia,Cunupia,10.55,-61.3667,Trinidad and Tobago,TT,TTO,Chaguanas,,8768.0,1780256527,0,98.3863822750085
Rostraver,Rostraver,40.169,-79.8087,United States,US,USA,Pennsylvania,,11405.0,1840144128,1,178.45978903331996
Middle Smithfield,Middle Smithfield,41.0918,-75.1031,United States,US,USA,Pennsylvania,,16051.0,1840150869,2,83.08839191719396
East Windsor,East Windsor,40.2606,-74.5295,United States,US,USA,New Jersey,,29837.0,1840081654,3,67.58390660547394
Porsgrunn,Porsgrunn,59.1419,9.6568,Norway,NO,NOR,Vestfold og Telemark,minor,37056.0,1578150916,4,73.01493662067958
Stara Zagora,Stara Zagora,42.4333,25.65,Bulgaria,BG,BGR,Stara Zagora,admin,142746.0,1100903924,5,81.00119838469276
Bālāgām,Balagam,21.3694,70.0981,India,IN,IND,Gujarāt,,10000.0,1356790443,0,142.96784379389382
Dom Feliciano,Dom Feliciano,-30.7039,-52.1078,Brazil,BR,BRA,Rio Grande do Sul,minor,13051.0,1076532414,1,123.0544478443014
Sivandipuram,Sivandipuram,8.7811,77.3428,India,IN,IND,Tamil Nādu,,18241.0,1356214725,2,65.90298481209841
Mustang,Mustang,35.3917,-97.7246,United States,US,USA,Oklahoma,,21290.0,1840020421,3,69.03292781318463
Guanta,Guanta,10.2383,-64.5917,Venezuela,VE,VEN,Anzoátegui,minor,35000.0,1862441134,4,118.99497795945351
Uzhhorod,Uzhhorod,48.6239,22.295,Ukraine,UA,UKR,Zakarpatska Oblast,admin,115449.0,1804851697,5,66.30434373009167
Witu,Witu,-2.3796,40.43,Kenya,KE,KEN,Lamu,,5380.0,1404037095,0,260.04610809949105
Itainópolis,Itainopolis,-7.4469,-41.4783,Brazil,BR,BRA,Piauí,minor,11551.0,1076648651,1,85.91568652630477
Guachochi,Guachochi,26.8194,-107.07,Mexico,MX,MEX,Chihuahua,minor,14513.0,1484533430,2,224.96289293255225
Waldshut-Tiengen,Waldshut-Tiengen,47.6231,8.2144,Germany,DE,DEU,Baden-Württemberg,minor,25114.0,1276011078,3,65.57446276089752
Winneba,Winneba,5.35,-0.6333,Ghana,GH,GHA,Central,,55331.0,1288886612,4,74.83873411704506
Denov,Denov,38.2667,67.9,Uzbekistan,UZ,UZB,Surxondaryo,,78300.0,1860150082,5,87.99127883272065
Andribavontsona,Andribavontsona,-15.386,47.5011,Madagascar,MG,MDG,Mahajanga,,9000.0,1450250205,0,116.62610022103019
Al Jumaylīyah,Al Jumayliyah,25.6208,51.0819,Qatar,QA,QAT,Ash Shīḩānīyah,,13085.0,1634232373,1,154.62546392816822
Montornés del Vallés,Montornes del Valles,41.5333,2.2667,Spain,ES,ESP,Catalonia,,17089.0,1724726528,2,64.16833554388448
Nauāgarhi,Nauagarhi,25.3443,86.5358,India,IN,IND,Bihār,,31426.0,1356254225,3,69.79823941986463
Barranqueras,Barranqueras,-27.4833,-58.9333,Argentina,AR,ARG,Chaco,,54698.0,1032660007,4,90.75610600773929
Simões Filho,Simoes Filho,-12.7839,-38.4039,Brazil,BR,BRA,Bahia,minor,94066.0,1076003150,5,64.64550320137367
Atripalda,Atripalda,40.9167,14.8256,Italy,IT,ITA,Campania,,10367.0,1380784790,0,79.65364998304608
Sonakhal,Sonakhal,22.2125,88.7133,India,IN,IND,West Bengal,,10582.0,1356587924,1,65.33590610178203
Galanta,Galanta,48.1914,17.7308,Slovakia,SK,SVK,Trnava,minor,15277.0,1703120770,2,70.34633632482864
Had Sahary,Had Sahary,35.3517,3.3608,Algeria,DZ,DZA,Djelfa,,22277.0,1012260250,3,141.81150419928673
Ängelholm,Angelholm,56.25,12.8667,Sweden,SE,SWE,Skåne,minor,42131.0,1752870016,4,82.06919922244741
Kovrov,Kovrov,56.3683,41.3108,Russia,RU,RUS,Vladimirskaya Oblast’,minor,128879.0,1643110693,5,128.56145443951428
Troina,Troina,37.7833,14.6,Italy,IT,ITA,Sicilia,,8550.0,1380108043,0,94.6447871768477
Bernalda,Bernalda,40.4167,16.6833,Italy,IT,ITA,Basilicata,,11968.0,1380725968,1,69.2221799307595
Río Grande,Rio Grande,19.73,-70.8,Dominican Republic,DO,DOM,Cibao Norte,,20154.0,1214092035,2,70.4008340860098
Dehlorān,Dehloran,32.6892,47.2689,Iran,IR,IRN,Īlām,minor,32941.0,1364480030,3,134.6775236115844
Villaguay,Villaguay,-31.85,-59.0167,Argentina,AR,ARG,Entre Ríos,minor,49445.0,1032112502,4,124.34731534157817
Balsas,Balsas,-7.5325,-46.0356,Brazil,BR,BRA,Maranhão,minor,107767.0,1076067021,5,239.63392655935104
Boekenhouthoek,Boekenhouthoek,-25.303,29.015,South Africa,ZA,ZAF,Mpumalanga,,9166.0,1710855523,0,103.42357642887407
Mariánské Lázně,Marianske Lazne,49.9647,12.7011,Czechia,CZ,CZE,Karlovarský Kraj,,14225.0,1203682983,1,64.24212949423563
Whitewater,Whitewater,42.8372,-88.7341,United States,US,USA,Wisconsin,,15705.0,1840002476,2,75.34009426897083
Saint-Laurent-du-Maroni,Saint-Laurent-du-Maroni,5.4976,-54.0325,French Guiana,GF,GUF,,minor,24287.0,1254543638,3,830.0044878003977
Ambohibary,Ambohibary,-18.9075,48.2295,Madagascar,MG,MDG,Toamasina,,35923.0,1450987733,4,86.64209915806356
Puerto Maldonado,Puerto Maldonado,-12.6,-69.1833,Peru,PE,PER,Madre de Dios,admin,85024.0,1604871130,5,228.91101114566337
Bolokhovo,Bolokhovo,54.0833,37.8333,Russia,RU,RUS,Tul’skaya Oblast’,,9339.0,1643953673,0,143.51648069503736
Sukurhutu,Sukurhutu,23.4433,85.2917,India,IN,IND,Jhārkhand,,11650.0,1356177695,1,75.94106274204393
Math Lohiyār,Math Lohiyar,26.6247,84.7072,India,IN,IND,Bihār,,16119.0,1356692789,2,103.25739703343312
Vadnagar,Vadnagar,23.785,72.64,India,IN,IND,Gujarāt,,27790.0,1356242825,3,75.91076256963365
Goya,Goya,-29.1333,-59.25,Argentina,AR,ARG,Corrientes,minor,72304.0,1032251925,4,116.02887430389096
Bijāpur,Bijapur,16.83,75.71,India,IN,IND,Karnātaka,,327427.0,1356499139,5,96.09482710547522
Pedda Penki,Pedda Penki,18.5853,83.5069,India,IN,IND,Andhra Pradesh,,8507.0,1356194038,0,74.30933915788589
Notre-Dame-de-l'Île-Perrot,Notre-Dame-de-l'Ile-Perrot,45.3667,-73.9333,Canada,CA,CAN,Quebec,,11427.0,1124001191,1,66.63722865033587
Traverse City,Traverse City,44.7546,-85.6038,United States,US,USA,Michigan,,15491.0,1840003946,2,160.3993912221419
Chengam,Chengam,12.3112,78.7925,India,IN,IND,Tamil Nādu,,30654.0,1356084791,3,70.54008188020084
Wilrijk,Wilrijk,51.1667,4.3833,Belgium,BE,BEL,Flanders,,38319.0,1056856588,4,73.2068517274869
Guantánamo,Guantanamo,20.1383,-75.2061,Cuba,CU,CUB,Guantánamo,admin,228436.0,1192866062,5,140.02130229572376
Numto,Numto,63.6667,71.3333,Russia,RU,RUS,Khanty-Mansiyskiy Avtonomnyy Okrug-Yugra,,10.0,1643985006,0,229.99436725614999
Gajiginhālu,Gajiginhalu,15.6969,76.6647,India,IN,IND,Karnātaka,,10568.0,1356818124,1,85.90251993824477
Ntungamo,Ntungamo,-0.8819,30.2653,Uganda,UG,UGA,Ntungamo,admin,16400.0,1800042819,2,145.3562494577105
Miki,Miki,34.2667,134.1333,Japan,JP,JPN,Kagawa,,26859.0,1392000455,3,104.51846334410874
São Domingos do Maranhão,Sao Domingos do Maranhao,-5.5758,-44.385,Brazil,BR,BRA,Maranhão,minor,34034.0,1076192320,4,79.41943352541284
Dadukou,Dadukou,26.5824,101.7184,China,CN,CHN,Sichuan,minor,1212203.0,1156901342,5,143.61524169546982
Jankampet,Jankampet,18.7067,78.0233,India,IN,IND,Andhra Pradesh,,10284.0,1356799113,0,77.698982361133
Chikitigarh,Chikitigarh,19.2023,84.6145,India,IN,IND,Odisha,,14258.0,1356475209,1,77.39797613867417
İspir,Ispir,40.4836,40.9953,Turkey,TR,TUR,Erzurum,minor,14607.0,1792529316,2,68.26423501252012
Zagora,Zagora,30.3306,-5.8381,Morocco,MA,MAR,Drâa-Tafilalet,,26174.0,1504579638,3,108.43994278432997
Shima,Shima,34.3333,136.8333,Japan,JP,JPN,Mie,,45834.0,1392981052,4,82.62601906530752
Fargo,Fargo,46.8651,-96.8292,United States,US,USA,North Dakota,,225066.0,1840000177,5,203.2690317632556
Afumaţi,Afumati,44.525,26.2522,Romania,RO,ROU,Ilfov,,8748.0,1642945778,0,107.04237965796112
Ereymentaū,Ereymentau,51.6167,73.1,Kazakhstan,KZ,KAZ,Aqmola,minor,12518.0,1398103059,1,248.92761552402044
Gokarna,Gokarna,24.0541,88.1176,India,IN,IND,West Bengal,,16198.0,1356378146,2,108.55442134259494
Amatán,Amatan,17.3667,-92.8167,Mexico,MX,MEX,Chiapas,minor,24512.0,1484881501,3,170.55683533977387
Mambajao,Mambajao,9.25,124.72,Philippines,PH,PHL,Camiguin,admin,41094.0,1608281273,4,87.91642801381074
Usta Muhammad,Usta Muhammad,28.1783,68.0431,Pakistan,PK,PAK,Balochistan,,76753.0,1586111836,5,70.89125740238063
Mboki,Mboki,5.316,25.9571,Central African Republic,CF,CAF,Haut-Mbomou,,10000.0,1140277329,0,96.49296916002905
Luozi,Luozi,-4.948,14.133,Congo (Kinshasa),CD,COD,Kongo Central,,13855.0,1180949635,1,76.66575917336448
Shongzhy,Shongzhy,43.5417,79.4703,Kazakhstan,KZ,KAZ,Almaty,minor,17263.0,1398268525,2,156.21894844604137
Farkhor,Farkhor,37.5,69.4,Tajikistan,TJ,TJK,Khatlon,minor,25300.0,1762773904,3,65.50940031095266
Jeomchon,Jeomchon,36.6028,127.3042,"Korea, South",KR,KOR,Chungbuk,,46452.0,1410262248,4,111.72378746365527
Gubeng,Gubeng,-7.2729,112.7493,Indonesia,ID,IDN,Jawa Timur,,133900.0,1360012184,5,166.22965795354142
Portes-lès-Valence,Portes-les-Valence,44.8742,4.8769,France,FR,FRA,Auvergne-Rhône-Alpes,,10369.0,1250226611,0,72.10914819413726
Rio dos Cedros,Rio dos Cedros,-26.7378,-49.2739,Brazil,BR,BRA,Santa Catarina,minor,10865.0,1076000091,1,72.81953049224222
Mingjiujie,Mingjiujie,23.4561,103.6506,China,CN,CHN,Yunnan,,18555.0,1156341002,2,159.38759334907235
Banlung,Banlung,13.7394,106.9873,Cambodia,KH,KHM,Ratanakiri,admin,30399.0,1116605438,3,130.06700556275138
Vikārābād,Vikarabad,17.33,77.9,India,IN,IND,Andhra Pradesh,,53143.0,1356904767,4,79.91538686464345
Sa’ada,Sa'ada,31.621,-8.1303,Morocco,MA,MAR,Marrakech-Safi,,91903.0,1504926324,5,92.233618487088
San Lorenzo,San Lorenzo,14.0333,-89.7833,El Salvador,SV,SLV,Ahuachapán,,9194.0,1222167385,0,64.64724651998687
Hamilton,Hamilton,39.9432,-77.7327,United States,US,USA,Pennsylvania,,11412.0,1840147456,1,77.62532537706308
Bholsar,Bholsar,25.2133,87.2147,India,IN,IND,Bihār,,19327.0,1356304058,2,64.44544132863943
Tawsalun,Tawsalun,21.406,94.136,Burma,MM,MMR,Magway,,32865.0,1104589040,3,253.1923834965712
Nelamangala,Nelamangala,13.102,77.374,India,IN,IND,Karnātaka,,70393.0,1356943451,4,84.67720786515093
Ningbo,Ningbo,29.8603,121.6245,China,CN,CHN,Zhejiang,minor,4087523.0,1156170787,5,132.78082241554202
Souama,Souama,36.6417,4.3417,Algeria,DZ,DZA,Tizi Ouzou,,9954.0,1012240654,0,90.21087627373429
Onet Village,Onet Village,44.3664,2.5942,France,FR,FRA,Occitanie,,12062.0,1250700684,1,128.89031828526998
Scottsboro,Scottsboro,34.6438,-86.0491,United States,US,USA,Alabama,,15641.0,1840005605,2,82.41781379148499
Qiryat Shemona,Qiryat Shemona,33.2075,35.5697,Israel,IL,ISR,Northern,,23076.0,1376248603,3,73.30032425199799
Capivari,Capivari,-22.995,-47.5078,Brazil,BR,BRA,São Paulo,minor,53152.0,1076000098,4,80.90065647627317
Brăila,Braila,45.2692,27.9575,Romania,RO,ROU,Brăila,admin,154686.0,1642286806,5,73.3306262818726
Cowley,Cowley,51.528,-0.481,United Kingdom,GB,GBR,Hillingdon,,8776.0,1826903011,0,65.85056945858129
Malo Crniće,Malo Crnice,44.5667,21.2833,Serbia,RS,SRB,Malo Crniće,admin,11422.0,1688544172,1,71.67141445177694
Añisoc,Anisoc,1.85,10.7667,Equatorial Guinea,GQ,GNQ,Wele-Nzas,,16626.0,1226309663,2,69.63075229410721
Vilāchcheri,Vilachcheri,9.8937,78.0603,India,IN,IND,Tamil Nādu,,23077.0,1356236924,3,67.52825095153415
Remedios,Remedios,22.4922,-79.5458,Cuba,CU,CUB,Villa Clara,minor,45621.0,1192770696,4,91.50700215444273
Greenville,Greenville,35.5943,-77.376,United States,US,USA,North Carolina,,120595.0,1840013407,5,87.7810529078912
Ivanhoe,Ivanhoe,-32.9164,144.2994,Australia,AU,AUS,New South Wales,,162.0,1036571526,0,300.9537706724537
Oskaloosa,Oskaloosa,41.2922,-92.6404,United States,US,USA,Iowa,,11492.0,1840000650,1,64.74439974812431
Al Qbab,Al Qbab,32.7333,-5.5167,Morocco,MA,MAR,Béni Mellal-Khénifra,,14580.0,1504689479,2,69.15279368608637
Wang Nam Yen,Wang Nam Yen,13.5033,102.1812,Thailand,TH,THA,Sa Kaeo,minor,21301.0,1764123627,3,99.90705649788254
Bloomfield,Bloomfield,40.8098,-74.1869,United States,US,USA,New Jersey,,52974.0,1840131592,4,67.58390660547394
Türkistan,Turkistan,43.3019,68.2692,Kazakhstan,KZ,KAZ,Türkistan,admin,250000.0,1398398278,5,265.9787373597678
Covington,Covington,35.566,-89.6482,United States,US,USA,Tennessee,,8612.0,1840014547,0,145.37354397750218
Rayevskiy,Rayevskiy,54.0664,54.9358,Russia,RU,RUS,Bashkortostan,minor,12767.0,1643613500,1,168.69139694783178
Vīrapāndi,Virapandi,11.1723,76.9692,India,IN,IND,Tamil Nādu,,16888.0,1356122570,2,67.46692332412114
Flörsheim,Florsheim,50.0167,8.4333,Germany,DE,DEU,Hesse,,21751.0,1276463362,3,69.74831666788674
Porta Westfalica,Porta Westfalica,52.2167,8.9333,Germany,DE,DEU,North Rhine-Westphalia,,36300.0,1276426167,4,84.82575255503733
Muhanga,Muhanga,-2.0845,29.7527,Rwanda,RW,RWA,Southern Province,,319141.0,1646187395,5,117.76933050671371
Ban Charoen Mueang,Ban Charoen Mueang,19.6075,99.7547,Thailand,TH,THA,Chiang Rai,,8534.0,1764029573,0,65.8090592491395
Kannadiparamba,Kannadiparamba,11.935,75.403,India,IN,IND,Kerala,,13677.0,1356017554,1,76.103809442133
Montecatini Terme,Montecatini Terme,43.8828,10.7711,Italy,IT,ITA,Tuscany,,20690.0,1380958897,2,67.99550090190789
Ylöjärvi,Ylojarvi,61.55,23.5833,Finland,FI,FIN,Pirkanmaa,minor,33653.0,1246651024,3,155.15395458942774
Salinas,Salinas,-2.2167,-80.9501,Ecuador,EC,ECU,Guayas,,35066.0,1218838548,4,74.76906006324985
Niagara Falls,Niagara Falls,43.06,-79.1067,Canada,CA,CAN,Ontario,,94415.0,1124704011,5,104.92995981004627
Pińczów,Pinczow,50.5333,20.5333,Poland,PL,POL,Świętokrzyskie,minor,10078.0,1616074605,0,75.49068005986229
São João de Ver,Sao Joao de Ver,40.9536,-8.5508,Portugal,PT,PRT,Aveiro,,10579.0,1620357395,1,64.17052514872549
Lope de Vega,Lope de Vega,12.2983,124.6238,Philippines,PH,PHL,Northern Samar,,14690.0,1608016163,2,66.60150183080657
Qiaomaichuan,Qiaomaichuan,39.7866,113.8239,China,CN,CHN,Shanxi,,24233.0,1156487658,3,94.42456946120761
Whangarei,Whangarei,-35.725,174.3236,New Zealand,NZ,NZL,Northland,admin,50784.0,1554000636,4,125.68371617420817
Bayat,Bayat,40.5455,34.957,Turkey,TR,TUR,Çorum,,269595.0,1792014564,5,93.45759562332893
Gangapatnam,Gangapatnam,14.5237,80.1521,India,IN,IND,Andhra Pradesh,,8867.0,1356991878,0,118.68343754577691
Picaña,Picana,39.4361,-0.435,Spain,ES,ESP,Valencia,,11876.0,1724147430,1,67.79650330486429
Augusta,Augusta,44.3341,-69.7319,United States,US,USA,Maine,admin,18999.0,1840000302,2,191.2648093102306
Itarema,Itarema,-2.92,-39.915,Brazil,BR,BRA,Ceará,minor,30347.0,1076296454,3,124.51009604842329
Arankhola,Arankhola,24.6928,90.0806,Bangladesh,BD,BGD,Dhaka,,59895.0,1050000837,4,126.99759902219489
Curicó,Curico,-34.9833,-71.2333,Chile,CL,CHL,Maule,minor,136954.0,1152564798,5,97.04786232587789
Los Blancos,Los Blancos,-23.6,-62.6,Argentina,AR,ARG,Salta,,1145.0,1032336288,0,237.82795574876326
Uibaí,Uibai,-11.3369,-42.1328,Brazil,BR,BRA,Bahia,minor,13432.0,1076214416,1,91.1086915237615
San Isidro,San Isidro,12.9319,-86.1953,Nicaragua,NI,NIC,Matagalpa,minor,17412.0,1558059313,2,83.98920323644386
McNair,McNair,38.9513,-77.4115,United States,US,USA,Virginia,,22451.0,1840041794,3,78.18517339271237
Mechanicsville,Mechanicsville,37.6263,-77.3561,United States,US,USA,Virginia,,38437.0,1840006340,4,106.17504110554687
Darnah,Darnah,32.7648,22.6391,Libya,LY,LBY,Darnah,admin,90000.0,1434920152,5,334.8182181026534
Irshava,Irshava,48.3,23.05,Ukraine,UA,UKR,Zakarpatska Oblast,minor,9163.0,1804188148,0,66.30434373009167
Ələt,Alat,39.9483,49.4067,Azerbaijan,AZ,AZE,Bakı,,12600.0,1031947328,1,86.94464975685842
Bad Langensalza,Bad Langensalza,51.1081,10.6467,Germany,DE,DEU,Thuringia,,17338.0,1276854476,2,64.57808861618638
Manlio Fabio Altamirano,Manlio Fabio Altamirano,19.1003,-96.3411,Mexico,MX,MEX,Veracruz,minor,23918.0,1484739619,3,88.89521647367896
Nacaome,Nacaome,13.5325,-87.4881,Honduras,HN,HND,Valle,admin,57345.0,1340964186,4,87.18210011164818
Houmt Souk,Houmt Souk,33.8667,10.85,Tunisia,TN,TUN,Médenine,,84494.0,1788550812,5,224.37440728411065
Douar Ezzerarda,Douar Ezzerarda,34.7667,-5.8333,Morocco,MA,MAR,Rabat-Salé-Kénitra,,9249.0,1504537386,0,71.03833559787067
Capitão de Campos,Capitao de Campos,-4.4569,-41.9439,Brazil,BR,BRA,Piauí,minor,11100.0,1076683345,1,136.48780364740486
Rio Linda,Rio Linda,38.6875,-121.4417,United States,US,USA,California,,16951.0,1840018843,2,113.27504800423722
Kızılcahamam,Kizilcahamam,40.4697,32.6506,Turkey,TR,TUR,Ankara,minor,26872.0,1792787630,3,130.97765417849905
Águas Belas,Aguas Belas,-9.1167,-37.1167,Brazil,BR,BRA,Pernambuco,minor,41548.0,1076330876,4,95.55568766641252
Pleven,Pleven,43.4167,24.6167,Bulgaria,BG,BGR,Pleven,admin,119596.0,1100973719,5,121.94375488254747
Chiradzulu,Chiradzulu,-15.6746,35.1407,Malawi,MW,MWI,Chiradzulu,admin,1580.0,1454413713,0,97.34347044898271
Stjørdalshalsen,Stjordalshalsen,63.4667,10.9333,Norway,NO,NOR,Trøndelag,,13032.0,1578486368,1,284.37699923875874
Royston,Royston,52.0471,-0.0202,United Kingdom,GB,GBR,Hertfordshire,,17444.0,1826165038,2,65.85056945858129
Quedgeley,Quedgeley,51.825,-2.28,United Kingdom,GB,GBR,Gloucestershire,,22145.0,1826737414,3,67.38536934599287
Columbus,Columbus,39.2093,-85.9183,United States,US,USA,Indiana,,51104.0,1840013714,4,92.16349100203283
Scottsdale,Scottsdale,33.6872,-111.8651,United States,US,USA,Arizona,,242169.0,1840021940,5,130.3616585168287
Nandiyālam,Nandiyalam,12.9237,79.2635,India,IN,IND,Tamil Nādu,,9122.0,1356366942,0,85.1502754540309
Malkhaid,Malkhaid,17.195,77.1608,India,IN,IND,Karnātaka,,11180.0,1356531822,1,70.56009900009445
Vardannāpet,Vardannapet,17.7735,79.5731,India,IN,IND,Andhra Pradesh,,15787.0,1356141021,2,99.89000916296334
Guachavés,Guachaves,1.2219,-77.6772,Colombia,CO,COL,Nariño,minor,31856.0,1170755614,3,167.80500492810216
Aguilares,Aguilares,13.95,-89.1833,El Salvador,SV,SLV,San Salvador,,73300.0,1222041807,4,65.39687249145823
Eastbourne,Eastbourne,50.77,0.28,United Kingdom,GB,GBR,East Sussex,,101547.0,1826356320,5,91.54385140741692
Embalse,Embalse,-32.1833,-64.4167,Argentina,AR,ARG,Córdoba,,9660.0,1032017911,0,76.64986291364762
Mixtla de Altamirano,Mixtla de Altamirano,18.6,-97.0,Mexico,MX,MEX,Veracruz,minor,11646.0,1484655126,1,88.89521647367896
Glória,Gloria,-9.3389,-38.2569,Brazil,BR,BRA,Bahia,,15524.0,1076000836,2,81.59061886819987
Dabaga,Dabaga,17.2682,8.1012,Niger,NE,NER,Agadez,,23969.0,1562964626,3,401.5505015580707
Kashima,Kashima,35.9656,140.6448,Japan,JP,JPN,Ibaraki,,67001.0,1392346235,4,94.62926705245708
Yanggao,Yanggao,21.3298,109.9177,China,CN,CHN,Guangdong,,80681.0,1156228848,5,168.8951191520862
Tamworth,Tamworth,-31.0833,150.9167,Australia,AU,AUS,New South Wales,,180.0,1036233388,0,95.46226868461447
Crestwood,Crestwood,41.6454,-87.7397,United States,US,USA,Illinois,,10622.0,1840011267,1,72.66003211689738
Aburi,Aburi,5.8472,-0.1775,Ghana,GH,GHA,Eastern,,18701.0,1288664364,2,74.83873411704506
Paripiranga,Paripiranga,-10.6875,-37.8617,Brazil,BR,BRA,Bahia,minor,29058.0,1076083044,3,87.26103609057314
Tilingzhai,Tilingzhai,40.1317,118.6731,China,CN,CHN,Hebei,,35197.0,1156620851,4,70.24241611356118
Anapa,Anapa,44.8944,37.3167,Russia,RU,RUS,Krasnodarskiy Kray,minor,85747.0,1643287068,5,147.5948965348247
Castelletto sopra Ticino,Castelletto sopra Ticino,45.7167,8.6333,Italy,IT,ITA,Piedmont,,9820.0,1380975237,0,83.86643823977822
Dattapulia,Dattapulia,23.24,88.7058,India,IN,IND,West Bengal,,13562.0,1356802865,1,98.38046396554958
Fontaine-l’Évêque,Fontaine-l'Eveque,50.4092,4.3242,Belgium,BE,BEL,Wallonia,,17801.0,1056623225,2,76.1801220372919
Radebeul,Radebeul,51.1,13.65,Germany,DE,DEU,Saxony,,33804.0,1276277969,3,76.58704405692265
Brumadinho,Brumadinho,-20.1428,-44.2,Brazil,BR,BRA,Minas Gerais,minor,38915.0,1076272564,4,71.39727354112414
Armenia,Armenia,4.53,-75.68,Colombia,CO,COL,Quindío,admin,301226.0,1170398459,5,104.37284877073742
Opglabbeek,Opglabbeek,51.0434,5.5835,Belgium,BE,BEL,Flanders,,10403.0,1056213359,0,65.68521631714965
Efatsy-Anandroza,Efatsy-Anandroza,-23.1146,47.6073,Madagascar,MG,MDG,Fianarantsoa,,11000.0,1450536515,1,82.22022612813086
Serafina Corêa,Serafina Corea,-28.7119,-51.935,Brazil,BR,BRA,Rio Grande do Sul,minor,16961.0,1076410679,2,95.78144661456865
Ashtarak,Ashtarak,40.2975,44.3617,Armenia,AM,ARM,Aragatsotn,admin,21600.0,1051714712,3,118.78249944191103
La Estrella,La Estrella,6.1667,-75.6667,Colombia,CO,COL,Antioquia,minor,71545.0,1170386533,4,70.51909044666954
Lopez,Lopez,13.884,122.2604,Philippines,PH,PHL,Quezon,,94657.0,1608026330,5,93.82349500270891
Rîşcani,Riscani,47.9572,27.5539,Moldova,MD,MDA,Rîşcani,admin,9259.0,1498650340,0,139.62396907992215
Amborompotsy,Amborompotsy,-24.6791,44.9507,Madagascar,MG,MDG,Toliara,,13000.0,1450600717,1,69.50947005415162
Auburn,Auburn,42.1972,-71.8453,United States,US,USA,Massachusetts,,16840.0,1840053684,2,78.58198412246594
Caaporã,Caapora,-7.5158,-34.9078,Brazil,BR,BRA,Paraíba,minor,21193.0,1076003332,3,112.86722966094513
Tammampatti,Tammampatti,11.4381,78.4836,India,IN,IND,Tamil Nādu,,35804.0,1356881648,4,72.89170776497097
Al Mukallā,Al Mukalla,14.5333,49.1333,Yemen,YE,YEM,Ḩaḑramawt,admin,594951.0,1887202594,5,680.9110032029615
Fasintsara,Fasintsara,-20.7165,47.6908,Madagascar,MG,MDG,Fianarantsoa,,10377.0,1450084613,0,71.92442575117425
Jiuduhe,Jiuduhe,40.3594,116.4539,China,CN,CHN,Beijing,,12533.0,1156052209,1,91.94012803184597
Nopala de Villagran,Nopala de Villagran,20.2528,-99.6433,Mexico,MX,MEX,Hidalgo,,15099.0,1484987808,2,69.10149816576465
Akouda,Akouda,35.8714,10.5697,Tunisia,TN,TUN,Sousse,,31938.0,1788415117,3,109.33187230969999
Bel-Air,Bel-Air,14.5639,121.0263,Philippines,PH,PHL,Makati,,36007.0,1608102267,4,75.24386061207676
Uacu Cungo,Uacu Cungo,-11.3583,15.1194,Angola,AO,AGO,Cuanza-Sul,,225520.0,1024677127,5,180.93208872258737
Lontra,Lontra,-15.9073,-44.3038,Brazil,BR,BRA,Minas Gerais,minor,8790.0,1076073115,0,65.78971844925873
Urcos,Urcos,-13.6861,-71.6228,Peru,PE,PER,Cusco,,10614.0,1604757460,1,187.60730000670364
Shāhkot,Shahkot,31.08,75.34,India,IN,IND,Punjab,,16844.0,1356058575,2,96.75829481286559
Kusapín,Kusapin,9.18,-81.89,Panama,PA,PAN,Ngäbe-Buglé,minor,33121.0,1591073084,3,256.2278662626759
Al Quşayr,Al Qusayr,34.5078,36.5803,Syria,SY,SYR,Ḩimş,minor,46772.0,1760157542,4,103.03712141644878
Xinyang,Xinyang,32.149,114.091,China,CN,CHN,Henan,,6109106.0,1156273453,5,166.62878207782924
Asuke,Asuke,35.134,137.1454,Japan,JP,JPN,Aichi,,9699.0,1392272981,0,65.44130460405228
Săcueni,Sacueni,47.3525,22.0914,Romania,RO,ROU,Bihor,,10720.0,1642478221,1,99.51356117627745
Patar,Patar,40.3333,70.45,Tajikistan,TJ,TJK,Sughd,,17870.0,1762922189,2,94.70380196609723
Hanahan,Hanahan,32.9302,-80.0027,United States,US,USA,South Carolina,,21119.0,1840014256,3,102.34522732045049
Santiago Atitlán,Santiago Atitlan,14.6333,-91.2333,Guatemala,GT,GTM,Sololá,minor,44854.0,1320947677,4,64.07866955414715
Kanata,Kanata,45.3333,-75.9,Canada,CA,CAN,Ontario,,137118.0,1124008510,5,78.19336384069224
Shadrinsk,Shadrinsk,56.1333,63.65,Russia,RU,RUS,Kurganskaya Oblast’,minor,817.0,1643030252,0,171.94314912348767
Kimpese,Kimpese,-5.5631,14.4458,Congo (Kinshasa),CD,COD,Kongo Central,,10578.0,1180273961,1,76.66575917336448
Jovellar,Jovellar,13.07,123.6,Philippines,PH,PHL,Albay,,17795.0,1608200196,2,75.31981758292093
Eshtehārd,Eshtehard,35.725,50.365,Iran,IR,IRN,Alborz,minor,29993.0,1364749382,3,68.89232888671879
El‘ad,El`ad,32.0523,34.9512,Israel,IL,ISR,Central,,48763.0,1376486332,4,76.29283184677368
Ludwigsburg,Ludwigsburg,48.8975,9.1922,Germany,DE,DEU,Baden-Württemberg,minor,94859.0,1276803720,5,80.77098624613453
Nivala,Nivala,63.925,24.975,Finland,FI,FIN,Pohjois-Pohjanmaa,minor,10454.0,1246609695,0,87.80772227461868
Calçado,Calcado,-8.7419,-36.3339,Brazil,BR,BRA,Pernambuco,minor,11093.0,1076615496,1,66.40752734896047
Fundão,Fundao,-19.9328,-40.4069,Brazil,BR,BRA,Espírito Santo,minor,18014.0,1076953629,2,78.6136867049537
Elói Mendes,Eloi Mendes,-21.61,-45.565,Brazil,BR,BRA,Minas Gerais,minor,26336.0,1076184209,3,76.97404008366074
Barrow in Furness,Barrow in Furness,54.1108,-3.2261,United Kingdom,GB,GBR,Cumbria,,55489.0,1826352599,4,68.99981156486506
Thandwe,Thandwe,18.4667,94.3667,Burma,MM,MMR,Rakhine State,,133484.0,1104527465,5,134.19846519408173
Fern Park,Fern Park,28.6485,-81.3458,United States,US,USA,Florida,,8593.0,1840014068,0,65.02133139210721
Isla Mujeres,Isla Mujeres,21.2333,-86.7333,Mexico,MX,MEX,Quintana Roo,minor,12642.0,1484856745,1,76.1034385924388
Kenora,Kenora,49.7667,-94.4833,Canada,CA,CAN,Ontario,,14967.0,1124844807,2,289.7635338733865
Wolfsberg,Wolfsberg,46.85,14.8333,Austria,AT,AUT,Kärnten,minor,25035.0,1040360550,3,88.39241663884165
Kurtalan,Kurtalan,37.9261,41.7003,Turkey,TR,TUR,Siirt,minor,36273.0,1792384710,4,83.39685016594036
Pilar,Pilar,-34.45,-58.9167,Argentina,AR,ARG,Buenos Aires,minor,81120.0,1032712196,5,64.76690815060162
Fairfield,Fairfield,41.0064,-91.9667,United States,US,USA,Iowa,,9438.0,1840000887,0,64.74439974812431
Mŭynoq,Muynoq,43.7667,59.0333,Uzbekistan,UZ,UZB,Qoraqalpog‘iston,,13500.0,1860204414,1,126.38235962138202
Peto,Peto,20.1256,-88.9214,Mexico,MX,MEX,Yucatán,,19821.0,1484013411,2,109.97832668206557
Karuvakulam,Karuvakulam,9.7605,77.2205,India,IN,IND,Kerala,,30473.0,1356231121,3,67.85046443789263
Nimule,Nimule,3.6,32.05,South Sudan,SS,SSD,Eastern Equatoria,,45000.0,1728476966,4,122.8068070018469
Lokoja,Lokoja,7.8019,6.7442,Nigeria,NG,NGA,Kogi,admin,692050.0,1566772925,5,140.14142410064153
Nyazepetrovsk,Nyazepetrovsk,56.05,59.6,Russia,RU,RUS,Chelyabinskaya Oblast’,minor,10198.0,1643877254,0,120.92102414004354
Miarinarivo,Miarinarivo,-16.62,48.2446,Madagascar,MG,MDG,Toamasina,,14000.0,1450574333,1,87.88456249518345
Tejuçuoca,Tejucuoca,-3.9889,-39.5808,Brazil,BR,BRA,Ceará,minor,17154.0,1076859044,2,103.77305128439447
Jabonga,Jabonga,9.3431,125.5156,Philippines,PH,PHL,Agusan del Norte,,24855.0,1608225880,3,75.19629191444047
San Juan del Cesar,San Juan del Cesar,10.7667,-73.0,Colombia,CO,COL,La Guajira,minor,39472.0,1170398526,4,138.3305858733066
Valsād,Valsad,20.61,72.926,India,IN,IND,Gujarāt,,170060.0,1356306193,5,65.58812930543343
Tajarhī,Tajarhi,24.2622,14.5603,Libya,LY,LBY,Murzuq,,1496.0,1434443909,0,265.1145486910697
Beni Abbès,Beni Abbes,30.08,-2.1,Algeria,DZ,DZA,Béni Abbès,admin,10885.0,1012633792,1,252.71675302854027
Lennox,Lennox,33.938,-118.3586,United States,US,USA,California,,20289.0,1840017923,2,78.40971474230813
Vertou,Vertou,47.1689,-1.4697,France,FR,FRA,Pays de la Loire,,26048.0,1250277528,3,73.9323227281147
Fredrikstad,Fredrikstad,59.2181,10.9298,Norway,NO,NOR,Viken,minor,63610.0,1578625656,4,73.01493662067958
Northcote,Northcote,-36.8019,174.7494,New Zealand,NZ,NZL,Auckland,,205605.0,1554717659,5,125.68371617420817
Funadhoo,Funadhoo,6.1482,73.29,Maldives,MV,MDV,Miladhunmadulu Uthuruburi,admin,2104.0,1462657112,0,118.64732277072378
Kodinsk,Kodinsk,58.6833,99.1833,Russia,RU,RUS,Krasnoyarskiy Kray,minor,13324.0,1643232820,1,319.9679993970975
Chelak,Chelak,39.9203,66.8611,Uzbekistan,UZ,UZB,Samarqand,,20800.0,1860308280,2,79.76055734480651
Asheboro,Asheboro,35.7158,-79.8127,United States,US,USA,North Carolina,,27353.0,1840013400,3,94.45790914131052
Caacupé,Caacupe,-25.387,-57.14,Paraguay,PY,PRY,Cordillera,admin,56864.0,1600095784,4,81.57224801314852
Kalpitiya,Kalpitiya,8.2372,79.7628,Sri Lanka,LK,LKA,North Western,,86405.0,1144067438,5,126.85930040338172
Sicasica,Sicasica,-17.3333,-67.7333,Bolivia,BO,BOL,La Paz,,3831.0,1068066667,0,167.11693362884688
Fulton,Fulton,43.3171,-76.4167,United States,US,USA,New York,,11339.0,1840000347,1,115.08876522016358
Mastchoh,Mastchoh,40.3667,69.3333,Tajikistan,TJ,TJK,Sughd,,16401.0,1762426354,2,79.90926201262363
Renigunta,Renigunta,13.65,79.52,India,IN,IND,Andhra Pradesh,,26031.0,1356090944,3,78.67785818661469
Medak,Medak,18.046,78.263,India,IN,IND,Andhra Pradesh,,44255.0,1356054282,4,72.2097232729387
Astrakhan,Astrakhan,46.35,48.035,Russia,RU,RUS,Astrakhanskaya Oblast’,admin,465524.0,1643407929,5,308.30804937107445
Fuerte Olimpo,Fuerte Olimpo,-21.0696,-57.9,Paraguay,PY,PRY,Alto Paraguay,admin,4498.0,1600444658,0,190.01995361793013
Ziyodin Shaharchasi,Ziyodin Shaharchasi,40.0342,65.6547,Uzbekistan,UZ,UZB,Samarqand,minor,11610.0,1860117701,1,103.57227587500043
Sedeh Lanjān,Sedeh Lanjan,32.3786,51.3178,Iran,IR,IRN,Eşfahān,,17335.0,1364171855,2,72.2395706565508
Ljubuški,Ljubuski,43.1981,17.5467,Bosnia and Herzegovina,BA,BIH,"Bosnia and Herzegovina, Federation of",minor,28184.0,1070105515,3,124.47940901808714
Turmero,Turmero,10.2283,-67.4725,Venezuela,VE,VEN,Aragua,minor,51235.0,1862335549,4,315.2360443039377
Apartadó,Apartado,7.8833,-76.6333,Colombia,CO,COL,Antioquia,minor,121003.0,1170483593,5,124.25702593291356
Mwatate,Mwatate,-3.505,38.3772,Kenya,KE,KEN,Taita/Taveta,admin,5551.0,1404648092,0,260.04610809949105
Beloozërskiy,Beloozerskiy,55.4589,38.4411,Russia,RU,RUS,Moskovskaya Oblast’,,13455.0,1643491121,1,116.36566884255339
Barranco de Loba,Barranco de Loba,8.95,-74.1167,Colombia,CO,COL,Bolívar,minor,14435.0,1170730052,2,109.97313155622447
Mondovì,Mondovi,44.3833,7.8167,Italy,IT,ITA,Piedmont,,22040.0,1380965042,3,89.32813089989558
Pikesville,Pikesville,39.3893,-76.702,United States,US,USA,Maryland,,34253.0,1840005687,4,78.18517339271237
Huozhou,Huozhou,36.569,111.7551,China,CN,CHN,Shanxi,,272987.0,1156917368,5,116.68504140989091
Gangājalghāti,Gangajalghati,23.42,87.12,India,IN,IND,West Bengal,,8708.0,1356470216,0,90.32636785567163
Bernardo de Irigoyen,Bernardo de Irigoyen,-26.25,-53.9833,Argentina,AR,ARG,Misiones,minor,10889.0,1032306627,1,79.86257879281867
Mata Roma,Mata Roma,-3.625,-43.1108,Brazil,BR,BRA,Maranhão,minor,17090.0,1076418048,2,140.50447452801447
Forquilhinha,Forquilhinha,-28.7469,-49.4719,Brazil,BR,BRA,Santa Catarina,minor,31431.0,1076176111,3,90.23346657900743
Mahādeopur,Mahadeopur,18.7316,79.9837,India,IN,IND,Andhra Pradesh,,38451.0,1356631182,4,107.27629504354184
Oakland,Oakland,37.7904,-122.2166,United States,US,USA,California,,438072.0,1840020296,5,74.88497488593666
Villa de Guadalupe,Villa de Guadalupe,23.3667,-100.75,Mexico,MX,MEX,San Luis Potosí,minor,9277.0,1484900401,0,132.92337629793317
Sukma,Sukma,18.4,81.6667,India,IN,IND,Chhattīsgarh,,13926.0,1356025856,1,118.78681684145327
Makurazaki,Makurazaki,31.2731,130.2969,Japan,JP,JPN,Kagoshima,,19817.0,1392003174,2,89.80274650425255
Montigny-lès-Metz,Montigny-les-Metz,49.1006,6.1539,France,FR,FRA,Grand Est,,21869.0,1250863295,3,79.26590053044556
Yuchengcun,Yuchengcun,23.5633,116.2691,China,CN,CHN,Guangdong,,43983.0,1156756753,4,67.44601508678937
State College,State College,40.7909,-77.8567,United States,US,USA,Pennsylvania,,79803.0,1840000830,5,94.84364584029709
Morinville,Morinville,53.8022,-113.6497,Canada,CA,CAN,Alberta,,10385.0,1124322535,0,365.399144090107
Amherst,Amherst,41.4022,-82.2303,United States,US,USA,Ohio,,12796.0,1840000640,1,79.4829937771122
Asthānwān,Asthanwan,25.2215,85.6262,India,IN,IND,Bihār,,15486.0,1356091403,2,66.58905146629385
Kupiansk,Kupiansk,49.7167,37.5833,Ukraine,UA,UKR,Kharkivska Oblast,minor,26627.0,1804300255,3,65.74636313223097
Gangārāmpur,Gangarampur,25.4,88.52,India,IN,IND,West Bengal,,56217.0,1356994707,4,68.45100992001696
Mijas,Mijas,36.6,-4.6333,Spain,ES,ESP,Andalusia,,93302.0,1724011980,5,104.66237787696464
Bohinjska Bistrica,Bohinjska Bistrica,46.2742,13.9524,Slovenia,SI,SVN,Bohinj,admin,1767.0,1705094350,0,70.28858157384126
Kotturu,Kotturu,17.2958,82.4752,India,IN,IND,Andhra Pradesh,,12661.0,1356490582,1,104.41055657957473
Palhālan,Palhalan,34.1823,74.5506,India,IN,IND,Jammu and Kashmīr,,15540.0,1356145709,2,82.23538485567398
Oisterwijk,Oisterwijk,51.5833,5.2,Netherlands,NL,NLD,Noord-Brabant,minor,32373.0,1528135071,3,65.68521631714965
Arāmbāgh,Arambagh,22.88,87.78,India,IN,IND,West Bengal,,66175.0,1356169521,4,69.34622142156094
Guri,Guri,37.6,127.15,"Korea, South",KR,KOR,Gyeonggi,,180063.0,1410478813,5,111.72378746365527
Nödinge-Nol,Nodinge-Nol,57.9,12.0667,Sweden,SE,SWE,Västra Götaland,,9822.0,1752000147,0,80.90246277570542
Chêne-Bougeries,Chene-Bougeries,46.1833,6.1833,Switzerland,CH,CHE,Genève,,12215.0,1756147685,1,72.10592672649948
Cumbum,Cumbum,15.5667,79.1167,India,IN,IND,Andhra Pradesh,,15169.0,1356391649,2,92.45896425656055
Makó,Mako,46.22,20.4789,Hungary,HU,HUN,Csongrád-Csanád,minor,21759.0,1348716786,3,79.40597695714666
Inongo,Inongo,-1.95,18.2667,Congo (Kinshasa),CD,COD,Mai-Ndombe,admin,45159.0,1180194164,4,265.59781760241657
Toyomamachi-teraike,Toyomamachi-teraike,38.6918,141.1877,Japan,JP,JPN,Miyagi,,77897.0,1392470544,5,64.31944796822135
Marādah,Maradah,29.2337,19.2166,Libya,LY,LBY,Al Wāḩāt,,2229.0,1434000794,0,113.6646213996204
Oncativo,Oncativo,-31.9167,-63.6667,Argentina,AR,ARG,Córdoba,,13180.0,1032751442,1,68.49363601854192
Jakkampālaiyam,Jakkampalaiyam,10.5264,77.2884,India,IN,IND,Tamil Nādu,,16127.0,1356170346,2,70.90649587069828
Ryde,Ryde,50.7271,-1.1618,United Kingdom,GB,GBR,Isle of Wight,,24100.0,1826600816,3,71.95749608899813
La Paz,La Paz,14.3234,-87.6832,Honduras,HN,HND,La Paz,admin,43980.0,1340290947,4,80.56085030431487
Garhi,Garhi,28.6317,77.3186,India,IN,IND,Uttar Pradesh,,75544.0,1356249734,5,77.58730880330143
Guia Lopes da Laguna,Guia Lopes da Laguna,-21.4578,-56.1142,Brazil,BR,BRA,Mato Grosso do Sul,minor,9824.0,1076661198,0,190.01995361793013
Thong Pha Phum,Thong Pha Phum,14.7382,98.632,Thailand,TH,THA,Kanchanaburi,minor,14141.0,1764883114,1,165.72690212958457
Ibigawa,Ibigawa,35.4873,136.5686,Japan,JP,JPN,Gifu,,19519.0,1392003088,2,65.44130460405228
Alushta,Alushta,44.6672,34.3978,Ukraine,UA,UKR,"Krym, Avtonomna Respublika",,29078.0,1804773543,3,231.74827699663805
Date,Date,37.8191,140.563,Japan,JP,JPN,Fukushima,,59625.0,1392089091,4,97.90787795832298
Telde,Telde,27.9833,-15.4167,Spain,ES,ESP,Canary Islands,,102769.0,1724281666,5,105.0152895557652
Jisrayn,Jisrayn,33.5105,36.3887,Syria,SY,SYR,Rīf Dimashq,,9442.0,1760312917,0,83.19190951201968
Perigi Dua,Perigi Dua,-6.2656,106.6969,Indonesia,ID,IDN,Jawa Barat,,12859.0,1360121501,1,335.1666756333499
Bagou,Bagou,10.8147,2.7164,Benin,BJ,BEN,Alibori,,20631.0,1204993446,2,70.29910015283087
Gyêgu,Gyegu,33.0166,96.7333,China,CN,CHN,Qinghai,minor,23000.0,1156604060,3,219.2273094112735
Halvad,Halvad,23.02,71.18,India,IN,IND,Gujarāt,,61247.0,1356123243,4,105.4472599998329
Kajang,Kajang,2.9927,101.7909,Malaysia,MY,MYS,Selangor,,236240.0,1458690147,5,137.09207777410023
Valky,Valky,49.8333,35.6167,Ukraine,UA,UKR,Kharkivska Oblast,,10381.0,1804819263,0,76.71934488666075
Trubchevsk,Trubchevsk,52.5667,33.7667,Russia,RU,RUS,Bryanskaya Oblast’,,13287.0,1643481460,1,168.36027158152027
Ban Bo Haeo,Ban Bo Haeo,18.3048,99.4657,Thailand,TH,THA,Lampang,,18777.0,1764536818,2,72.35514986946278
Środa Wielkopolska,Sroda Wielkopolska,52.2333,17.2833,Poland,PL,POL,Wielkopolskie,minor,24225.0,1616107812,3,74.13818408546638
Mozdok,Mozdok,43.7333,44.7,Russia,RU,RUS,North Ossetia,minor,35662.0,1643138287,4,107.21859662461925
Zielona Góra,Zielona Gora,51.9333,15.5,Poland,PL,POL,Lubuskie,admin,216781.0,1616050904,5,82.35081653533744
Olifantshoek,Olifantshoek,-27.9333,22.7333,South Africa,ZA,ZAF,Northern Cape,,10233.0,1710366238,0,156.31009704318257
Dalkeith,Dalkeith,55.8958,-3.0583,United Kingdom,GB,GBR,Midlothian,,13400.0,1826152382,1,95.3524026098221
Getúlio Vargas,Getulio Vargas,-27.89,-52.2278,Brazil,BR,BRA,Rio Grande do Sul,minor,16602.0,1076576171,2,95.78144661456865
Chandili,Chandili,19.2467,83.4058,India,IN,IND,Odisha,,24664.0,1356355786,3,74.30933915788589
Tuxpan,Tuxpan,19.5539,-103.3756,Mexico,MX,MEX,Jalisco,minor,37518.0,1484236445,4,103.58924151456566
Cantonment,Cantonment,31.5167,74.3833,Pakistan,PK,PAK,Punjab,,374872.0,1586338974,5,66.1928346013669
Coriano,Coriano,43.9691,12.6006,Italy,IT,ITA,Emilia-Romagna,,10418.0,1380789233,0,91.56464830304883
Sondho Dullāh,Sondho Dullah,25.9016,85.3569,India,IN,IND,Bihār,,11951.0,1356118415,1,80.30374504100855
Harlingen,Harlingen,53.1736,5.4272,Netherlands,NL,NLD,Fryslân,minor,15822.0,1528687785,2,69.00924208158078
Thundersley,Thundersley,51.57,0.59,United Kingdom,GB,GBR,Essex,,24800.0,1826836917,3,67.63366180152683
Rio Real,Rio Real,-11.4833,-37.9344,Brazil,BR,BRA,Bahia,minor,35362.0,1076770840,4,88.84392620837703
Sukkur,Sukkur,27.7061,68.8483,Pakistan,PK,PAK,Sindh,minor,499900.0,1586383591,5,64.88782618922592
Henderson,Henderson,-36.2833,-61.7167,Argentina,AR,ARG,Buenos Aires,minor,9585.0,1032715747,0,80.54025315982337
Singuilucan,Singuilucan,19.9675,-98.5178,Mexico,MX,MEX,Hidalgo,minor,13143.0,1484024966,1,79.28283893302321
Bilpura,Bilpura,23.2216,79.9917,India,IN,IND,Madhya Pradesh,,15601.0,1356052061,2,72.48719907192387
Voznesensk,Voznesensk,47.5667,31.3,Ukraine,UA,UKR,Mykolaivska Oblast,minor,33442.0,1804117559,3,85.74959227619973
Amla,Amla,21.9248,78.1279,India,IN,IND,Madhya Pradesh,,39009.0,1356126635,4,77.60695637473088
Catchiungo,Catchiungo,-12.5667,16.2333,Angola,AO,AGO,Huambo,,120677.0,1024414170,5,180.93208872258737
Sūlagiri,Sulagiri,12.6645,78.0134,India,IN,IND,Tamil Nādu,,10121.0,1356425553,0,84.67720786515093
Ibiraci,Ibiraci,-20.4619,-47.1219,Brazil,BR,BRA,Minas Gerais,minor,10948.0,1076264003,1,118.51970262680345
Timissa,Timissa,13.8228,-4.2078,Mali,ML,MLI,Ségou,,14829.0,1466100201,2,81.40042497176785
Nísia Floresta,Nisia Floresta,-6.0908,-35.2089,Brazil,BR,BRA,Rio Grande do Norte,minor,31942.0,1076637133,3,74.23790697854317
Houlong,Houlong,24.6167,120.7833,Taiwan,TW,TWN,Miaoli,,34355.0,1158090050,4,126.64283526752608
San Rafael,San Rafael,-34.6,-68.3333,Argentina,AR,ARG,Mendoza,minor,215020.0,1032221516,5,268.2168928281342
Paramé,Parame,48.6603,-1.9792,France,FR,FRA,Bretagne,,8811.0,1250060725,0,104.59882343572549
El Ançor,El Ancor,35.6833,-0.8667,Algeria,DZ,DZA,Oran,,11469.0,1012598945,1,85.7238432623092
Revūr,Revur,16.8216,79.9926,India,IN,IND,Andhra Pradesh,,15041.0,1356950387,2,71.63623544031903
Winter Gardens,Winter Gardens,32.8376,-116.9268,United States,US,USA,California,,22003.0,1840019351,3,104.25974663897502
North Little Rock,North Little Rock,34.7807,-92.2371,United States,US,USA,Arkansas,,64504.0,1840014632,4,146.12411817719638
Botād,Botad,22.17,71.67,India,IN,IND,Gujarāt,,130302.0,1356518433,5,107.06823603843128
Togou,Togou,13.5911,-5.9981,Mali,ML,MLI,Ségou,,8987.0,1466511755,0,106.73440065553152
Ndélé,Ndele,8.4092,20.6531,Central African Republic,CF,CAF,Bamingui-Bangoran,admin,13704.0,1140271951,1,236.39121307110892
Bolivia,Bolivia,22.075,-78.3503,Cuba,CU,CUB,Ciego de Ávila,minor,15055.0,1192406744,2,131.4624796176328
Ostrov,Ostrov,57.35,28.35,Russia,RU,RUS,Pskovskaya Oblast’,minor,20923.0,1643602961,3,149.6024323591792
Brookhaven,Brookhaven,33.8743,-84.3314,United States,US,USA,Georgia,,57224.0,1840029224,4,73.3110314871681
Grand Junction,Grand Junction,39.0877,-108.5673,United States,US,USA,Colorado,,141008.0,1840020230,5,333.9633080385058
Chak Thathi,Chak Thathi,30.3701,73.2215,Pakistan,PK,PAK,Punjab,,8535.0,1586011348,0,95.67900399976021
Blandford Forum,Blandford Forum,50.856,-2.165,United Kingdom,GB,GBR,Dorset,,10607.0,1826579765,1,71.95749608899813
Whickham,Whickham,54.946,-1.6761,United Kingdom,GB,GBR,Gateshead,,16652.0,1826888408,2,136.47866954439192
Demnat,Demnat,31.7311,-7.0361,Morocco,MA,MAR,Béni Mellal-Khénifra,,33635.0,1504747424,3,74.83877561023368
San Vicente del Caguán,San Vicente del Caguan,2.1167,-74.7667,Colombia,CO,COL,Caquetá,minor,72949.0,1170922792,4,135.10621902369382
Laâyoune,Laayoune,27.15,-13.1989,Morocco,MA,MAR,Laâyoune-Sakia El Hamra,,217732.0,1504000319,5,171.7624441144655
Dowlatābād,Dowlatabad,35.2842,59.5225,Iran,IR,IRN,Khorāsān-e Raẕavī,minor,9329.0,1364947262,0,115.90269095564484
Concepción Las Minas,Concepcion Las Minas,14.5167,-89.45,Guatemala,GT,GTM,Chiquimula,minor,12615.0,1320071349,1,64.64724651998687
Ban Tha Pha,Ban Tha Pha,13.8454,99.8652,Thailand,TH,THA,Ratchaburi,,20211.0,1764900404,2,82.54767613800024
Hitoyoshi,Hitoyoshi,32.2103,130.7625,Japan,JP,JPN,Kumamoto,,31332.0,1392003176,3,109.87994437125957
Rome,Rome,34.2662,-85.1863,United States,US,USA,Georgia,,37754.0,1840014681,4,89.56007489839247
Khuzdar,Khuzdar,27.8,66.6167,Pakistan,PK,PAK,Balochistan,,141395.0,1586530458,5,146.23661243165412
Akat Amnuai,Akat Amnuai,17.5964,103.9816,Thailand,TH,THA,Sakon Nakhon,minor,9013.0,1764592273,0,149.32714060882452
Şiran,Siran,40.1894,39.1267,Turkey,TR,TUR,Gümüşhane,minor,11539.0,1792645839,1,113.69006023267711
Ulubey,Ulubey,40.8761,37.7406,Turkey,TR,TUR,Ordu,minor,16976.0,1792933054,2,139.82842634186918
Hassi Khelifa,Hassi Khelifa,33.5622,6.9903,Algeria,DZ,DZA,El Oued,,31784.0,1012173486,3,201.93589026088392
Leamington,Leamington,42.0667,-82.5833,Canada,CA,CAN,Ontario,,35730.0,1124258797,4,79.4829937771122
Albuquerque,Albuquerque,35.1054,-106.6465,United States,US,USA,New Mexico,,767499.0,1840019176,5,86.3664449250142
Mosjøen,Mosjoen,65.8333,13.2,Norway,NO,NOR,Nordland,minor,9843.0,1578980285,0,284.37699923875874
South Sioux City,South Sioux City,42.4627,-96.4125,United States,US,USA,Nebraska,,13871.0,1840009129,1,95.86259596552044
Beloyarskiy,Beloyarskiy,63.7167,66.6667,Russia,RU,RUS,Khanty-Mansiyskiy Avtonomnyy Okrug-Yugra,minor,19994.0,1643836632,2,229.99436725614999
Batcha,Batcha,5.15,10.1833,Cameroon,CM,CMR,Ouest,,33324.0,1120337666,3,78.50612098584213
Concord,Concord,43.2305,-71.5595,United States,US,USA,New Hampshire,admin,44219.0,1840002747,4,91.07211929087586
Tianmu,Tianmu,39.2003,117.1431,China,CN,CHN,Tianjin,,116084.0,1156754632,5,73.51437958319856
Ventania,Ventania,-24.2458,-50.2428,Brazil,BR,BRA,Paraná,minor,9681.0,1076340729,0,71.72440136417818
Endwell,Endwell,42.1184,-76.0219,United States,US,USA,New York,,11821.0,1840004657,1,65.04775629456708
Chai Prakan,Chai Prakan,19.7322,99.1403,Thailand,TH,THA,Chiang Mai,minor,16090.0,1764347576,2,65.8090592491395
Voorst,Voorst,52.1692,6.1428,Netherlands,NL,NLD,Gelderland,,24790.0,1528065793,3,89.47915745247455
Būr Fu’ād,Bur Fu'ad,31.2314,32.3253,Egypt,EG,EGY,Būr Sa‘īd,,70417.0,1818849497,4,66.51593093634197
Gqeberha,Gqeberha,-33.9581,25.6,South Africa,ZA,ZAF,Eastern Cape,,967677.0,1710918997,5,206.11606136899618
Huejuquilla el Alto,Huejuquilla el Alto,22.6256,-103.8964,Mexico,MX,MEX,Jalisco,minor,10015.0,1484316706,0,115.08472649992184
Itapagipe,Itapagipe,-19.9089,-49.3808,Brazil,BR,BRA,Minas Gerais,minor,13690.0,1076647867,1,93.27214603593522
Argun,Argun,43.2944,45.8839,Russia,RU,RUS,Chechnya,minor,15148.0,1643005496,2,107.21859662461925
Crevillente,Crevillente,38.2486,-0.8089,Spain,ES,ESP,Valencia,,30585.0,1724275111,3,69.8462255134844
Barnagar,Barnagar,23.0489,75.378,India,IN,IND,Madhya Pradesh,,44996.0,1356118388,4,64.73246251568537
Nay Pyi Taw,Nay Pyi Taw,19.7475,96.115,Burma,MM,MMR,Nay Pyi Taw,primary,1160242.0,1104838105,5,103.20941992887295
Conceição da Aparecida,Conceicao da Aparecida,-21.0939,-46.2039,Brazil,BR,BRA,Minas Gerais,minor,10371.0,1076238333,0,87.58587304939597
Anjuna,Anjuna,15.5833,73.7333,India,IN,IND,Goa,,11383.0,1356248951,1,117.30715710692381
Ambalabe,Ambalabe,-15.1644,50.4205,Madagascar,MG,MDG,Antsiranana,,16250.0,1450947423,2,86.91306062778432
Visby,Visby,57.629,18.3071,Sweden,SE,SWE,Gotland,admin,26305.0,1752027172,3,158.80599193155905
Xihuachi,Xihuachi,35.8164,108.0125,China,CN,CHN,Gansu,minor,43338.0,1156440328,4,90.7981610607805
Koronadal,Koronadal,6.5,124.85,Philippines,PH,PHL,South Cotabato,,195398.0,1608000651,5,65.46930138987597
Cuapiaxtla de Madero,Cuapiaxtla de Madero,18.9167,-97.8167,Mexico,MX,MEX,Puebla,minor,10101.0,1484036948,0,92.92070295850795
Santa Marcela,Santa Marcela,18.2872,121.4375,Philippines,PH,PHL,Apayao,,13317.0,1608825041,1,84.96157098932228
San Antonio Huista,San Antonio Huista,15.65,-91.7667,Guatemala,GT,GTM,Huehuetenango,minor,19311.0,1320351687,2,106.17904698719016
Mulgund,Mulgund,15.2807,75.5213,India,IN,IND,Karnātaka,,23889.0,1356406320,3,68.90089035713656
Olbia,Olbia,40.9167,9.5,Italy,IT,ITA,Sardegna,minor,61048.0,1380424474,4,221.8274731934071
Wenchang,Wenchang,31.0358,116.9367,China,CN,CHN,Anhui,minor,593629.0,1156574542,5,213.4855150910974
Putina,Putina,-15.47,-69.43,Peru,PE,PER,Puno,,8118.0,1604856559,0,235.9507000580617
Belison,Belison,10.8381,121.9606,Philippines,PH,PHL,Antique,,14129.0,1608259543,1,74.70623507630623
San Cesareo,San Cesareo,41.8167,12.8,Italy,IT,ITA,Lazio,,15988.0,1380153894,2,68.62773811028785
Rudolstadt,Rudolstadt,50.7169,11.3275,Germany,DE,DEU,Thuringia,,24767.0,1276466405,3,64.57808861618638
Krasnodon,Krasnodon,48.3,39.7333,Ukraine,UA,UKR,Luhanska Oblast,,42315.0,1804346804,4,91.04202358552627
La Paz,La Paz,-30.75,-59.65,Argentina,AR,ARG,Entre Ríos,minor,74762.0,1032955221,5,89.2489560165527
Beheloka,Beheloka,-23.9122,43.6689,Madagascar,MG,MDG,Toliara,,10000.0,1450950058,0,90.34743069774416
El Dorado,El Dorado,37.821,-96.8613,United States,US,USA,Kansas,,12882.0,1840001676,1,87.18769812673298
Kōtekāra,Kotekara,12.7929,74.8722,India,IN,IND,Karnātaka,,18907.0,1356152754,2,98.28572034719356
Ganassi,Ganassi,7.8269,124.1034,Philippines,PH,PHL,Lanao del Sur,,30802.0,1608113357,3,71.52269534141371
Bujanovac,Bujanovac,42.4667,21.7667,Serbia,RS,SRB,Bujanovac,admin,41068.0,1688743477,4,64.27131838704965
Bornova,Bornova,38.4697,27.2211,Turkey,TR,TUR,İzmir,minor,454470.0,1792155152,5,76.73762184387002
Nova Vas,Nova Vas,45.7726,14.5064,Slovenia,SI,SVN,Bloke,admin,293.0,1705701553,0,70.28858157384126
Ishkāshim,Ishkashim,36.7092,71.5739,Afghanistan,AF,AFG,Badakhshān,,12120.0,1004691621,1,185.3126971693049
Horodok,Horodok,49.7833,23.6444,Ukraine,UA,UKR,Lvivska Oblast,,16085.0,1804513657,2,122.08686016056163
Colleyville,Colleyville,32.8913,-97.1486,United States,US,USA,Texas,,25906.0,1840019430,3,118.10003206495674
Sennan,Sennan,34.3628,135.2761,Japan,JP,JPN,Ōsaka,,59634.0,1392003335,4,67.43562180655783
Kropotkin,Kropotkin,45.4333,40.5667,Russia,RU,RUS,Krasnodarskiy Kray,minor,74893.0,1643006243,5,124.05608650795976
Karayılan,Karayilan,36.7167,36.2333,Turkey,TR,TUR,Hatay,,9074.0,1792300170,0,68.57464186751085
Jin’an,Jin'an,32.6394,103.5806,China,CN,CHN,Sichuan,minor,12361.0,1156486894,1,226.99096917358094
Etacheri,Etacheri,10.6028,76.6444,India,IN,IND,Tamil Nādu,,17537.0,1356159463,2,67.05144075978971
Terrier Rouge,Terrier Rouge,19.6363,-71.9548,Haiti,HT,HTI,Nord-Est,,21328.0,1332922844,3,110.3101198051298
Tôlan̈aro,Tolanaro,-25.0325,46.9833,Madagascar,MG,MDG,Toliara,minor,67284.0,1450217836,4,81.95395217894954
Tangshan,Tangshan,39.6294,118.1739,China,CN,CHN,Hebei,minor,3399231.0,1156904299,5,70.24241611356118
Broni,Broni,45.0619,9.2611,Italy,IT,ITA,Lombardy,,9635.0,1380772984,0,64.68579909013533
Derinkuyu,Derinkuyu,38.3736,34.7347,Turkey,TR,TUR,Nevşehir,minor,10912.0,1792177319,1,181.40685974219514
Bouanri,Bouanri,10.2,2.8667,Benin,BJ,BEN,Borgou,,19281.0,1204515161,2,70.29910015283087
Barouéli,Baroueli,13.0769,-6.8311,Mali,ML,MLI,Ségou,minor,32739.0,1466725032,3,106.73440065553152
Huber Heights,Huber Heights,39.8595,-84.113,United States,US,USA,Ohio,,43266.0,1840003782,4,83.62821090698519
Round Rock,Round Rock,30.527,-97.6642,United States,US,USA,Texas,,124288.0,1840020879,5,77.21550524445983
Bedourie,Bedourie,-24.3594,139.4691,Australia,AU,AUS,Queensland,,122.0,1036680924,0,424.93249891974796
Calimesa,Calimesa,33.9874,-117.0542,United States,US,USA,California,,10680.0,1840019300,1,65.6521264865576
Acoyapa,Acoyapa,11.9667,-85.1667,Nicaragua,NI,NIC,Chontales,minor,16946.0,1558571997,2,91.23622108750604
Pruszcz Gdański,Pruszcz Gdanski,54.2667,18.6333,Poland,PL,POL,Pomorskie,minor,31582.0,1616008731,3,112.35808364902068
Alcalde Díaz,Alcalde Diaz,9.1227,-79.5567,Panama,PA,PAN,Panamá,minor,41292.0,1591462898,4,256.2278662626759
Barranquilla,Barranquilla,10.9833,-74.8019,Colombia,CO,COL,Atlántico,admin,1326588.0,1170179113,5,137.17989201998668
Silverton,Silverton,45.003,-122.7808,United States,US,USA,Oregon,,10445.0,1840021226,0,95.02345107634983
Chaiyo,Chaiyo,14.6488,100.4788,Thailand,TH,THA,Ang Thong,minor,12710.0,1764400832,1,75.47711262112057
Piritiba,Piritiba,-11.73,-40.555,Brazil,BR,BRA,Bahia,minor,17566.0,1076244219,2,68.54983949627626
Mechta Ouled Oulha,Mechta Ouled Oulha,35.6706,4.8778,Algeria,DZ,DZA,M’sila,,22369.0,1012235648,3,92.634813576262
Lunsar,Lunsar,8.6844,-12.535,Sierra Leone,SL,SLE,Northern,,36108.0,1694711563,4,64.49400572790155
Mustafakemalpaşa,Mustafakemalpasa,40.0353,28.4117,Turkey,TR,TUR,Bursa,minor,102284.0,1792796716,5,91.27888829786974
Vareš,Vares,44.1644,18.3283,Bosnia and Herzegovina,BA,BIH,"Bosnia and Herzegovina, Federation of",minor,9556.0,1070474354,0,124.47940901808714
Fair Oaks Ranch,Fair Oaks Ranch,29.7467,-98.6376,United States,US,USA,Texas,,10630.0,1840020939,1,69.17966064741515
Miracatu,Miracatu,-24.2808,-47.46,Brazil,BR,BRA,São Paulo,minor,18553.0,1076480292,2,71.45712650576775
Old Jamestown,Old Jamestown,38.8394,-90.2847,United States,US,USA,Missouri,,21121.0,1840039632,3,71.03626142421017
Marratxi,Marratxi,39.6422,2.7528,Spain,ES,ESP,Balearic Islands,,40079.0,1724429400,4,196.98315094280937
Kunduz,Kunduz,36.7286,68.8681,Afghanistan,AF,AFG,Kunduz,admin,268893.0,1004227517,5,87.87596076825922
Molėtai,Moletai,55.2333,25.4167,Lithuania,LT,LTU,Molėtai,admin,5783.0,1440110307,0,69.16567102140637
Pālakkuzhi,Palakkuzhi,9.8833,76.6139,India,IN,IND,Kerala,,13469.0,1356162994,1,65.21259161133855
Barroquinha,Barroquinha,-3.0189,-41.1369,Brazil,BR,BRA,Ceará,minor,14476.0,1076119723,2,134.7573879057311
Carlos Casares,Carlos Casares,-35.6167,-61.3667,Argentina,AR,ARG,Buenos Aires,minor,21125.0,1032627170,3,80.54025315982337
Matnog,Matnog,12.5856,124.0856,Philippines,PH,PHL,Sorsogon,,41989.0,1608099282,4,66.60150183080657
Barletta,Barletta,41.3167,16.2833,Italy,IT,ITA,Puglia,minor,92427.0,1380940717,5,105.57655682045512
Jamunāmukh,Jamunamukh,26.1015,92.7426,India,IN,IND,Assam,,9387.0,1356575843,0,79.89519697308947
Tampamolón Corona,Tampamolon Corona,21.5667,-98.8167,Mexico,MX,MEX,San Luis Potosí,minor,13760.0,1484813967,1,101.27784769657246
Kegalle,Kegalle,7.2531,80.3453,Sri Lanka,LK,LKA,Sabaragamuwa,,17962.0,1144224835,2,126.85930040338172
Mons-en-Baroeul,Mons-en-Baroeul,50.6369,3.1103,France,FR,FRA,Hauts-de-France,,21368.0,1250409231,3,89.47168917745086
La Barca,La Barca,20.2833,-102.5667,Mexico,MX,MEX,Jalisco,minor,67937.0,1484900173,4,110.55912058990869
Orhangazi,Orhangazi,40.4889,29.3083,Turkey,TR,TUR,Bursa,minor,81110.0,1792174607,5,91.27888829786974
Barano d’Ischia,Barano d'Ischia,40.7167,13.9167,Italy,IT,ITA,Campania,,9971.0,1380481625,0,65.40347580996024
Milhã,Milha,-5.675,-39.1939,Brazil,BR,BRA,Ceará,minor,14123.0,1076214085,1,64.37691179697558
Roncade,Roncade,45.6246,12.3766,Italy,IT,ITA,Veneto,,14613.0,1380417225,2,64.2825587874136
Karasuk,Karasuk,53.7167,78.05,Russia,RU,RUS,Novosibirskaya Oblast’,,28300.0,1643416504,3,176.474712286342
Nazarovo,Nazarovo,56.0,90.3833,Russia,RU,RUS,Krasnoyarskiy Kray,minor,45333.0,1643743440,4,261.7312459094054
Baure,Baure,12.7833,8.7667,Nigeria,NG,NGA,Katsina,minor,197425.0,1566183701,5,103.03392816713941
North Merritt Island,North Merritt Island,28.4585,-80.7162,United States,US,USA,Florida,,8903.0,1840142111,0,65.02133139210721
Kincardine,Kincardine,44.1667,-81.6333,Canada,CA,CAN,Ontario,,11389.0,1124781881,1,130.39427289149157
Kabūdarāhang,Kabudarahang,35.2069,48.7228,Iran,IR,IRN,Hamadān,minor,19216.0,1364143684,2,102.15437783529126
Motema,Motema,8.6884,-11.1805,Sierra Leone,SL,SLE,Eastern,,30452.0,1694972469,3,80.79425310606595
Kambia,Kambia,9.1239,-12.9181,Sierra Leone,SL,SLE,Northern,,40000.0,1694846063,4,64.49400572790155
Panjakent,Panjakent,39.5,67.6167,Tajikistan,TJ,TJK,Sughd,minor,303000.0,1762088946,5,79.76055734480651
Ban Lao Yao,Ban Lao Yao,18.3667,98.7833,Thailand,TH,THA,Lamphun,,9641.0,1764997700,0,72.35514986946278
Nādendla,Nadendla,16.175,80.1861,India,IN,IND,Andhra Pradesh,,10935.0,1356006446,1,74.79997112209422
Carmelo,Carmelo,-34.0,-58.2833,Uruguay,UY,URY,Colonia,,18041.0,1858670999,2,76.77903196280269
Mangaldai,Mangaldai,26.43,92.03,India,IN,IND,Assam,,25989.0,1356621216,3,79.89519697308947
Fier,Fier,40.7167,19.55,Albania,AL,ALB,Fier,admin,55845.0,1008293317,4,86.98078899122146
Ar Raqqah,Ar Raqqah,35.9304,39.02,Syria,SY,SYR,Ar Raqqah,admin,299824.0,1760035911,5,90.22908521762223
Morrovalle,Morrovalle,43.3146,13.5806,Italy,IT,ITA,Marche,,9816.0,1380099676,0,87.6735773490242
Chāoke,Chaoke,30.1847,75.3362,India,IN,IND,Punjab,,10929.0,1356377488,1,68.92682365840491
Zuhres,Zuhres,48.0167,38.2667,Ukraine,UA,UKR,Donetska Oblast,,17871.0,1804960043,2,68.59969723668519
Forest Hills,Forest Hills,42.9577,-85.4895,United States,US,USA,Michigan,,28494.0,1840004304,3,76.32149643692733
Granadero Baigorria,Granadero Baigorria,-32.85,-60.7,Argentina,AR,ARG,Santa Fe,,36994.0,1032975920,4,80.08945359501735
Fresnillo,Fresnillo,23.175,-102.8675,Mexico,MX,MEX,Zacatecas,minor,230865.0,1484014035,5,93.8425680542706
Kasāp,Kasap,25.4702,84.6087,India,IN,IND,Bihār,,8525.0,1356048820,0,89.00714928425246
Rognac,Rognac,43.4886,5.2331,France,FR,FRA,Provence-Alpes-Côte d’Azur,,12335.0,1250737826,1,83.4674886260301
Shangtianba,Shangtianba,28.039,103.8584,China,CN,CHN,Yunnan,minor,15210.0,1156154168,2,149.47991725571146
São Bento,Sao Bento,-6.4858,-37.4508,Brazil,BR,BRA,Paraíba,minor,32235.0,1076842336,3,96.23353505296659
Pālghar,Palghar,19.6969,72.7654,India,IN,IND,Mahārāshtra,,68931.0,1356868621,4,84.08134237613298
Baardheere,Baardheere,2.3447,42.2764,Somalia,SO,SOM,Gedo,,755500.0,1706822684,5,111.78960465710405
Muhembo,Muhembo,-18.2996,21.8,Botswana,BW,BWA,North West,,757.0,1072113578,0,546.5635230895972
Ambohidanerana,Ambohidanerana,-19.2028,46.7785,Madagascar,MG,MDG,Antananarivo,,10786.0,1450817535,1,78.9032814892807
Fallsburg,Fallsburg,41.7391,-74.6038,United States,US,USA,New York,,14346.0,1840058089,2,82.8650536804831
Cruzeiro do Oeste,Cruzeiro do Oeste,-23.785,-53.0728,Brazil,BR,BRA,Paraná,minor,23831.0,1076303901,3,70.09454188471399
Ebebiyín,Ebebiyin,2.15,11.3167,Equatorial Guinea,GQ,GNQ,Kié-Ntem,admin,36565.0,1226449195,4,69.63075229410721
San Juan Sacatepéquez,San Juan Sacatepequez,14.7189,-90.6442,Guatemala,GT,GTM,Guatemala,minor,284798.0,1320451247,5,64.07866955414715
Smižany,Smizany,48.9584,20.5177,Slovakia,SK,SVK,Košice,,8838.0,1703195495,0,135.40277250910538
Chợ Mới,Cho Moi,10.55,105.4,Vietnam,VN,VNM,An Giang,minor,12898.0,1704969130,1,150.43607830228035
Burglengenfeld,Burglengenfeld,49.2,12.0333,Germany,DE,DEU,Bavaria,,14527.0,1276523136,2,91.05893146482128
Kaynarca,Kaynarca,41.0308,30.3075,Turkey,TR,TUR,Sakarya,minor,24483.0,1792029703,3,103.5042069987248
Dhupgāri,Dhupgari,26.5889,89.0069,India,IN,IND,West Bengal,,44719.0,1356217672,4,114.62704675777375
Sizhan,Sizhan,38.9846,106.3828,China,CN,CHN,Ningxia,,730400.0,1156450911,5,82.51157736221694
Mound,Mound,44.9328,-93.6591,United States,US,USA,Minnesota,,9176.0,1840007828,0,67.32117568862776
Plouzané,Plouzane,48.3831,-4.6189,France,FR,FRA,Bretagne,,13437.0,1250955231,1,163.75542512077487
Câmpia Turzii,Campia Turzii,46.5486,23.88,Romania,RO,ROU,Cluj,,20590.0,1642507537,2,100.51740276959781
Telica,Telica,12.5167,-86.8667,Nicaragua,NI,NIC,León,minor,23266.0,1558515596,3,84.20006322878609
Yerba Buena,Yerba Buena,-26.8167,-65.3167,Argentina,AR,ARG,Tucumán,minor,50057.0,1032992557,4,261.9449541464301
Monroe,Monroe,32.5185,-92.0774,United States,US,USA,Louisiana,,117507.0,1840014881,5,126.444131164229
Kidričevo,Kidricevo,46.4036,15.7911,Slovenia,SI,SVN,Kidričevo,admin,1257.0,1705321982,0,88.39241663884165
Daulatnagar,Daulatnagar,25.3216,87.8443,India,IN,IND,West Bengal,,13235.0,1356122184,1,64.44544132863943
Vilāttikulam,Vilattikulam,9.1312,78.1687,India,IN,IND,Tamil Nādu,,17875.0,1356651559,2,85.61556901245312
Ahmer el ’Aïn,Ahmer el 'Ain,36.4781,2.5639,Algeria,DZ,DZA,Tipaza,,29000.0,1012730539,3,71.09227127934625
Jiquilisco,Jiquilisco,13.3167,-88.5833,El Salvador,SV,SLV,Usulután,,47784.0,1222869394,4,68.78166558852038
Jaipur,Jaipur,26.9,75.8,India,IN,IND,Rājasthān,admin,3073350.0,1356293537,5,97.71323172127835
Bangaon,Bangaon,26.3081,87.8833,India,IN,IND,Bihār,,9170.0,1356045117,0,109.76338761439303
Uničov,Unicov,49.7708,17.1214,Czechia,CZ,CZE,Olomoucký Kraj,,11151.0,1203442454,1,76.04449357095051
Vadugapatti,Vadugapatti,11.1518,77.7375,India,IN,IND,Tamil Nādu,,14415.0,1356165126,2,64.86456142342645
Kopřivnice,Koprivnice,49.5994,18.1447,Czechia,CZ,CZE,Moravskoslezský Kraj,,21604.0,1203847096,3,76.04449357095051
San José del Guaviare,San Jose del Guaviare,2.5667,-72.6333,Colombia,CO,COL,Guaviare,admin,68878.0,1170839384,4,172.93171068095427
La Rioja,La Rioja,-29.4125,-66.8542,Argentina,AR,ARG,La Rioja,admin,180995.0,1032864257,5,164.98254765208907
Duga Resa,Duga Resa,45.4472,15.4958,Croatia,HR,HRV,Karlovačka Županija,minor,10212.0,1191462805,0,76.18676043123408
Nova Ipixuna,Nova Ipixuna,-4.9208,-49.0769,Brazil,BR,BRA,Pará,minor,13955.0,1076910776,1,103.68026037269199
Si Satchanalai,Si Satchanalai,17.5203,99.764,Thailand,TH,THA,Sukhothai,minor,15691.0,1764174789,2,92.7665588650998
Santa Maria do Pará,Santa Maria do Para,-1.3519,-47.5758,Brazil,BR,BRA,Pará,minor,24624.0,1076556798,3,68.44389764298137
Ilhabela,Ilhabela,-23.7778,-45.3578,Brazil,BR,BRA,São Paulo,minor,34934.0,1076323267,4,104.29791582226036
Sullana,Sullana,-4.9,-80.6833,Peru,PE,PER,Piura,,162434.0,1604666111,5,97.10814961785488
Støvring,Stovring,56.8909,9.831,Denmark,DK,DNK,Nordjylland,minor,9190.0,1208267923,0,95.78326311078254
Belén de los Andaquíes,Belen de los Andaquies,1.4161,-75.8725,Colombia,CO,COL,Caquetá,minor,11081.0,1170848387,1,87.55118134108865
Leso,Leso,11.6697,122.3269,Philippines,PH,PHL,Aklan,,15639.0,1608823601,2,75.08729385362612
Nan’ao,Nan'ao,38.5162,114.5648,China,CN,CHN,Hebei,,29508.0,1156037095,3,66.11726573077587
Zhaitangcun,Zhaitangcun,24.501,112.4296,China,CN,CHN,Guangdong,,33876.0,1156138159,4,102.84349467266446
Fuzhou,Fuzhou,27.949,116.358,China,CN,CHN,Jiangxi,,3614866.0,1156915325,5,218.38810612676954
Haapsalu,Haapsalu,58.9394,23.5408,Estonia,EE,EST,Haapsalu,admin,9375.0,1233967642,0,190.81684467727445
Belazao,Belazao,-19.8933,46.9659,Madagascar,MG,MDG,Antananarivo,,14332.0,1450189336,1,75.46023853021583
Seymour,Seymour,35.8783,-83.7669,United States,US,USA,Tennessee,,15914.0,1840013386,2,137.0900900344971
Gorantla,Gorantla,13.9892,77.7703,India,IN,IND,Andhra Pradesh,,24586.0,1356060409,3,72.03672445198924
Suileng,Suileng,47.2419,127.1161,China,CN,CHN,Heilongjiang,minor,57789.0,1156128173,4,127.99327659378248
Songjiang,Songjiang,31.0058,121.2333,China,CN,CHN,Shanghai,minor,1909713.0,1156187493,5,78.63727319259853
Chahana,Chahana,36.6794,5.9572,Algeria,DZ,DZA,Jijel,,8781.0,1012049783,0,66.60362595642131
Ichora,Ichora,19.4333,78.4667,India,IN,IND,Andhra Pradesh,,12358.0,1356489123,1,83.64365276735317
Sapatgrām,Sapatgram,26.3373,90.1236,India,IN,IND,Assam,,16006.0,1356558749,2,114.62704675777375
Senaki,Senaki,42.2689,42.0678,Georgia,GE,GEO,Samegrelo-Zemo Svaneti,minor,21596.0,1268594062,3,217.74930383031898
Chunār,Chunar,25.13,82.9,India,IN,IND,Uttar Pradesh,,37185.0,1356052239,4,66.48796470192131
Pekalongan,Pekalongan,-6.8833,109.6667,Indonesia,ID,IDN,Jawa Tengah,,298386.0,1360039434,5,335.1666756333499
Villacañas,Villacanas,39.6333,-3.3333,Spain,ES,ESP,Castille-La Mancha,,9434.0,1724000261,0,80.8651174303868
Brotas de Macaúbas,Brotas de Macaubas,-11.9989,-42.6258,Brazil,BR,BRA,Bahia,minor,11765.0,1076204887,1,91.1086915237615
Ban Samo Khae,Ban Samo Khae,16.8408,100.3415,Thailand,TH,THA,Phitsanulok,,15821.0,1764002915,2,79.74879514662871
Pweto,Pweto,-8.4667,28.9,Congo (Kinshasa),CD,COD,Haut-Katanga,,24767.0,1180628499,3,185.14832599752583
Michigan City,Michigan City,41.7092,-86.869,United States,US,USA,Indiana,,68617.0,1840013869,4,72.66003211689738
Cuttack,Cuttack,20.5236,85.7881,India,IN,IND,Odisha,,606007.0,1356872061,5,80.07994661931713
Dijmur,Dijmur,27.6761,94.8108,India,IN,IND,Assam,,10000.0,1356490792,0,233.98018802028363
Bhīmadolu,Bhimadolu,16.8144,81.2617,India,IN,IND,Andhra Pradesh,,13669.0,1356817825,1,73.01700973444858
Édessa,Edessa,40.8,22.05,Greece,GR,GRC,Kentrikí Makedonía,minor,17848.0,1300917524,2,85.79190970979842
Irará,Irara,-12.05,-38.7667,Brazil,BR,BRA,Bahia,minor,29173.0,1076945010,3,90.61855872124309
Talamba,Talamba,30.5255,72.2398,Pakistan,PK,PAK,Punjab,,70000.0,1586391761,4,95.67900399976021
Puerto Madryn,Puerto Madryn,-42.7667,-65.05,Argentina,AR,ARG,Chubut,minor,115353.0,1032351657,5,408.31474881944246
Mumaradikop,Mumaradikop,15.9,75.5,India,IN,IND,Karnātaka,,9297.0,1356606836,0,68.90089035713656
Hawaiian Paradise Park,Hawaiian Paradise Park,19.5828,-154.9695,United States,US,USA,Hawaii,,13273.0,1840029582,1,356.96582004153726
Tublay,Tublay,16.4764,120.6333,Philippines,PH,PHL,Benguet,,19429.0,1608250449,2,126.46466694864395
Jāfarābād,Jafarabad,20.8667,71.3667,India,IN,IND,Gujarāt,,25081.0,1356101098,3,142.96784379389382
Lappeenranta,Lappeenranta,61.0667,28.1833,Finland,FI,FIN,Etelä-Karjala,admin,72959.0,1246492910,4,84.52301085017383
Zhengzhou,Zhengzhou,34.764,113.684,China,CN,CHN,Henan,admin,5621593.0,1156183137,5,104.25011729215427
Rāmpatti,Rampatti,26.0028,86.8014,India,IN,IND,Bihār,,8514.0,1356920465,0,66.359974766181
Fenton,Fenton,42.7994,-83.7144,United States,US,USA,Michigan,,11950.0,1840002948,1,123.50872442812582
Marsberg,Marsberg,51.45,8.8333,Germany,DE,DEU,North Rhine-Westphalia,,19704.0,1276309670,2,67.38170974757556
Palmira,Palmira,22.2444,-80.3944,Cuba,CU,CUB,Cienfuegos,minor,31813.0,1192626448,3,91.50700215444273
Carrollwood,Carrollwood,28.0577,-82.5148,United States,US,USA,Florida,,35645.0,1840029026,4,88.3970257142741
Saugor,Saugor,23.83,78.71,India,IN,IND,Madhya Pradesh,,274556.0,1356781800,5,100.68312608056992
Cabestany,Cabestany,42.6811,2.9433,France,FR,FRA,Occitanie,,10414.0,1250178816,0,127.93331371670044
Rio Novo do Sul,Rio Novo do Sul,-20.8628,-40.9358,Brazil,BR,BRA,Espírito Santo,,11069.0,1076704645,1,117.1853642006767
Washington,Washington,38.5515,-91.0154,United States,US,USA,Missouri,,14948.0,1840010770,2,71.03626142421017
Puerto Varas,Puerto Varas,-41.3167,-72.9833,Chile,CL,CHL,Los Lagos,,26172.0,1152560692,3,111.2038540069245
Nanfengcun,Nanfengcun,23.746,111.7966,China,CN,CHN,Guangdong,,71479.0,1156559294,4,77.11101549849444
Pinar del Río,Pinar del Rio,22.4122,-83.6719,Cuba,CU,CUB,Pinar del Río,admin,188614.0,1192216820,5,166.46478487204556
Vanduvāncheri,Vanduvancheri,10.4292,79.6498,India,IN,IND,Tamil Nādu,,8797.0,1356172390,0,67.70379582172544
Saddlebrooke,Saddlebrooke,32.5576,-110.874,United States,US,USA,Arizona,,12616.0,1840075484,1,155.86859229734378
Mattoon,Mattoon,39.4774,-88.3623,United States,US,USA,Illinois,,16334.0,1840008449,2,180.28989125394264
Maragogi,Maragogi,-9.0122,-35.2225,Brazil,BR,BRA,Alagoas,minor,32174.0,1076984582,3,75.13373032986341
Santo Antônio de Pádua,Santo Antonio de Padua,-21.5389,-42.18,Brazil,BR,BRA,Rio de Janeiro,minor,41325.0,1076879205,4,145.94979176563518
Santa Fe,Santa Fe,35.6619,-105.9819,United States,US,USA,New Mexico,admin,94032.0,1840021707,5,86.3664449250142
Sinaia,Sinaia,45.35,25.5514,Romania,RO,ROU,Prahova,,9071.0,1642021189,0,107.04237965796112
Baraboo,Baraboo,43.4695,-89.7376,United States,US,USA,Wisconsin,,12506.0,1840002720,1,107.5617364413603
Lubang,Lubang,13.8586,120.1228,Philippines,PH,PHL,Occidental Mindoro,,17437.0,1608630434,2,125.0412976335124
Barstow,Barstow,34.8661,-117.0471,United States,US,USA,California,,25198.0,1840019118,3,89.77884126425852
Obala,Obala,4.1667,11.5333,Cameroon,CM,CMR,Centre,,37888.0,1120045790,4,145.35763315953696
Arauca,Arauca,7.0903,-70.7617,Colombia,CO,COL,Arauca,admin,96814.0,1170322340,5,240.15146713397684
Mtal,Mtal,32.4908,-8.3781,Morocco,MA,MAR,Casablanca-Settat,,8773.0,1504849742,0,80.962765405996
Amilly,Amilly,47.9742,2.7708,France,FR,FRA,Centre-Val de Loire,,13432.0,1250170473,1,70.30296239751867
Trindade,Trindade,0.3,6.6833,Sao Tome and Principe,ST,STP,Mé-Zóchi,admin,16140.0,1678096936,2,485.5771687007551
Tianmingsi,Tianmingsi,32.9784,107.2947,China,CN,CHN,Shaanxi,,23683.0,1156080284,3,130.34856840997838
Fotadrevo,Fotadrevo,-24.0571,45.0191,Madagascar,MG,MDG,Toliara,,35000.0,1450481485,4,69.50947005415162
Nairobi,Nairobi,-1.2864,36.8172,Kenya,KE,KEN,Nairobi City,primary,5545000.0,1404000661,5,263.2229343421968
Fronteiras,Fronteiras,-7.0878,-40.6158,Brazil,BR,BRA,Piauí,minor,10259.0,1076000188,0,85.15182259776935
Jupiter Farms,Jupiter Farms,26.9222,-80.2189,United States,US,USA,Florida,,13394.0,1840042432,1,87.1423529974043
Matsakabanja,Matsakabanja,-15.9152,45.8357,Madagascar,MG,MDG,Mahajanga,,18000.0,1450113608,2,77.96363383229095
Palmeiras de Goiás,Palmeiras de Goias,-16.805,-49.9258,Brazil,BR,BRA,Goiás,minor,31858.0,1076618499,3,111.27016199270581
Ocotal,Ocotal,13.6333,-86.4833,Nicaragua,NI,NIC,Nueva Segovia,admin,48765.0,1558006000,4,70.26703771430708
Bīr,Bir,18.99,75.76,India,IN,IND,Mahārāshtra,,146709.0,1356753116,5,110.3609892452921
Korablino,Korablino,53.9167,40.0167,Russia,RU,RUS,Ryazanskaya Oblast’,minor,10084.0,1643006109,0,129.3958893047259
Mamborê,Mambore,-24.3189,-52.53,Brazil,BR,BRA,Paraná,minor,13452.0,1076214001,1,81.0074962524514
Grândola,Grandola,38.1768,-8.5689,Portugal,PT,PRT,Setúbal,minor,14826.0,1620454238,2,72.66335204237745
Alfter,Alfter,50.7356,7.0092,Germany,DE,DEU,North Rhine-Westphalia,,23949.0,1276256549,3,83.68217954599959
Licata,Licata,37.1083,13.9469,Italy,IT,ITA,Sicilia,,34287.0,1380907780,4,94.6447871768477
Zhugang,Zhugang,28.1358,121.2264,China,CN,CHN,Zhejiang,minor,392800.0,1156077330,5,126.94063936100251
Camden,Camden,33.5672,-92.8467,United States,US,USA,Arkansas,,10427.0,1840013736,0,136.89230794849533
Kafr Nabūdah,Kafr Nabudah,35.4317,36.4935,Syria,SY,SYR,Ḩamāh,,13513.0,1760648464,1,78.02195443029227
Dungannon,Dungannon,54.5,-6.77,United Kingdom,GB,GBR,Mid-Ulster,,16282.0,1826799961,2,71.8275575047302
São Miguel do Araguaia,Sao Miguel do Araguaia,-13.275,-50.1628,Brazil,BR,BRA,Goiás,minor,21900.0,1076063801,3,134.66190503593674
Bukama,Bukama,-9.2,25.8333,Congo (Kinshasa),CD,COD,Haut-Lomami,,42718.0,1180047354,4,346.6794538119738
Bryan,Bryan,30.665,-96.3807,United States,US,USA,Texas,,86169.0,1840019569,5,123.80314062048457
Nadur,Nadur,36.0381,14.295,Malta,MT,MLT,Nadur,admin,4509.0,1470985739,0,122.99374731973379
Alampur,Alampur,26.0251,78.797,India,IN,IND,Madhya Pradesh,,12342.0,1356726047,1,78.79068734912427
Jamiltepec,Jamiltepec,16.2833,-97.8167,Mexico,MX,MEX,Oaxaca,minor,19201.0,1484035155,2,82.24336007180091
Limonar,Limonar,22.9561,-81.4086,Cuba,CU,CUB,Matanzas,minor,25421.0,1192446751,3,77.82981580007072
Suwa,Suwa,36.0391,138.114,Japan,JP,JPN,Nagano,,48972.0,1392189773,4,89.40147462187754
Ban Talat Rangsit,Ban Talat Rangsit,13.9833,100.6167,Thailand,TH,THA,Pathum Thani,,79319.0,1764039814,5,75.47711262112057
São Domingos,Sao Domingos,15.025,-23.5625,Cabo Verde,CV,CPV,São Domingos,admin,2818.0,1132246964,0,775.3773990877768
Darb-e Behesht,Darb-e Behesht,29.2331,57.3397,Iran,IR,IRN,Kermān,,10670.0,1364349317,1,310.43336859257124
Nakanojōmachi,Nakanojomachi,36.5898,138.841,Japan,JP,JPN,Gunma,,15186.0,1392957874,2,78.83629854441607
Dandenong,Dandenong,-37.981,145.215,Australia,AU,AUS,Victoria,,29906.0,1036214023,3,172.78473842206932
Formia,Formia,41.2564,13.6069,Italy,IT,ITA,Lazio,,37136.0,1380356928,4,65.40347580996024
Wuhai,Wuhai,39.655,106.794,China,CN,CHN,Inner Mongolia,minor,550000.0,1156575615,5,82.51157736221694
Takiéta,Takieta,13.6806,8.5292,Niger,NE,NER,Zinder,,8554.0,1562878014,0,103.03392816713941
Gangoli,Gangoli,13.6538,74.6664,India,IN,IND,Karnātaka,,13014.0,1356041450,1,98.28572034719356
Cary,Cary,42.2129,-88.2494,United States,US,USA,Illinois,,17875.0,1840010109,2,75.89389985937922
Assaré,Assare,-6.8739,-39.875,Brazil,BR,BRA,Ceará,minor,21697.0,1076082622,3,85.15182259776935
Vyksa,Vyksa,55.3167,42.1667,Russia,RU,RUS,Nizhegorodskaya Oblast’,minor,45240.0,1643006557,4,128.56145443951428
Al ‘Arīsh,Al `Arish,31.1249,33.8006,Egypt,EG,EGY,Shamāl Sīnā’,admin,178651.0,1818291145,5,140.84920691365792
’Aïn Tellout,'Ain Tellout,34.9167,-0.9667,Algeria,DZ,DZA,Tlemcen,,10286.0,1012421224,0,85.7238432623092
Presidencia de la Plaza,Presidencia de la Plaza,-26.9833,-59.8333,Argentina,AR,ARG,Chaco,minor,12231.0,1032479033,1,69.56683413987471
Breisach am Rhein,Breisach am Rhein,48.0333,7.5833,Germany,DE,DEU,Baden-Württemberg,,16007.0,1276880866,2,65.57446276089752
Capão do Leão,Capao do Leao,-31.7628,-52.4839,Brazil,BR,BRA,Rio Grande do Sul,minor,26487.0,1076641402,3,122.55867073723968
Skelmersdale,Skelmersdale,53.55,-2.776,United Kingdom,GB,GBR,Lancashire,,38813.0,1826978666,4,68.99981156486506
Heyuan,Heyuan,23.7443,114.7002,China,CN,CHN,Guangdong,minor,2837686.0,1156665165,5,93.72048016270277
Bockenem,Bockenem,52.0117,10.1319,Germany,DE,DEU,Lower Saxony,,9785.0,1276993037,0,84.9588364438626
Capilla del Monte,Capilla del Monte,-30.85,-64.5167,Argentina,AR,ARG,Córdoba,,11181.0,1032258122,1,143.45360947782422
Xinying,Xinying,35.7039,104.1783,China,CN,CHN,Gansu,,17018.0,1156248513,2,79.00749680546774
Al Qiţena,Al Qitena,14.8648,32.3668,Sudan,SD,SDN,White Nile,,26893.0,1729413594,3,627.2315425778085
Dongcun,Dongcun,38.28,111.6751,China,CN,CHN,Shanxi,minor,59772.0,1156680061,4,190.38586857889717
Tongchuan,Tongchuan,34.897,108.945,China,CN,CHN,Shaanxi,minor,698322.0,1156849608,5,122.82346336313408
Maevka,Maevka,42.9093,74.5685,Kyrgyzstan,KG,KGZ,Chüy,,10535.0,1417086380,0,124.17487503007105
Guéoul,Gueoul,15.4833,-16.35,Senegal,SN,SEN,Louga,,10918.0,1686714378,1,313.40913256983566
Zemio,Zemio,5.0333,25.1333,Central African Republic,CF,CAF,Haut-Mbomou,,20000.0,1140178462,2,96.49296916002905
Kristianstad,Kristianstad,56.0337,14.1333,Sweden,SE,SWE,Skåne,minor,32188.0,1752606470,3,82.06919922244741
Ipele,Ipele,7.1333,5.6667,Nigeria,NG,NGA,Ondo,,57000.0,1566772510,4,140.14142410064153
Wutong,Wutong,30.6333,120.5333,China,CN,CHN,Zhejiang,minor,815848.0,1156182309,5,78.63727319259853
Uchoa,Uchoa,-20.9528,-49.175,Brazil,BR,BRA,São Paulo,minor,10394.0,1076170916,0,78.2980644614791
Arenoso,Arenoso,19.18,-69.85,Dominican Republic,DO,DOM,Cibao Nordeste,,14062.0,1214932555,1,82.58056320608604
Ansfelden,Ansfelden,48.2083,14.2889,Austria,AT,AUT,Oberösterreich,,18251.0,1040496902,2,114.84531026601955
San Gregorio de Nigua,San Gregorio de Nigua,18.38,-70.08,Dominican Republic,DO,DOM,Valdesia,,30268.0,1214954643,3,70.19463228917498
Khodābandeh,Khodabandeh,36.1194,48.5917,Iran,IR,IRN,Zanjān,,34921.0,1364020796,4,102.15437783529126
Latacunga,Latacunga,-0.9319,-78.6161,Ecuador,EC,ECU,Cotopaxi,admin,77267.0,1218947988,5,82.49548912362837
Paris,Paris,36.2933,-88.3065,United States,US,USA,Tennessee,,10313.0,1840014438,0,91.57423869671554
Las Lomitas,Las Lomitas,-24.7072,-60.5944,Argentina,AR,ARG,Formosa,,12399.0,1032153825,1,237.82795574876326
Mỹ Lương,My Luong,20.8667,105.6667,Vietnam,VN,VNM,Hà Nội,,15540.0,1704740855,2,126.7196120628161
Atotonilco el Grande,Atotonilco el Grande,20.6667,-98.6667,Mexico,MX,MEX,Hidalgo,,23823.0,1484578299,3,79.28283893302321
Guarda,Guarda,40.5364,-7.2683,Portugal,PT,PRT,Guarda,admin,42541.0,1620174984,4,77.27018935407348
Zabrze,Zabrze,50.3025,18.7781,Poland,PL,POL,Śląskie,minor,158307.0,1616784915,5,90.36543851729067
Sigtuna,Sigtuna,59.6167,17.7167,Sweden,SE,SWE,Stockholm,,9689.0,1752118222,0,123.01883783669528
Jori Kalān,Jori Kalan,24.2045,84.877,India,IN,IND,Jhārkhand,,14323.0,1356087707,1,73.63669548567792
Taft,Taft,31.7494,54.2089,Iran,IR,IRN,Yazd,minor,18464.0,1364828948,2,281.26617883234815
Haoping,Haoping,32.5933,108.6117,China,CN,CHN,Shaanxi,,25903.0,1156912101,3,130.34856840997838
Kodoli,Kodoli,16.88,74.2,India,IN,IND,Mahārāshtra,,70000.0,1356952242,4,83.91419285105421
Lhasa,Lhasa,29.6534,91.1719,China,CN,CHN,Tibet,admin,867891.0,1156369972,5,276.4118524142769
Glanmire,Glanmire,51.9158,-8.3997,Ireland,IE,IRL,Cork,,9903.0,1372070147,0,141.3560168339022
Ambatomarina,Ambatomarina,-20.5702,47.0175,Madagascar,MG,MDG,Fianarantsoa,,14000.0,1450490728,1,71.92442575117425
Cunit,Cunit,41.1983,1.6406,Spain,ES,ESP,Catalonia,,15804.0,1724738474,2,64.16833554388448
Nikaho,Nikaho,39.203,139.9077,Japan,JP,JPN,Akita,,22958.0,1392175644,3,65.80110233017706
Sironj,Sironj,24.1031,77.6905,India,IN,IND,Madhya Pradesh,,52460.0,1356323821,4,102.16127186859367
Nāgpur,Nagpur,21.1497,79.0806,India,IN,IND,Mahārāshtra,,2405665.0,1356365743,5,85.2637694398515
Dayton,Dayton,30.0315,-94.9158,United States,US,USA,Texas,,9121.0,1840019599,0,90.95307180194818
Canton,Canton,32.5975,-90.0317,United States,US,USA,Mississippi,,10863.0,1840014872,1,130.49028668168083
Epitacio Huerta,Epitacio Huerta,20.1348,-100.2934,Mexico,MX,MEX,Michoacán,,16622.0,1484920890,2,69.10149816576465
Looc,Looc,12.2605,121.9926,Philippines,PH,PHL,Romblon,,21799.0,1608317666,3,75.08729385362612
Mieres,Mieres,43.2508,-5.7767,Spain,ES,ESP,Asturias,,36132.0,1724137111,4,143.10473408839795
Hindaun,Hindaun,26.74,77.03,India,IN,IND,Rājasthān,,105690.0,1356608940,5,77.46134812594994
Velyka Dymerka,Velyka Dymerka,50.5928,30.9103,Ukraine,UA,UKR,Kyivska Oblast,,9000.0,1804901044,0,210.8990404655073
Unión de Tula,Union de Tula,19.957,-104.268,Mexico,MX,MEX,Jalisco,minor,13799.0,1484444951,1,97.81136581908683
Putaendo,Putaendo,-32.6278,-70.7167,Chile,CL,CHL,Valparaíso,,15361.0,1152325898,2,78.33784019467775
Mequon,Mequon,43.2352,-87.9839,United States,US,USA,Wisconsin,,25259.0,1840037989,3,75.34009426897083
Mao,Mao,14.1194,15.3133,Chad,TD,TCD,Kanem,admin,50000.0,1148740154,4,432.15916143602107
Taihe,Taihe,23.7413,113.0076,China,CN,CHN,Guangdong,minor,189938.0,1156434343,5,81.05154107164157
Bad Feilnbach,Bad Feilnbach,47.7833,12.0167,Germany,DE,DEU,Bavaria,,8512.0,1276018241,0,69.2932284592942
Naryn,Naryn,41.1328,72.0816,Kyrgyzstan,KG,KGZ,Jalal-Abad,,11306.0,1417067867,1,85.58914511443685
Río Bueno,Rio Bueno,-40.3167,-72.9667,Chile,CL,CHL,Los Ríos,,16909.0,1152938619,2,111.2038540069245
Raahe,Raahe,64.6833,24.4667,Finland,FI,FIN,Pohjois-Pohjanmaa,minor,23797.0,1246712185,3,87.80772227461868
Keshan,Keshan,48.0263,125.8659,China,CN,CHN,Heilongjiang,minor,72403.0,1156775094,4,88.7371818743422
Shāmli,Shamli,29.45,77.32,India,IN,IND,Uttar Pradesh,,107233.0,1356018667,5,78.96327760022241
Zyryanka,Zyryanka,65.736,150.89,Russia,RU,RUS,Sakha (Yakutiya),minor,3627.0,1643201511,0,785.9512087453627
Uarini,Uarini,-2.99,-65.1083,Brazil,BR,BRA,Amazonas,minor,13690.0,1076915660,1,666.8265959438943
Rolleston,Rolleston,-43.596,172.383,New Zealand,NZ,NZL,Canterbury,,16350.0,1554176166,2,169.80690568504426
Chocontá,Choconta,5.1467,-73.6825,Colombia,CO,COL,Cundinamarca,minor,25257.0,1170690374,3,79.45634855184036
Beigang,Beigang,23.5667,120.3,Taiwan,TW,TWN,Yunlin,,37763.0,1158593332,4,117.91824378824728
Ţurayf,Turayf,31.6775,38.6531,Saudi Arabia,SA,SAU,Al Ḩudūd ash Shamālīyah,,91713.0,1682455207,5,292.6645365321615
Padugaipattu,Padugaipattu,8.3642,77.9815,India,IN,IND,Tamil Nādu,,10084.0,1356226693,0,84.1473500257698
Ampanefena,Ampanefena,-13.8588,49.9449,Madagascar,MG,MDG,Antsiranana,,13000.0,1450684282,1,94.71805017333544
Monsenhor Tabosa,Monsenhor Tabosa,-4.7889,-40.0628,Brazil,BR,BRA,Ceará,minor,17149.0,1076361501,2,102.71224303962764
Escuque,Escuque,9.25,-70.75,Venezuela,VE,VEN,Trujillo,minor,32901.0,1862041046,3,240.15146713397684
Andes,Andes,5.5833,-75.9167,Colombia,CO,COL,Antioquia,minor,43269.0,1170727383,4,70.51909044666954
Banjarmasin,Banjarmasin,-3.32,114.5925,Indonesia,ID,IDN,Kalimantan Selatan,admin,662230.0,1360685223,5,484.59222424010017
Arataca,Arataca,-15.2628,-39.4139,Brazil,BR,BRA,Bahia,minor,10191.0,1076983532,0,77.57413331555883
Genas,Genas,45.7322,5.0028,France,FR,FRA,Auvergne-Rhône-Alpes,,13446.0,1250432890,1,78.08599771767761
Skanderborg,Skanderborg,56.0313,9.9317,Denmark,DK,DNK,Midtjylland,minor,20079.0,1208582614,2,78.7934688346999
Mərdəkan,Mardakan,40.4918,50.1429,Azerbaijan,AZ,AZE,Bakı,,32084.0,1031262332,3,86.94464975685842
Miahuatlán de Porfirio Díaz,Miahuatlan de Porfirio Diaz,16.3167,-96.5833,Mexico,MX,MEX,Oaxaca,minor,35517.0,1484776246,4,72.32095748708649
Vũng Tàu,Vung Tau,10.3833,107.1167,Vietnam,VN,VNM,Bà Rịa-Vũng Tàu,minor,341552.0,1704581438,5,67.42233578504018
Currumbin,Currumbin,-28.1575,153.4686,Australia,AU,AUS,Queensland,,9797.0,1036194178,0,75.50375201651927
Pākkam,Pakkam,13.1436,80.028,India,IN,IND,Tamil Nādu,,11509.0,1356051238,1,78.67785818661469
Behisatse,Behisatse,-21.8062,45.1226,Madagascar,MG,MDG,Toliara,,15000.0,1450538114,2,175.09551805193175
Boro,Boro,14.0152,-7.5121,Mali,ML,MLI,Koulikoro,,32250.0,1466283433,3,66.56640001656447
Pingtang,Pingtang,22.7542,111.7527,China,CN,CHN,Guangdong,,34103.0,1156555380,4,87.95438782209546
Nārāyanganj,Narayanganj,23.6167,90.5,Bangladesh,BD,BGD,Dhaka,,967951.0,1050424421,5,102.83946425322448
Dan,Dan,7.3167,2.0667,Benin,BJ,BEN,Zou,,10356.0,1204916794,0,89.88395382273526
Polās,Polas,18.83,78.97,India,IN,IND,Andhra Pradesh,,12274.0,1356353215,1,85.41561363431858
Hudiksvall,Hudiksvall,61.729,17.1121,Sweden,SE,SWE,Gävleborg,minor,15015.0,1752219385,2,109.19997521230762
Tosya,Tosya,41.0172,34.0383,Turkey,TR,TUR,Kastamonu,minor,28963.0,1792502805,3,93.45759562332893
El Plan,El Plan,37.6405,-1.0085,Spain,ES,ESP,Murcia,,36080.0,1724468727,4,69.8462255134844
Vladivostok,Vladivostok,43.115,131.8853,Russia,RU,RUS,Primorskiy Kray,admin,591628.0,1643832017,5,166.22224877745185
Nambutalai,Nambutalai,9.7277,79.0071,India,IN,IND,Tamil Nādu,,9625.0,1356056741,0,80.23036298023123
Maromme,Maromme,49.4825,1.0428,France,FR,FRA,Normandie,,11005.0,1250642232,1,142.18245649968762
Kākdwīp,Kakdwip,21.8791,88.1913,India,IN,IND,West Bengal,,19368.0,1356562790,2,65.33590610178203
Partinico,Partinico,38.05,13.1167,Italy,IT,ITA,Sicilia,,30674.0,1380288818,3,64.1903977415009
Niort,Niort,46.3258,-0.4606,France,FR,FRA,Nouvelle-Aquitaine,minor,60074.0,1250833218,4,103.18440585499512
Nzega,Nzega,-4.2169,33.1864,Tanzania,TZ,TZA,Tabora,,125193.0,1834034762,5,181.7960084905202
Dināra,Dinara,25.4613,78.3205,India,IN,IND,Madhya Pradesh,,9674.0,1356253897,0,78.79068734912427
Kirchhundem,Kirchhundem,51.0667,8.0833,Germany,DE,DEU,North Rhine-Westphalia,,11402.0,1276082488,1,67.38170974757556
Briniamaro,Briniamaro,10.7411,2.0731,Benin,BJ,BEN,Atacora,,14751.0,1204210282,2,70.7448824413262
Magog,Magog,45.2667,-72.15,Canada,CA,CAN,Quebec,,28312.0,1124404849,3,115.00144599793417
Eqbālīyeh,Eqbaliyeh,36.2306,49.9225,Iran,IR,IRN,Qazvīn,,55066.0,1364700294,4,68.89232888671879
Doncaster,Doncaster,53.5228,-1.1325,United Kingdom,GB,GBR,Doncaster,,109805.0,1826979494,5,73.49463601099508
Civitella in Val di Chiana,Civitella in Val di Chiana,43.4053,11.7706,Italy,IT,ITA,Tuscany,,8748.0,1380122075,0,70.95579880696559
Mayate,Mayate,32.2667,-7.5167,Morocco,MA,MAR,Marrakech-Safi,,11443.0,1504516626,1,74.83877561023368
Tân Phong,Tan Phong,19.7322,105.7817,Vietnam,VN,VNM,Thanh Hóa,,20603.0,1704432456,2,79.65504137553403
Nava,Nava,28.4214,-100.7675,Mexico,MX,MEX,Coahuila,minor,26963.0,1484120104,3,76.64266084986241
Usuki,Usuki,33.1261,131.8053,Japan,JP,JPN,Ōita,,35681.0,1392521875,4,122.54183940460616
Guelph,Guelph,43.55,-80.25,Canada,CA,CAN,Ontario,,144356.0,1124968815,5,107.36448000938515
Bilenke,Bilenke,48.7664,37.6314,Ukraine,UA,UKR,Donetska Oblast,,9441.0,1804319022,0,72.35127892682901
Kochkor,Kochkor,42.2155,75.7566,Kyrgyzstan,KG,KGZ,Naryn,minor,11373.0,1417678105,1,124.17487503007105
Ponnamarāvati,Ponnamaravati,10.2803,78.536,India,IN,IND,Tamil Nādu,,15544.0,1356460227,2,67.52825095153415
Honda,Honda,5.2042,-74.7417,Colombia,CO,COL,Tolima,minor,23830.0,1170848069,3,74.02091673761126
Owasso,Owasso,36.2878,-95.8311,United States,US,USA,Oklahoma,,39013.0,1840020385,4,76.63955497761643
Bagamoyo,Bagamoyo,-6.4444,38.9028,Tanzania,TZ,TZA,Coast,,82578.0,1834546518,5,331.99113574014495
Kāoni,Kaoni,30.4,74.663,India,IN,IND,Punjab,,8638.0,1356577792,0,68.92682365840491
Trzebnica,Trzebnica,51.305,17.0614,Poland,PL,POL,Dolnośląskie,minor,13631.0,1616145534,1,64.14723292881021
Ilaka Atsinanana,Ilaka Atsinanana,-19.5503,48.8371,Madagascar,MG,MDG,Toamasina,,17120.0,1450972250,2,91.09832912051539
San Miguel,San Miguel,10.0,124.32,Philippines,PH,PHL,Bohol,,25356.0,1608318281,3,70.58630604088786
Liujiaxia,Liujiaxia,35.9423,103.3146,China,CN,CHN,Gansu,minor,48505.0,1156566759,4,82.25930365974158
Bīkaner,Bikaner,28.0167,73.3119,India,IN,IND,Rājasthān,,529007.0,1356026593,5,177.1215858990179
Bou Zemou,Bou Zemou,32.1114,-5.5197,Morocco,MA,MAR,Drâa-Tafilalet,,10100.0,1504737844,0,69.15279368608637
Kamikawa,Kamikawa,35.0667,134.7333,Japan,JP,JPN,Hyōgo,,10557.0,1392003365,1,92.66930259537656
Cauto Cristo,Cauto Cristo,20.5571,-76.4727,Cuba,CU,CUB,Granma,,20510.0,1192943802,2,140.02130229572376
Sremčica,Sremcica,44.6767,20.391,Serbia,RS,SRB,Beograd,,21001.0,1688138353,3,71.67141445177694
Kuji,Kuji,40.1905,141.7757,Japan,JP,JPN,Iwate,,34418.0,1392882660,4,67.31951003516173
Suffolk,Suffolk,36.6953,-76.6398,United States,US,USA,Virginia,,96638.0,1840003873,5,121.43247427912276
Hallstadt,Hallstadt,49.9333,10.8833,Germany,DE,DEU,Bavaria,,8888.0,1276896189,0,92.66265795889016
Noya,Noya,42.7833,-8.8833,Spain,ES,ESP,Galicia,,14092.0,1724537566,1,85.60663814644971
Konina,Konina,12.4567,-5.7725,Mali,ML,MLI,Sikasso,,14786.0,1466228520,2,84.29696708800822
Aïn Smara,Ain Smara,36.2664,6.4967,Algeria,DZ,DZA,Constantine,,32548.0,1012196861,3,66.60362595642131
Puerto Gaitán,Puerto Gaitan,4.3142,-72.0825,Colombia,CO,COL,Meta,minor,41513.0,1170781522,4,100.5962353438031
Flensburg,Flensburg,54.7819,9.4367,Germany,DE,DEU,Schleswig-Holstein,minor,92667.0,1276853315,5,80.04486384555626
Aweitancun,Aweitancun,47.7251,88.0499,China,CN,CHN,Xinjiang,,9622.0,1156429262,0,392.58442228946456
White City,White City,42.4316,-122.8322,United States,US,USA,Oregon,,10913.0,1840018673,1,285.956848992296
Saladas,Saladas,-28.25,-58.6167,Argentina,AR,ARG,Corrientes,minor,18349.0,1032869998,2,90.75610600773929
Chinoz,Chinoz,40.9375,68.7578,Uzbekistan,UZ,UZB,Toshkent,,23700.0,1860346487,3,79.90926201262363
Si Sa Ket,Si Sa Ket,15.1069,104.3294,Thailand,TH,THA,Si Sa Ket,admin,40117.0,1764002764,4,173.45323699113268
Jieshou,Jieshou,33.257,115.3746,China,CN,CHN,Anhui,,561956.0,1156304827,5,172.0559320653098
Fort Knox,Fort Knox,37.8915,-85.9636,United States,US,USA,Kentucky,,8715.0,1840073833,0,98.65164279784425
Orzinuovi,Orzinuovi,45.4,9.9333,Italy,IT,ITA,Lombardy,,12388.0,1380910228,1,64.68579909013533
Liuchuan,Liuchuan,26.6549,108.5876,China,CN,CHN,Guizhou,,16950.0,1156013815,2,106.3823757327264
Potrerillos,Potrerillos,15.2333,-87.9667,Honduras,HN,HND,Cortés,,26954.0,1340725749,3,105.66802649515256
Koboko,Koboko,3.41,30.96,Uganda,UG,UGA,Koboko,admin,37825.0,1800307801,4,122.8068070018469
Mashhad,Mashhad,36.3264,59.5433,Iran,IR,IRN,Khorāsān-e Raẕavī,admin,3700000.0,1364123206,5,115.90269095564484
Sirakoro,Sirakoro,13.4253,-9.1497,Mali,ML,MLI,Kayes,,10325.0,1466537189,0,119.71983847034032
Peiting,Peiting,47.8,10.9333,Germany,DE,DEU,Bavaria,,11903.0,1276001531,1,69.30373511375142
Uthai Thani,Uthai Thani,15.38,100.025,Thailand,TH,THA,Uthai Thani,admin,15434.0,1764844835,2,94.79429574291392
Businga,Businga,3.3397,20.87,Congo (Kinshasa),CD,COD,Nord-Ubangi,,32584.0,1180719970,3,150.50309470919137
San Pedro,San Pedro,-24.2196,-64.87,Argentina,AR,ARG,Jujuy,minor,58430.0,1032823743,4,240.8136424325007
Machilīpatnam,Machilipatnam,16.17,81.13,India,IN,IND,Andhra Pradesh,,232000.0,1356067784,5,73.01700973444858
Lusca,Lusca,53.5281,-6.1692,Ireland,IE,IRL,Fingal,,8806.0,1372313792,0,93.40581290969367
Stony Brook,Stony Brook,40.9061,-73.1278,United States,US,USA,New York,,12827.0,1840005104,1,73.3839187475883
Hayden,Hayden,47.768,-116.804,United States,US,USA,Idaho,,16021.0,1840019808,2,250.54825972187675
Starkville,Starkville,33.4608,-88.8297,United States,US,USA,Mississippi,,25611.0,1840015713,3,147.55004537104975
Cutler Bay,Cutler Bay,25.5765,-80.3356,United States,US,USA,Florida,,44483.0,1840017276,4,65.58367170098208
Popayán,Popayan,2.4542,-76.6092,Colombia,CO,COL,Cauca,admin,300837.0,1170764265,5,75.5681593354086
Csömör,Csomor,47.5467,19.2244,Hungary,HU,HUN,Pest,,10180.0,1348004899,0,132.47887331399582
Cerese,Cerese,45.1167,10.7833,Italy,IT,ITA,Lombardy,,11141.0,1380568489,1,73.61121617277665
Koło,Kolo,52.2,18.6333,Poland,PL,POL,Wielkopolskie,minor,20380.0,1616148045,2,75.98231711280856
Baixo Guandu,Baixo Guandu,-19.5189,-41.0158,Brazil,BR,BRA,Espírito Santo,minor,27819.0,1076851088,3,78.6136867049537
Canela,Canela,-29.3562,-50.8136,Brazil,BR,BRA,Rio Grande do Sul,minor,45488.0,1076049094,4,86.8927762039518
Buraydah,Buraydah,26.3664,43.9628,Saudi Arabia,SA,SAU,Al Qaşīm,admin,467410.0,1682470726,5,595.6633546944812
Al Hammāmīyah,Al Hammamiyah,26.9308,31.4877,Egypt,EG,EGY,Al Baḩr al Aḩmar,,8952.0,1818811496,0,92.79200081485428
Zaō,Zao,39.0981,140.6587,Japan,JP,JPN,Miyagi,,11790.0,1392003405,1,64.31944796822135
Rahata,Rahata,19.7167,74.4833,India,IN,IND,Mahārāshtra,,19024.0,1356725656,2,102.50241946619231
Dongta,Dongta,38.0824,106.339,China,CN,CHN,Ningxia,minor,22040.0,1156958987,3,100.39251215255672
Liberia,Liberia,10.6333,-85.4333,Costa Rica,CR,CRI,Guanacaste,admin,53382.0,1188743090,4,137.6006744837649
Gubkin,Gubkin,51.2828,37.5353,Russia,RU,RUS,Belgorodskaya Oblast’,minor,83766.0,1643378602,5,171.7283384883493
Ribeirão do Largo,Ribeirao do Largo,-15.4589,-40.7389,Brazil,BR,BRA,Bahia,minor,9740.0,1076696534,0,134.57896433795602
Ephrata,Ephrata,40.1811,-76.1812,United States,US,USA,Pennsylvania,,13729.0,1840003717,1,65.46148580572894
Bubanza,Bubanza,-3.0833,29.4,Burundi,BI,BDI,Bubanza,admin,20031.0,1108018348,2,81.70228055419925
Vilyeyka,Vilyeyka,54.4972,26.9111,Belarus,BY,BLR,Minskaya Voblasts’,minor,26625.0,1112405572,3,69.06553913843915
Towada,Towada,40.6127,141.2059,Japan,JP,JPN,Aomori,,60063.0,1392003343,4,67.31951003516173
Le Kram,Le Kram,36.8333,10.3167,Tunisia,TN,TUN,Tunis,,74132.0,1788996070,5,109.33187230969999
Sollefteå,Solleftea,63.1667,17.2667,Sweden,SE,SWE,Västernorrland,minor,8643.0,1752942134,0,68.46109624505135
De Doorns,De Doorns,-33.4833,19.6833,South Africa,ZA,ZAF,Western Cape,,11278.0,1710197485,1,161.07111083356787
Molinella,Molinella,44.6167,11.6667,Italy,IT,ITA,Emilia-Romagna,,15636.0,1380126666,2,89.09492431849824
Cahul,Cahul,45.9075,28.1944,Moldova,MD,MDA,Cahul,admin,30018.0,1498020356,3,73.3306262818726
Fuquay-Varina,Fuquay-Varina,35.5953,-78.7778,United States,US,USA,North Carolina,,37749.0,1840016197,4,87.52138994396718
Volgodonsk,Volgodonsk,47.5167,42.15,Russia,RU,RUS,Rostovskaya Oblast’,minor,163963.0,1643784914,5,97.41507586971302
Kibale,Kibale,0.7911,31.075,Uganda,UG,UGA,Kibaale,,7600.0,1800354454,0,173.24001884071242
Ankilivalo,Ankilivalo,-20.2984,44.6361,Madagascar,MG,MDG,Toliara,,13000.0,1450597906,1,175.09551805193175
Kuusankoski,Kuusankoski,60.9083,26.6236,Finland,FI,FIN,Kymenlaakso,,19831.0,1246302102,2,85.93617523880484
Lemery,Lemery,11.23,122.93,Philippines,PH,PHL,Iloilo,,31414.0,1608458862,3,78.77559503419673
Guaraciaba do Norte,Guaraciaba do Norte,-4.1669,-40.7478,Brazil,BR,BRA,Ceará,minor,42053.0,1076780410,4,102.71224303962764
Tando Allahyar,Tando Allahyar,25.4617,68.7167,Pakistan,PK,PAK,Sindh,minor,133487.0,1586001015,5,112.67626359770823
Deodora,Deodora,22.6149,80.3616,India,IN,IND,Madhya Pradesh,,8775.0,1356823134,0,72.02091103091044
Newport East,Newport East,41.5159,-71.2878,United States,US,USA,Rhode Island,,11262.0,1840073469,1,88.71827703654134
Paoua,Paoua,7.25,16.4333,Central African Republic,CF,CAF,Ouham-Pendé,,17370.0,1140636739,2,193.99198923010795
Reedley,Reedley,36.5988,-119.4471,United States,US,USA,California,,25446.0,1840020320,3,144.737864930009
Shelekhov,Shelekhov,52.2167,104.1167,Russia,RU,RUS,Irkutskaya Oblast’,minor,41998.0,1643613779,4,341.42564023642564
Calabayan,Calabayan,16.77,121.78,Philippines,PH,PHL,Isabela,,143403.0,1608955576,5,73.39644798580896
Yamba,Yamba,-29.4333,153.35,Australia,AU,AUS,New South Wales,,6076.0,1036259324,0,68.86831863455875
Sinkolo,Sinkolo,12.2056,-5.0403,Mali,ML,MLI,Sikasso,,11470.0,1466845782,1,84.05671138492913
Time,Time,58.7333,5.7,Norway,NO,NOR,Rogaland,,19781.0,1578972107,2,128.3087080562593
Buritizeiro,Buritizeiro,-17.3508,-44.9619,Brazil,BR,BRA,Minas Gerais,minor,23910.0,1076067806,3,120.12074983836177
Faro,Faro,37.0161,-7.935,Portugal,PT,PRT,Faro,admin,64560.0,1620330407,4,65.59513369414685
Centurion,Centurion,-25.8603,28.1894,South Africa,ZA,ZAF,Gauteng,,236580.0,1710138774,5,99.72818612898925
Kirchlinteln,Kirchlinteln,52.9428,9.3183,Germany,DE,DEU,Lower Saxony,,10339.0,1276083659,0,65.32694991910232
Padang,Padang,-0.95,100.3531,Indonesia,ID,IDN,Sumatera Barat,admin,12000.0,1360900986,1,423.3881071375573
Jaguaripe,Jaguaripe,-13.1128,-38.8958,Brazil,BR,BRA,Bahia,minor,17659.0,1076014557,2,64.64550320137367
Frederickson,Frederickson,47.0916,-122.3603,United States,US,USA,Washington,,24219.0,1840037551,3,69.91156137705089
Kalmar,Kalmar,56.6643,16.3656,Sweden,SE,SWE,Kalmar,admin,42622.0,1752640618,4,154.37896999832134
‘Ajmān,`Ajman,25.4136,55.4456,United Arab Emirates,AE,ARE,‘Ajmān,admin,490035.0,1784337875,5,133.6841863777483
Karasburg,Karasburg,-28.0172,18.7478,Namibia,,NAM,ǁKaras,,4401.0,1516005938,0,249.80405976700393
Eski Yakkabog‘,Eski Yakkabog`,38.9314,66.8389,Uzbekistan,UZ,UZB,Qashqadaryo,,10800.0,1860248125,1,92.1271311585091
Zachary,Zachary,30.6643,-91.1634,United States,US,USA,Louisiana,,19637.0,1840015908,2,92.24830394939295
Takanezawa,Takanezawa,36.631,139.9865,Japan,JP,JPN,Tochigi,,29123.0,1392003299,3,66.09317986734182
Leribe,Leribe,-28.8734,28.0416,Lesotho,LS,LSO,Leribe,admin,38558.0,1426721246,4,76.85499403014445
Songnim,Songnim,38.7542,125.645,"Korea, North",KP,PRK,Hwangbuk,,128831.0,1408214405,5,73.17015433593292
Al ‘Uqaylah,Al `Uqaylah,30.2558,19.1994,Libya,LY,LBY,Al Wāḩāt,,100.0,1434822941,0,113.6646213996204
Flers,Flers,48.7518,-0.5605,France,FR,FRA,Normandie,,14308.0,1250849360,1,104.59882343572549
Néa Mákri,Nea Makri,38.0833,23.9833,Greece,GR,GRC,Attikí,,18114.0,1300420365,2,210.1273427740409
Norfolk,Norfolk,42.0324,-97.4217,United States,US,USA,Nebraska,,25962.0,1840008136,3,95.86259596552044
Salto del Guairá,Salto del Guaira,-24.0625,-54.3069,Paraguay,PY,PRY,Canindeyú,admin,37600.0,1600283545,4,102.33330949610743
Wisil,Wisil,5.4281,48.1201,Somalia,SO,SOM,Mudug,,75000.0,1706820984,5,357.42832526183844
Benalla,Benalla,-36.5519,145.9817,Australia,AU,AUS,Victoria,,10330.0,1036934047,0,172.78473842206932
Grand Rapids,Grand Rapids,47.238,-93.5327,United States,US,USA,Minnesota,,11186.0,1840007714,1,109.09735167125783
Glace Bay,Glace Bay,46.2,-59.9667,Canada,CA,CAN,Nova Scotia,,16915.0,1124283186,2,243.75407203636502
Itaperuçu,Itaperucu,-25.2212,-49.3458,Brazil,BR,BRA,Paraná,minor,31217.0,1076522601,3,97.82880514245319
Qingyang,Qingyang,36.1985,113.4313,China,CN,CHN,Shanxi,minor,34098.0,1156149522,4,138.07269816859247
Elkhart,Elkhart,41.6916,-85.9627,United States,US,USA,Indiana,,146511.0,1840008187,5,75.2679154759719
Ekalbehri,Ekalbehri,21.8933,78.8794,India,IN,IND,Madhya Pradesh,,9550.0,1356131164,0,77.60695637473088
Kukdeshwar,Kukdeshwar,24.4828,75.2675,India,IN,IND,Madhya Pradesh,,14246.0,1356020293,1,157.5766964040888
Fanandrana,Fanandrana,-18.2585,49.2687,Madagascar,MG,MDG,Toamasina,,17644.0,1450388677,2,87.42430795114828
Ouled Ben Abd el Kader,Ouled Ben Abd el Kader,36.0258,1.2764,Algeria,DZ,DZA,Chlef,,28430.0,1012953542,3,73.37897513287899
Nāndūra Buzurg,Nandura Buzurg,20.8333,76.4597,India,IN,IND,Mahārāshtra,,70200.0,1356987352,4,106.60549381745481
South Jordan,South Jordan,40.557,-111.9784,United States,US,USA,Utah,,80331.0,1840021385,5,333.9633080385058
Bérégadougou,Beregadougou,10.7667,-4.75,Burkina Faso,BF,BFA,Cascades,,9036.0,1854196124,0,106.09794106529951
Ambondrona,Ambondrona,-21.2683,46.9937,Madagascar,MG,MDG,Fianarantsoa,,13000.0,1450002861,1,72.93175231333439
Ogden,Ogden,43.1646,-77.822,United States,US,USA,New York,,20228.0,1840087746,2,104.92995981004627
Mpika,Mpika,-11.83,31.46,Zambia,ZM,ZMB,Muchinga,,28445.0,1894224372,3,239.37437545161106
Wālidpur,Walidpur,26.0583,83.3778,India,IN,IND,Uttar Pradesh,,50000.0,1356508446,4,78.48006485160356
Ban Laem Chabang,Ban Laem Chabang,13.0833,100.8833,Thailand,TH,THA,Chon Buri,,88271.0,1764108164,5,104.14306890097619
Peru,Peru,41.3482,-89.1371,United States,US,USA,Illinois,,9863.0,1840009273,0,120.98086914001475
Tākha,Takha,26.82,79.3,India,IN,IND,Uttar Pradesh,,10969.0,1356965937,1,101.59420246885448
Jacupiranga,Jacupiranga,-24.6925,-48.0022,Brazil,BR,BRA,São Paulo,minor,16097.0,1076127392,2,71.45712650576775
Santa Cruz Cabrália,Santa Cruz Cabralia,-16.2778,-39.025,Brazil,BR,BRA,Bahia,minor,29185.0,1076118882,3,65.40279055362181
Imzouren,Imzouren,35.15,-3.85,Morocco,MA,MAR,Tanger-Tétouan-Al Hoceïma,,34848.0,1504878608,4,65.64918368423822
Rongwo,Rongwo,35.5161,102.0183,China,CN,CHN,Qinghai,minor,92601.0,1156068157,5,114.98483071441834
Hvannasund,Hvannasund,62.2833,-6.5167,Faroe Islands,FO,FRO,Hvannasund,admin,414.0,1234436400,0,736.9559167127301
Nallūr,Nallur,14.0871,75.8778,India,IN,IND,Karnātaka,,11617.0,1356073992,1,91.95639914449727
Baud,Baud,20.84,84.32,India,IN,IND,Odisha,,20424.0,1356005442,2,80.6013887460628
Jaguarão,Jaguarao,-32.5658,-53.3758,Brazil,BR,BRA,Rio Grande do Sul,minor,26603.0,1076878261,3,122.55867073723968
Phokeng,Phokeng,-25.5833,27.1333,South Africa,ZA,ZAF,North West,,34597.0,1710162596,4,110.18889456441393
Nicosia,Nicosia,35.1725,33.365,Cyprus,CY,CYP,Lefkosía,primary,330000.0,1196944155,5,204.50775193686374
Saarijärvi,Saarijarvi,62.705,25.2583,Finland,FI,FIN,Keski-Suomi,minor,8847.0,1246361506,0,136.39328806940577
Panazol,Panazol,45.8397,1.3108,France,FR,FRA,Nouvelle-Aquitaine,,11207.0,1250504339,1,132.84095328599867
Ottweiler,Ottweiler,49.3667,7.1667,Germany,DE,DEU,Saarland,,14522.0,1276806597,2,71.78549918789777
Hoh Ereg,Hoh Ereg,41.0955,111.4408,China,CN,CHN,Inner Mongolia,minor,23776.0,1156060937,3,135.76251726996566
Mūrtikuppam,Murtikuppam,11.7902,79.7873,India,IN,IND,Tamil Nādu,,36983.0,1356244839,4,77.51493068407787
Lobito,Lobito,-12.35,13.5464,Angola,AO,AGO,Benguela,,436467.0,1024128946,5,203.62103473231835
Radyvyliv,Radyvyliv,50.1286,25.2644,Ukraine,UA,UKR,Rivnenska Oblast,,10427.0,1804330249,0,122.08686016056163
Junín,Junin,-11.15,-75.9833,Peru,PE,PER,Junín,,10976.0,1604997443,1,219.69456274095282
Maroaloka,Maroaloka,-25.1984,46.1902,Madagascar,MG,MDG,Toliara,,18000.0,1450615223,2,81.2615842362392
San Vicente de Cañete,San Vicente de Canete,-13.0833,-76.4,Peru,PE,PER,Lima,,25829.0,1604901496,3,143.66360185798024
Aznā,Azna,33.4597,49.4547,Iran,IR,IRN,Lorestān,minor,47489.0,1364854218,4,101.94404411116248
Ébolowa,Ebolowa,2.9167,11.15,Cameroon,CM,CMR,Sud,admin,76885.0,1120924207,5,87.24124440772239
Iāwar,Iawar,23.0094,76.5007,India,IN,IND,Madhya Pradesh,,9414.0,1356135573,0,78.83207019296546
Qantīr,Qantir,30.8032,31.8379,Egypt,EG,EGY,Ash Sharqīyah,,13660.0,1818827672,1,66.51593093634197
Cabusao,Cabusao,13.7275,123.1142,Philippines,PH,PHL,Camarines Sur,,19257.0,1608781251,2,90.03590751964244
Arriaga,Arriaga,16.2361,-93.8995,Mexico,MX,MEX,Chiapas,minor,25366.0,1484409481,3,144.92820405439912
Chaiyaphum,Chaiyaphum,15.8056,102.0311,Thailand,TH,THA,Chaiyaphum,admin,58350.0,1764784757,4,154.35451445527482
Cottbus,Cottbus,51.7606,14.3342,Germany,DE,DEU,Brandenburg,minor,100010.0,1276436655,5,82.35081653533744
San Simón,San Simon,13.8333,-88.2333,El Salvador,SV,SLV,Morazán,,10102.0,1222320015,0,68.78166558852038
Monsenhor Gil,Monsenhor Gil,-5.5642,-42.6078,Brazil,BR,BRA,Piauí,minor,10564.0,1076756343,1,143.41580629411817
Funyan Bīra,Funyan Bira,9.35,42.4,Ethiopia,ET,ETH,Oromīya,,15478.0,1231640828,2,154.12616153163341
Quintero,Quintero,-32.7833,-71.5333,Chile,CL,CHL,Valparaíso,,31923.0,1152270732,3,78.33784019467775
Thomazeau,Thomazeau,18.653,-72.0939,Haiti,HT,HTI,Ouest,,52017.0,1332648470,4,93.67455239961663
Rohtak,Rohtak,28.8909,76.5796,India,IN,IND,Haryāna,,374292.0,1356162915,5,77.58730880330143
Saranpaul,Saranpaul,64.26,60.9083,Russia,RU,RUS,Khanty-Mansiyskiy Avtonomnyy Okrug-Yugra,,2575.0,1643184738,0,287.1262219064829
Sangtŭda,Sangtuda,38.0333,69.0833,Tajikistan,TJ,TJK,Khatlon,,12686.0,1762543236,1,65.50940031095266
Saray,Saray,38.6506,44.17,Turkey,TR,TUR,Van,minor,19471.0,1792601609,2,116.60936214251419
Pecan Grove,Pecan Grove,29.6235,-95.733,United States,US,USA,Texas,,24798.0,1840019645,3,90.95307180194818
Castries,Castries,14.0108,-60.9894,Saint Lucia,LC,LCA,Castries,primary,70000.0,1662922505,4,315.58992694543264
Panzos,Panzos,15.4,-89.6667,Guatemala,GT,GTM,Alta Verapaz,minor,81063.0,1320362247,5,83.81250473378788
Seridó,Serido,-6.9339,-36.4019,Brazil,BR,BRA,Paraíba,,10291.0,1076297099,0,92.71064129079673
Pánuco de Coronado,Panuco de Coronado,24.5392,-104.3253,Mexico,MX,MEX,Durango,,11927.0,1484921271,1,122.43581398487675
Sultonobod,Sultonobod,40.7644,72.9764,Uzbekistan,UZ,UZB,Andijon,,20000.0,1860591797,2,85.58914511443685
Surpur,Surpur,23.1895,73.8928,India,IN,IND,Gujarāt,,21772.0,1356886310,3,121.67029011194435
Kaneohe,Kaneohe,21.4062,-157.7904,United States,US,USA,Hawaii,,35945.0,1840029498,4,356.96582004153726
Villa María,Villa Maria,-32.4103,-63.2314,Argentina,AR,ARG,Córdoba,minor,88600.0,1032987787,5,68.49363601854192
Rio do Pires,Rio do Pires,-13.1278,-42.2919,Brazil,BR,BRA,Bahia,minor,10497.0,1076703225,0,75.23637329047168
Haro,Haro,42.5833,-2.85,Spain,ES,ESP,La Rioja,,11979.0,1724620671,1,74.48626137982104
Jever,Jever,53.5744,7.9008,Germany,DE,DEU,Lower Saxony,minor,14913.0,1276105413,2,81.16006212961797
Severouralsk,Severouralsk,60.15,59.9667,Russia,RU,RUS,Sverdlovskaya Oblast’,minor,24029.0,1643560617,3,441.05339862462085
Noblesville,Noblesville,40.0355,-86.0042,United States,US,USA,Indiana,,71940.0,1840013891,4,92.16349100203283
Palopo,Palopo,-3.0,120.2,Indonesia,ID,IDN,Sulawesi Selatan,,180130.0,1360740288,5,169.20612218767053
Alaçatı,Alacati,38.2814,26.3742,Turkey,TR,TUR,İzmir,minor,10386.0,1792668742,0,76.73762184387002
Aurelino Leal,Aurelino Leal,-14.3169,-39.3269,Brazil,BR,BRA,Bahia,minor,11179.0,1076003236,1,95.03701966634408
Schifferstadt,Schifferstadt,49.3833,8.3667,Germany,DE,DEU,Rhineland-Palatinate,,20682.0,1276776055,2,70.59364155081572
Hunucmá,Hunucma,21.0153,-89.8744,Mexico,MX,MEX,Yucatán,minor,24910.0,1484800428,3,74.39835064078785
Phan Rí Cửa,Phan Ri Cua,11.1739,108.5661,Vietnam,VN,VNM,Bình Thuận,,45805.0,1704182533,4,86.50332427716545
Qom,Qom,34.64,50.8764,Iran,IR,IRN,Qom,admin,1201158.0,1364701633,5,103.11121518872814
Studeničani,Studenicani,41.9158,21.5306,North Macedonia,MK,MKD,Studeničani,admin,59.0,1807047160,0,64.27131838704965
Weißenhorn,Weissenhorn,48.3,10.1667,Germany,DE,DEU,Bavaria,,14088.0,1276798632,1,79.61158974620741
Lousã,Lousa,40.1125,-8.2469,Portugal,PT,PRT,Coimbra,minor,17604.0,1620586922,2,95.41474153209894
Toli,Toli,45.9313,83.6039,China,CN,CHN,Xinjiang,minor,28378.0,1156588017,3,287.2292813008861
Noshiromachi,Noshiromachi,40.2121,140.0266,Japan,JP,JPN,Akita,,49625.0,1392645142,4,109.32870546436301
Yalamakūru,Yalamakuru,15.5103,77.5249,India,IN,IND,Andhra Pradesh,,95149.0,1356154626,5,93.4021943341564
Avren,Avren,43.1139,27.6693,Bulgaria,BG,BGR,Varna,,10047.0,1100800692,0,65.01225003711501
Kisara,Kisara,17.5233,78.6677,India,IN,IND,Andhra Pradesh,,11048.0,1356998500,1,72.2097232729387
Qajortêbu,Qajortebu,30.9347,88.7047,China,CN,CHN,Tibet,minor,17000.0,1156655359,2,276.4118524142769
Kyonpyaw,Kyonpyaw,17.3,95.2,Burma,MM,MMR,Ayeyarwady,,25488.0,1104964864,3,116.48495685570863
Huajiang,Huajiang,25.6969,105.592,China,CN,CHN,Guizhou,,59657.0,1156876468,4,97.05184482073531
Santa Rosa,Santa Rosa,-27.8708,-54.4814,Brazil,BR,BRA,Rio Grande do Sul,minor,77519.0,1076071027,5,117.61638174922928
Solsona,Solsona,41.9978,1.5208,Spain,ES,ESP,Catalonia,,9480.0,1724790953,0,80.58975639524174
San Luis de La Loma,San Luis de La Loma,17.2714,-100.8911,Mexico,MX,MEX,Guerrero,,11090.0,1484748421,1,248.5354505307013
Quixelô,Quixelo,-6.2539,-39.2019,Brazil,BR,BRA,Ceará,minor,15910.0,1076619844,2,64.37691179697558
Fortuna Foothills,Fortuna Foothills,32.6616,-114.3974,United States,US,USA,Arizona,,28227.0,1840027989,3,170.14498638517526
Peabody,Peabody,42.5335,-70.9725,United States,US,USA,Massachusetts,,54180.0,1840000414,4,80.87174621897564
Yongzhou,Yongzhou,26.42,111.613,China,CN,CHN,Hunan,,5289824.0,1156694479,5,141.53027163732412
Garag,Garag,15.575,74.9297,India,IN,IND,Karnātaka,,10528.0,1356496793,0,70.93332428519136
Curuá,Curua,-1.8878,-55.1169,Brazil,BR,BRA,Pará,minor,14117.0,1076290240,1,483.85163781982646
Tomas Oppus,Tomas Oppus,10.25,124.98,Philippines,PH,PHL,Southern Leyte,,16990.0,1608136756,2,75.51356077073233
East Niles,East Niles,35.3683,-118.9225,United States,US,USA,California,,28586.0,1840150304,3,125.88060891878862
Songo,Songo,-15.5958,32.7647,Mozambique,MZ,MOZ,Tete,,36523.0,1508318557,4,197.78102842476034
Gaoping,Gaoping,30.7824,106.1281,China,CN,CHN,Sichuan,minor,2174000.0,1156522457,5,267.8734794956269
Mahabe,Mahabe,-17.0844,45.3234,Madagascar,MG,MDG,Mahajanga,,10000.0,1450085572,0,132.4730062175332
Ayni,Ayni,38.6667,68.8167,Tajikistan,TJ,TJK,Nohiyahoi Tobei Jumhurí,,14052.0,1762288360,1,74.16865934304455
São Pedro do Sul,Sao Pedro do Sul,-29.6208,-54.1789,Brazil,BR,BRA,Rio Grande do Sul,minor,15577.0,1076597961,2,158.696189281183
Simav,Simav,39.0833,28.9833,Turkey,TR,TUR,Kütahya,minor,26872.0,1792011375,3,116.64847197027821
Livramento de Nossa Senhora,Livramento de Nossa Senhora,-13.6428,-41.8408,Brazil,BR,BRA,Bahia,minor,38025.0,1076781145,4,75.23637329047168
Batu Pahat,Batu Pahat,1.8504,102.9333,Malaysia,MY,MYS,Johor,,140000.0,1458310769,5,114.1327254396033
Ruoqiang,Ruoqiang,39.0181,88.1681,China,CN,CHN,Xinjiang,minor,9872.0,1156754744,0,570.3149886082819
Zafarābād,Zafarabad,25.7,82.7,India,IN,IND,Uttar Pradesh,,10792.0,1356382281,1,66.48796470192131
Shek Wai Kok,Shek Wai Kok,22.3753,114.1237,Hong Kong,HK,HKG,,,16605.0,1344833550,2,86.5724998712002
Yaojiazhuangcun,Yaojiazhuangcun,40.7437,114.9286,China,CN,CHN,Hebei,,21726.0,1156566980,3,135.76799477156567
Dāmghān,Damghan,36.1642,54.3408,Iran,IR,IRN,Semnān,minor,59106.0,1364099760,4,95.07266763216676
Ghulja,Ghulja,43.9,81.35,China,CN,CHN,Xinjiang,minor,542507.0,1156064979,5,156.21894844604137
San Javier,San Javier,-16.2748,-62.5072,Bolivia,BO,BOL,Santa Cruz,,6048.0,1068099078,0,71.1971073192963
Laurel,Laurel,27.1507,-82.4534,United States,US,USA,Florida,,11868.0,1840014184,1,97.87724126198853
Mangqu,Mangqu,35.5833,100.75,China,CN,CHN,Qinghai,minor,15609.0,1156828773,2,114.98483071441834
Silvânia,Silvania,-16.6589,-48.6078,Brazil,BR,BRA,Goiás,minor,22245.0,1076536713,3,83.42545942170652
San Justo,San Justo,-30.7833,-60.5833,Argentina,AR,ARG,Santa Fe,minor,47061.0,1032734419,4,80.24100150170003
Kabacan,Kabacan,7.12,124.82,Philippines,PH,PHL,Cotabato,,77164.0,1608578355,5,69.02047440132654
Dhanwār,Dhanwar,24.4107,85.9818,India,IN,IND,Jhārkhand,,10462.0,1356802246,0,64.01831683090522
Lexington Park,Lexington Park,38.2528,-76.4424,United States,US,USA,Maryland,,13419.0,1840006231,1,75.91188696954175
Debark’,Debark',13.1333,37.9,Ethiopia,ET,ETH,Āmara,,20839.0,1231894156,2,251.10845379786448
Putla Villa de Guerrero,Putla Villa de Guerrero,17.0167,-97.9167,Mexico,MX,MEX,Oaxaca,minor,32640.0,1484503444,3,82.24336007180091
Cabagan,Cabagan,17.43,121.77,Philippines,PH,PHL,Isabela,,53897.0,1608000078,4,73.39644798580896
Konya,Konya,37.8667,32.4833,Turkey,TR,TUR,Konya,admin,2320241.0,1792014004,5,109.63576668727251
Ter Apel,Ter Apel,52.8756,7.0597,Netherlands,NL,NLD,Groningen,,8671.0,1528468512,0,66.54054095086535
Diré,Dire,16.2667,-3.4,Mali,ML,MLI,Tombouctou,minor,12092.0,1466571290,1,73.3284335945136
White Oak,White Oak,39.2106,-84.606,United States,US,USA,Ohio,,18845.0,1840034164,2,83.62821090698519
Togitsu,Togitsu,32.8289,129.8486,Japan,JP,JPN,Nagasaki,,29025.0,1392037686,3,82.16281790215265
Ocuilan de Arteaga,Ocuilan de Arteaga,19.0,-99.4,Mexico,MX,MEX,México,minor,34485.0,1484570544,4,141.61650682243317
Saint-Denis,Saint-Denis,-20.8789,55.4481,Reunion,RE,REU,,primary,319141.0,1638024662,5,229.72701212439512
Primavera,Primavera,-0.9428,-47.1158,Brazil,BR,BRA,Pará,minor,9718.0,1076377239,0,68.44389764298137
Dianguirdé,Dianguirde,14.494,-9.015,Mali,ML,MLI,Kayes,,12684.0,1466779159,1,119.71983847034032
Grecia,Grecia,10.0693,-84.3136,Costa Rica,CR,CRI,Alajuela,,14859.0,1188985866,2,68.45708859016885
Quijingue,Quijingue,-10.7525,-39.2092,Brazil,BR,BRA,Bahia,minor,27626.0,1076131651,3,111.9141191001958
Bingmei,Bingmei,25.7408,108.9023,China,CN,CHN,Guizhou,,45094.0,1156262992,4,106.3823757327264
Shulan,Shulan,44.4059,126.9655,China,CN,CHN,Jilin,minor,406744.0,1156989733,5,81.67646931681864
Åmål,Amal,59.05,12.7,Sweden,SE,SWE,Västra Götaland,minor,9065.0,1752187898,0,102.69590204256126
Adygeysk,Adygeysk,44.8832,39.1902,Russia,RU,RUS,Adygeya,minor,13224.0,1643365200,1,124.05608650795976
Havelock,Havelock,34.9078,-76.8987,United States,US,USA,North Carolina,,16471.0,1840014592,2,87.7810529078912
Hastings,Hastings,44.7318,-92.8538,United States,US,USA,Minnesota,,22050.0,1840006770,3,67.32117568862776
Samāna,Samana,30.15,76.19,India,IN,IND,Punjab,,54072.0,1356972840,4,82.1704787448593
Vanderbijlpark,Vanderbijlpark,-26.6992,27.8356,South Africa,ZA,ZAF,Gauteng,,95840.0,1710733212,5,84.43492768128283
Nogliki,Nogliki,51.8333,143.1667,Russia,RU,RUS,Sakhalinskaya Oblast’,,10098.0,1643874280,0,905.9555362901043
Sainte-Adèle,Sainte-Adele,45.95,-74.13,Canada,CA,CAN,Quebec,,12137.0,1124439200,1,66.63722865033587
Shika,Shika,37.0062,136.778,Japan,JP,JPN,Ishikawa,,18579.0,1392003481,2,160.67174303627047
Dax,Dax,43.71,-1.05,France,FR,FRA,Nouvelle-Aquitaine,minor,21716.0,1250059757,3,103.01973148255395
Jammalamadugu,Jammalamadugu,14.85,78.38,India,IN,IND,Andhra Pradesh,,46069.0,1356030028,4,72.03084659032457
Kennewick,Kennewick,46.1978,-119.1732,United States,US,USA,Washington,,260091.0,1840018481,5,250.54825972187675
Moba,Moba,-7.0398,29.7661,Congo (Kinshasa),CD,COD,Tanganyika,,10006.0,1180776583,0,185.14832599752583
Upanema,Upanema,-5.6419,-37.2578,Brazil,BR,BRA,Rio Grande do Norte,minor,10991.0,1076592037,1,96.23353505296659
Simonésia,Simonesia,-20.1239,-42.0008,Brazil,BR,BRA,Minas Gerais,minor,19750.0,1076773579,2,100.12127065698712
Māngrol,Mangrol,25.33,76.52,India,IN,IND,Rājasthān,,21836.0,1356021018,3,132.86939304288836
Almora,Almora,29.5971,79.6591,India,IN,IND,Uttarākhand,,34122.0,1356045284,4,120.74050389574235
Morelia,Morelia,19.7683,-101.1894,Mexico,MX,MEX,Michoacán,admin,1002461.0,1484669072,5,100.01288576395275
Laubach,Laubach,50.5333,8.99,Germany,DE,DEU,Hesse,,9775.0,1276831355,0,69.74831666788674
Fianga,Fianga,9.9153,15.1375,Chad,TD,TCD,Mayo-Kebbi-Est,,14166.0,1148228151,1,165.233431587307
Capela,Capela,-9.4075,-36.0736,Brazil,BR,BRA,Alagoas,minor,15032.0,1076765224,2,79.3385375644512
Rury,Rury,51.2386,22.5164,Poland,PL,POL,Lubelskie,,30093.0,1616795231,3,85.04593096918951
Aribinda,Aribinda,14.2292,-0.8633,Burkina Faso,BF,BFA,Sahel,minor,45818.0,1854268234,4,196.12540475451652
Gorakhpur,Gorakhpur,26.7637,83.4039,India,IN,IND,Uttar Pradesh,,673446.0,1356190221,5,78.48006485160356
Itapebi,Itapebi,-15.9508,-39.5339,Brazil,BR,BRA,Bahia,minor,9174.0,1076056200,0,65.40279055362181
Bora,Bora,23.6585,76.8112,India,IN,IND,Madhya Pradesh,,11233.0,1356323207,1,78.83207019296546
Midway,Midway,30.4169,-87.0229,United States,US,USA,Florida,,20745.0,1840143881,2,113.150219489173
Iki,Iki,33.7497,129.6914,Japan,JP,JPN,Nagasaki,,24873.0,1392003437,3,89.57856676254019
Birmitrapur,Birmitrapur,22.4,84.7667,India,IN,IND,Odisha,,38870.0,1356055853,4,80.40626648399979
Melipilla,Melipilla,-33.6253,-71.2711,Chile,CL,CHL,Región Metropolitana,minor,148899.0,1152483678,5,96.75208167253878
Saint-Amand-Montrond,Saint-Amand-Montrond,46.7,2.51,France,FR,FRA,Centre-Val de Loire,minor,9690.0,1250072832,0,132.84095328599867
Ivaí,Ivai,-25.0108,-50.8589,Brazil,BR,BRA,Paraná,minor,13229.0,1076679254,1,67.71015260026765
Náchod,Nachod,50.4169,16.1631,Czechia,CZ,CZE,Královéhradecký Kraj,,20036.0,1203181897,2,84.9839915442417
Noé,Noe,5.2833,-2.8,Côte d’Ivoire,CI,CIV,Comoé,,27938.0,1384503232,3,174.63377591190797
Bulicun,Bulicun,24.3657,116.2726,China,CN,CHN,Guangdong,,36526.0,1156493287,4,70.25029878028344
Ceylanpınar,Ceylanpinar,36.8461,40.0489,Turkey,TR,TUR,Şanlıurfa,minor,90440.0,1792768664,5,99.88220268256758
Jolfā,Jolfa,38.9386,45.6253,Iran,IR,IRN,Āz̄arbāyjān-e Sharqī,minor,8810.0,1364456740,0,67.5270399870553
Vohindava,Vohindava,-22.4139,47.8634,Madagascar,MG,MDG,Fianarantsoa,,12000.0,1450616288,1,67.497827878136
Hūn,Hun,29.1268,15.9477,Libya,LY,LBY,Al Jufrah,admin,18878.0,1434396501,2,307.253411548442
Shrīrangapattana,Shrirangapattana,12.414,76.704,India,IN,IND,Karnātaka,,25061.0,1356689943,3,77.94811506832484
San Isidro,San Isidro,15.3097,120.9069,Philippines,PH,PHL,Nueva Ecija,,54372.0,1608420595,4,83.9155776001092
Qingzhen,Qingzhen,26.5704,106.4687,China,CN,CHN,Guizhou,,467438.0,1156587033,5,110.12528220844321
Fully,Fully,46.1333,7.1167,Switzerland,CH,CHE,Valais,,8759.0,1756803962,0,70.3309484450469
Manevychi,Manevychi,51.2914,25.5331,Ukraine,UA,UKR,Volynska Oblast,,11725.0,1804717717,1,112.28901748781992
Pastavy,Pastavy,55.1167,26.8333,Belarus,BY,BLR,Vitsyebskaya Voblasts’,minor,18618.0,1112856591,2,69.06553913843915
Wenquan,Wenquan,19.2439,110.405,China,CN,CHN,Hainan,,26235.0,1156091180,3,71.04541164164037
Jeremoabo,Jeremoabo,-10.0669,-38.35,Brazil,BR,BRA,Bahia,minor,37626.0,1076509996,4,81.59061886819987
Shagamu,Shagamu,6.8333,3.65,Nigeria,NG,NGA,Ogun,minor,1132270.0,1566202131,5,108.04054919408328
Cuéllar,Cuellar,41.4009,-4.3136,Spain,ES,ESP,Castille-Leon,,9530.0,1724802615,0,133.92989810447796
Shuinancun,Shuinancun,23.2995,112.3753,China,CN,CHN,Guangdong,,11598.0,1156552139,1,77.11101549849444
San Pedro de Lloc,San Pedro de Lloc,-7.4167,-79.5,Peru,PE,PER,La Libertad,,16198.0,1604981283,2,308.9069178381175
Mocímboa,Mocimboa,-11.3196,40.35,Mozambique,MZ,MOZ,Cabo Delgado,,27909.0,1508815299,3,450.2239095081292
Soroti,Soroti,1.715,33.6111,Uganda,UG,UGA,Soroti,admin,60900.0,1800434608,4,208.51501684757994
Baojishi,Baojishi,34.363,107.238,China,CN,CHN,Shaanxi,,3321853.0,1156101096,5,85.5070317571723
Qıvraq,Qivraq,39.3994,45.1151,Azerbaijan,AZ,AZE,Kəngərli,admin,4444.0,1031050255,0,67.5270399870553
Ambalavero,Ambalavero,-21.8115,47.7827,Madagascar,MG,MDG,Fianarantsoa,,12000.0,1450039308,1,67.497827878136
San Carlos Park,San Carlos Park,26.4765,-81.8193,United States,US,USA,Florida,,18252.0,1840014218,2,97.87724126198853
Union Hill-Novelty Hill,Union Hill-Novelty Hill,47.6788,-122.0284,United States,US,USA,Washington,,23272.0,1840074663,3,69.91156137705089
Upperu,Upperu,16.6427,77.4874,India,IN,IND,Andhra Pradesh,,48473.0,1356924393,4,70.56009900009445
Lianyuan,Lianyuan,27.692,111.664,China,CN,CHN,Hunan,minor,862099.0,1156490109,5,128.61487280337388
Santiago,Santiago,-14.1892,-75.7126,Peru,PE,PER,Ica,,10449.0,1604889626,0,143.66360185798024
Martinsville,Martinsville,36.6826,-79.8636,United States,US,USA,Virginia,,13584.0,1840001727,1,89.21344985270186
Salida,Salida,37.7083,-121.0842,United States,US,USA,California,,14457.0,1840018908,2,99.97940861972234
Bermo,Bermo,23.7878,85.9353,India,IN,IND,Jhārkhand,,22396.0,1356191728,3,69.42404370971225
Oeiras,Oeiras,-7.025,-42.1308,Brazil,BR,BRA,Piauí,minor,38161.0,1076220246,4,85.91568652630477
Xiping,Xiping,25.6005,103.8166,China,CN,CHN,Yunnan,minor,652604.0,1156207794,5,122.27737619489373
Southwick,Southwick,42.0544,-72.7785,United States,US,USA,Massachusetts,,9222.0,1840053452,0,78.58198412246594
Polyarnyye Zori,Polyarnyye Zori,67.3667,32.5,Russia,RU,RUS,Murmanskaya Oblast’,,11409.0,1643472022,1,466.18059328734535
Noria de Ángeles,Noria de Angeles,22.4433,-101.9097,Mexico,MX,MEX,Zacatecas,minor,16284.0,1484566696,2,72.3923714757262
Oxford,Oxford,33.5967,-85.8687,United States,US,USA,Alabama,,22063.0,1840014780,3,88.33120530365433
Gosen,Gosen,37.7444,139.1826,Japan,JP,JPN,Niigata,,47262.0,1392762928,4,79.84676309397014
Azua,Azua,18.46,-70.74,Dominican Republic,DO,DOM,Valdesia,minor,91345.0,1214004418,5,68.88970916251887
Longyearbyen,Longyearbyen,78.2167,15.6333,Svalbard,XR,XSV,,primary,1753.0,1930654114,0,1315.9797263350201
Worb,Worb,46.9306,7.5644,Switzerland,CH,CHE,Bern,,11311.0,1756060343,1,74.85578251358542
Unión de San Antonio,Union de San Antonio,21.128,-102.006,Mexico,MX,MEX,Jalisco,minor,17915.0,1484001030,2,93.0560764053588
Noāmundi,Noamundi,22.1609,85.5042,India,IN,IND,Jhārkhand,,21423.0,1356171764,3,65.5803465822326
Dayr Mawās,Dayr Mawas,27.6414,30.8494,Egypt,EG,EGY,Al Minyā,,40640.0,1818973684,4,101.10474083703286
Larkana,Larkana,27.5583,68.2111,Pakistan,PK,PAK,Sindh,minor,490508.0,1586678302,5,64.88782618922592
Lobamba,Lobamba,-26.4667,31.2,Eswatini,SZ,SWZ,Hhohho,primary,5800.0,1748963140,0,150.39867533146236
Isla Vista,Isla Vista,34.4128,-119.8614,United States,US,USA,California,,13717.0,1840017887,1,120.2152279365134
Nova Ponte,Nova Ponte,-19.1983,-47.7272,Brazil,BR,BRA,Minas Gerais,minor,14598.0,1076000777,2,154.1121715375233
Cantanhede,Cantanhede,-3.6328,-44.3769,Brazil,BR,BRA,Maranhão,minor,24303.0,1076238888,3,140.50447452801447
Tiruvūr,Tiruvur,17.1,80.6,India,IN,IND,Andhra Pradesh,,34173.0,1356119105,4,67.38873309089418
Mersa,Mersa,11.6667,39.6583,Ethiopia,ET,ETH,Āmara,,111000.0,1231844606,5,251.10845379786448
Flemington,Flemington,-33.868,151.0709,Australia,AU,AUS,New South Wales,,9108.0,1036297540,0,134.94448202396586
Hamadānak,Hamadanak,35.5422,51.1383,Iran,IR,IRN,Tehrān,,11216.0,1364169657,1,72.78256600992844
Laurel,Laurel,31.6956,-89.1449,United States,US,USA,Mississippi,,17129.0,1840014945,2,130.49028668168083
São João do Piauí,Sao Joao do Piaui,-8.3578,-42.2469,Brazil,BR,BRA,Piauí,minor,21421.0,1076131046,3,132.00431164245035
Cleethorpes,Cleethorpes,53.5533,-0.0215,United Kingdom,GB,GBR,North East Lincolnshire,,38996.0,1826584652,4,73.49463601099508
Anguo,Anguo,38.418,115.327,China,CN,CHN,Hebei,minor,363091.0,1156172518,5,67.25077146350083
Naters,Naters,46.3237,7.9886,Switzerland,CH,CHE,Valais,,10073.0,1756559781,0,70.3309484450469
Našice,Nasice,45.4833,18.1,Croatia,HR,HRV,Osječko-Baranjska Županija,minor,14291.0,1191359646,1,132.23535087498047
Petrovsk-Zabaykal’skiy,Petrovsk-Zabaykal'skiy,51.2667,108.8333,Russia,RU,RUS,Zabaykal’skiy Kray,minor,16213.0,1643676561,2,331.2007931024966
Lalganj,Lalganj,26.1277,80.7855,India,IN,IND,Uttar Pradesh,,23124.0,1356366149,3,109.13144208528249
Pradera,Pradera,3.4167,-76.1667,Colombia,CO,COL,Valle del Cauca,minor,57990.0,1170774780,4,117.76679066004242
Shibirghān,Shibirghan,36.665,65.752,Afghanistan,AF,AFG,Jowzjān,admin,175599.0,1004805783,5,87.18199446437497
Tumby Bay,Tumby Bay,-34.3667,136.1,Australia,AU,AUS,South Australia,,1511.0,1036529327,0,106.95446166307428
Sarria,Sarria,42.7833,-7.4167,Spain,ES,ESP,Galicia,,13459.0,1724423830,1,117.6802547620077
Uiraúna,Uirauna,-6.5183,-38.4122,Brazil,BR,BRA,Paraíba,minor,15300.0,1076023422,2,92.08516510706067
Serra Negra,Serra Negra,-22.6119,-46.7008,Brazil,BR,BRA,São Paulo,minor,29894.0,1076394760,3,66.66924246939516
Apóstoles,Apostoles,-27.9167,-55.7667,Argentina,AR,ARG,Misiones,minor,40858.0,1032321516,4,109.80096201981613
Burco,Burco,9.5221,45.5336,Somalia,SO,SOM,Togdheer,admin,425000.0,1706322754,5,161.09717488676216
Icaraíma,Icaraima,-23.3958,-53.6139,Brazil,BR,BRA,Paraná,minor,8991.0,1076097838,0,70.09454188471399
Caselle Torinese,Caselle Torinese,45.1775,7.6464,Italy,IT,ITA,Piedmont,,13878.0,1380453030,1,89.32813089989558
Ankofa,Ankofa,-15.3947,49.6462,Madagascar,MG,MDG,Toamasina,,18000.0,1450855797,2,81.45348011420174
Choba,Choba,4.8906,6.9033,Nigeria,NG,NGA,Rivers,,27253.0,1566302729,3,159.2617235851961
Al Buraymī,Al Buraymi,24.2558,55.8025,Oman,OM,OMN,Al Buraymī,admin,67963.0,1512959921,4,133.6841863777483
Tartu,Tartu,58.38,26.7225,Estonia,EE,EST,Tartu,admin,97435.0,1233809410,5,120.98976930010689
Chencha,Chencha,6.25,37.5667,Ethiopia,ET,ETH,YeDebub Bihēroch Bihēreseboch na Hizboch,,10488.0,1231948389,0,334.37474929689375
Pestovo,Pestovo,58.6,35.8167,Russia,RU,RUS,Novgorodskaya Oblast’,minor,14032.0,1643460089,1,237.07429227896083
Humanes de Madrid,Humanes de Madrid,40.2539,-3.8278,Spain,ES,ESP,Madrid,,19838.0,1724764038,2,80.8651174303868
Xinyuan,Xinyuan,22.5149,120.447,Taiwan,TW,TWN,Pingtung,,32601.0,1158820437,3,114.20936635546589
Agudos,Agudos,-22.4739,-48.9836,Brazil,BR,BRA,São Paulo,minor,37401.0,1076000779,4,78.26807958569077
Poá,Poa,-23.5286,-46.345,Brazil,BR,BRA,São Paulo,minor,113793.0,1076905631,5,104.29791582226036
Hokur Badasgom,Hokur Badasgom,33.6503,75.2359,India,IN,IND,Jammu and Kashmīr,,9088.0,1356147230,0,86.59202110809868
Guiratinga,Guiratinga,-16.3489,-53.7578,Brazil,BR,BRA,Mato Grosso,minor,10966.0,1076329698,1,168.61267968612262
Milton,Milton,53.05,-2.142,United Kingdom,GB,GBR,Stoke-on-Trent,,17250.0,1826543368,2,69.75700424885355
Mutsamudu,Mutsamudu,-12.1675,44.3939,Comoros,KM,COM,Anjouan,admin,30000.0,1174036583,3,103.89039758308681
Bossier City,Bossier City,32.5224,-93.6668,United States,US,USA,Louisiana,,62832.0,1840013790,4,113.5754067883366
Senhor do Bonfim,Senhor do Bonfim,-10.4614,-40.1894,Brazil,BR,BRA,Bahia,minor,79424.0,1076513309,5,111.9141191001958
Lakkireddipalle,Lakkireddipalle,14.1667,78.7,India,IN,IND,Andhra Pradesh,,10303.0,1356608796,0,73.36798142538746
Juchipila,Juchipila,21.4103,-103.1175,Mexico,MX,MEX,Zacatecas,minor,12251.0,1484952476,1,113.95639440907941
Veternik,Veternik,45.2533,19.7608,Serbia,RS,SRB,,,18849.0,1688644381,2,81.04881831508143
Lagos,Lagos,37.1,-8.6667,Portugal,PT,PRT,Faro,minor,31049.0,1620635530,3,65.59513369414685
Xiezhou,Xiezhou,34.9124,110.8517,China,CN,CHN,Shanxi,,57773.0,1156294219,4,84.75702629758425
Bafra,Bafra,41.5722,35.9147,Turkey,TR,TUR,Samsun,minor,143109.0,1792560571,5,139.5729745076976
Lagbé,Lagbe,6.6833,2.6833,Benin,BJ,BEN,Plateau,,9138.0,1204458286,0,83.09035327113793
Rāmpur Kalān,Rampur Kalan,26.1649,77.4691,India,IN,IND,Madhya Pradesh,,10825.0,1356910989,1,64.71200295147855
Dazhangzicun,Dazhangzicun,40.6239,118.1081,China,CN,CHN,Hebei,,16896.0,1156564757,2,72.70408705688654
La Asunción,La Asuncion,11.0333,-63.8628,Venezuela,VE,VEN,Nueva Esparta,admin,28513.0,1862490314,3,118.99497795945351
Greven,Greven,52.0917,7.6083,Germany,DE,DEU,North Rhine-Westphalia,,38321.0,1276669554,4,78.71488812021626
Feicheng,Feicheng,36.1861,116.7719,China,CN,CHN,Shandong,,894115.0,1156303834,5,143.76098717956324
Pérols,Perols,43.5658,3.9511,France,FR,FRA,Occitanie,,9541.0,1250071000,0,103.71185930654829
Bahçesaray,Bahcesaray,38.1286,42.8075,Turkey,TR,TUR,Van,minor,13495.0,1792864088,1,99.55891850037375
Shafinagar,Shafinagar,28.4117,78.1365,India,IN,IND,Uttar Pradesh,,15000.0,1356022856,2,78.00133172354782
Adra,Adra,36.7478,-3.0161,Spain,ES,ESP,Andalusia,,25515.0,1724071055,3,69.6932083848933
Cloppenburg,Cloppenburg,52.85,8.05,Germany,DE,DEU,Lower Saxony,minor,37280.0,1276769960,4,66.54054095086535
Mezitli,Mezitli,36.75,34.5333,Turkey,TR,TUR,Mersin,minor,222436.0,1792186109,5,151.53843170410616
Kirs,Kirs,59.35,52.25,Russia,RU,RUS,Kirovskaya Oblast’,minor,3171.0,1643457660,0,322.47172482238864
Bernardino de Campos,Bernardino de Campos,-23.0131,-49.4742,Brazil,BR,BRA,São Paulo,minor,11157.0,1076528578,1,78.26807958569077
Niiyama,Niiyama,35.0533,138.9455,Japan,JP,JPN,Shizuoka,,19602.0,1392380881,2,76.45164010421365
Sundarnagar,Sundarnagar,31.53,76.88,India,IN,IND,Himāchal Pradesh,,24344.0,1356852734,3,154.62811359103642
Shazhou,Shazhou,40.1376,94.6638,China,CN,CHN,Gansu,minor,44870.0,1156020029,4,570.3149886082819
Lae,Lae,-6.7303,147.0008,Papua New Guinea,PG,PNG,Morobe,admin,100677.0,1598466091,5,863.2963967054092
Ivančice,Ivancice,49.1014,16.3775,Czechia,CZ,CZE,Jihomoravský Kraj,,9971.0,1203249406,0,91.83527382883925
Lake Norman of Catawba,Lake Norman of Catawba,35.5995,-80.984,United States,US,USA,North Carolina,,12496.0,1840073862,1,106.61074364629363
Gurh,Gurh,24.5026,81.5004,India,IN,IND,Madhya Pradesh,,16434.0,1356075581,2,69.52007453825641
Mahugaon,Mahugaon,22.5748,75.7445,India,IN,IND,Madhya Pradesh,,30012.0,1356672951,3,64.73246251568537
Fatehābād,Fatehabad,29.52,75.45,India,IN,IND,Haryāna,,70777.0,1356065839,4,74.72173381036905
Xingyi,Xingyi,25.092,104.8955,China,CN,CHN,Guizhou,,783120.0,1156255316,5,97.05184482073531
Tilvalli,Tilvalli,14.6268,75.231,India,IN,IND,Karnātaka,,8750.0,1356758412,0,79.11644628115572
Sultanpur Mor,Sultanpur Mor,32.1883,73.0286,Pakistan,PK,PAK,Punjab,,13413.0,1586324583,1,91.4266757761513
Akora,Akora,34.0006,72.1217,Pakistan,PK,PAK,Khyber Pakhtunkhwa,,20157.0,1586486842,2,74.82274299602823
Castro Alves,Castro Alves,-12.7658,-39.4278,Brazil,BR,BRA,Bahia,minor,24712.0,1076609570,3,69.37372298152276
Ostrowiec Świętokrzyski,Ostrowiec Swietokrzyski,50.9333,21.4,Poland,PL,POL,Świętokrzyskie,minor,64796.0,1616984527,4,75.49068005986229
Playa del Carmen,Playa del Carmen,20.6281,-87.0755,Mexico,MX,MEX,Quintana Roo,minor,304942.0,1484559458,5,76.1034385924388
Bodaybo,Bodaybo,57.8667,114.2,Russia,RU,RUS,Irkutskaya Oblast’,minor,8921.0,1643017251,0,175.71791755175698
Licínio de Almeida,Licinio de Almeida,-14.6819,-42.5078,Brazil,BR,BRA,Bahia,minor,11834.0,1076371811,1,136.09347697767703
Bánovce nad Bebravou,Banovce nad Bebravou,48.7186,18.2581,Slovakia,SK,SVK,Nitra,minor,16614.0,1703803804,2,70.34633632482864
Hukeri,Hukeri,16.23,74.6,India,IN,IND,Karnātaka,,25014.0,1356892943,3,80.91799148280609
Timargara,Timargara,34.8278,71.8417,Pakistan,PK,PAK,Khyber Pakhtunkhwa,minor,58050.0,1586843763,4,95.49936498217834
Dover,Dover,39.161,-75.5202,United States,US,USA,Delaware,admin,128045.0,1840005810,5,87.52156303122493
Ksar Belezma,Ksar Belezma,35.6756,5.9033,Algeria,DZ,DZA,Batna,,9033.0,1012437070,0,84.65999330730553
Spearfish,Spearfish,44.4909,-103.8155,United States,US,USA,South Dakota,,12551.0,1840002374,1,135.85359360510537
Härnösand,Harnosand,62.6323,17.9379,Sweden,SE,SWE,Västernorrland,admin,18236.0,1752644953,2,68.46109624505135
Nong Bua Lamphu,Nong Bua Lamphu,17.2042,102.4444,Thailand,TH,THA,Nong Bua Lamphu,admin,21072.0,1764333285,3,88.47982477717355
El Seibo,El Seibo,18.77,-69.04,Dominican Republic,DO,DOM,Yuma,minor,66867.0,1214331828,4,96.60725932945364
Fengcheng,Fengcheng,40.45,124.0667,China,CN,CHN,Liaoning,,469376.0,1156519626,5,116.23689214576989
Skovorodino,Skovorodino,53.9833,123.9333,Russia,RU,RUS,Amurskaya Oblast’,minor,6687.0,1643357581,0,303.78418308910153
Cetinje,Cetinje,42.3894,18.9247,Montenegro,ME,MNE,Cetinje,admin,12460.0,1499733751,1,141.3361660673348
Kabo,Kabo,7.6994,18.6292,Central African Republic,CF,CAF,Ouham,,16279.0,1140386370,2,236.39121307110892
General José de San Martín,General Jose de San Martin,-26.5375,-59.3417,Argentina,AR,ARG,Chaco,minor,31758.0,1032349411,3,69.56683413987471
Hamada,Hamada,34.8992,132.0964,Japan,JP,JPN,Shimane,,50176.0,1392003345,4,74.44097627502487
San Luis,San Luis,16.1989,-89.4403,Guatemala,GT,GTM,Petén,minor,77395.0,1320642245,5,92.07714434814018
Ebelo,Ebelo,-24.4825,46.0284,Madagascar,MG,MDG,Toliara,,10000.0,1450395346,0,81.2615842362392
Hunasagi,Hunasagi,16.4575,76.5239,India,IN,IND,Karnātaka,,13932.0,1356920046,1,85.90251993824477
Patnanungan,Patnanungan,14.78,122.18,Philippines,PH,PHL,Quezon,,15052.0,1608203189,2,100.00660213800683
Rionegro,Rionegro,7.2642,-73.1494,Colombia,CO,COL,Santander,minor,26243.0,1170836628,3,126.51276968484171
Pola,Pola,13.1439,121.44,Philippines,PH,PHL,Oriental Mindoro,,35455.0,1608906063,4,79.45037838913086
Mositai,Mositai,45.5333,119.6528,China,CN,CHN,Inner Mongolia,minor,102214.0,1156252271,5,172.14608186727733
Saint-Félicien,Saint-Felicien,48.65,-72.45,Canada,CA,CAN,Quebec,,10278.0,1124555496,0,257.60869624595733
Shichuanxiang,Shichuanxiang,34.5855,104.3208,China,CN,CHN,Gansu,,12436.0,1156078610,1,125.03366133455229
Gayéri,Gayeri,12.65,0.5,Burkina Faso,BF,BFA,Est,minor,15170.0,1854170724,2,129.15166976461597
Gamboma,Gamboma,-1.8711,15.8781,Congo (Brazzaville),CG,COG,Plateaux,,26053.0,1178991023,3,265.59781760241657
Prijepolje,Prijepolje,43.5439,19.6514,Serbia,RS,SRB,Prijepolje,admin,37059.0,1688287067,4,126.55078012289424
Tumen,Tumen,42.9667,129.85,China,CN,CHN,Jilin,minor,121000.0,1156872358,5,166.22224877745185
El Dorado,El Dorado,6.7167,-61.6167,Venezuela,VE,VEN,Bolívar,,2383.0,1862242782,0,427.1288926550915
Bousso,Bousso,10.4825,16.7161,Chad,TD,TCD,Chari-Baguirmi,,14286.0,1148720066,1,171.54204670101538
Australind,Australind,-33.28,115.726,Australia,AU,AUS,Western Australia,,14539.0,1036182351,2,723.4765256707053
Johnston,Johnston,41.691,-93.7234,United States,US,USA,Iowa,,24196.0,1840008170,3,100.5137546420153
M’diq,M'diq,35.6858,-5.3253,Morocco,MA,MAR,Tanger-Tétouan-Al Hoceïma,,67599.0,1504774869,4,69.18530564871375
Belém,Belem,-1.4558,-48.5039,Brazil,BR,BRA,Pará,admin,1280614.0,1076646823,5,103.81402573183286
Havsa,Havsa,41.5492,26.8217,Turkey,TR,TUR,Edirne,minor,8702.0,1792330361,0,72.33555373758982
Enniscorthy,Enniscorthy,52.5008,-6.5578,Ireland,IE,IRL,Wexford,,12310.0,1372938537,1,117.15088159080774
Bangor,Bangor,53.228,-4.128,United Kingdom,GB,GBR,Isle of Anglesey,,15060.0,1826969137,2,96.540151201064
Rich,Rich,32.2583,-4.5056,Morocco,MA,MAR,Drâa-Tafilalet,,25992.0,1504005566,3,91.26178046014243
Kasungu,Kasungu,-13.0364,33.4822,Malawi,MW,MWI,Kasungu,admin,58653.0,1454117674,4,112.96674438104975
Standerton,Standerton,-26.95,29.25,South Africa,ZA,ZAF,Mpumalanga,,84383.0,1710222465,5,65.06646289100826
Chiankī,Chianki,24.0051,84.1098,India,IN,IND,Jhārkhand,,9312.0,1356232319,0,80.96488044342463
Tokoroa,Tokoroa,-38.22,175.872,New Zealand,NZ,NZL,Waikato,,13572.0,1554951529,1,186.19299093127367
Jamaica,Jamaica,22.9756,-82.1685,Cuba,CU,CUB,Mayabeque,,15000.0,1192343325,2,77.82981580007072
Árta,Arta,39.165,20.9875,Greece,GR,GRC,Ípeiros,minor,21895.0,1300006848,3,124.65775758828893
Dráma,Drama,41.15,24.1467,Greece,GR,GRC,Anatolikí Makedonía kai Thráki,minor,44257.0,1300779088,4,101.01975603692442
Smolensk,Smolensk,54.7828,32.0453,Russia,RU,RUS,Smolenskaya Oblast’,admin,312896.0,1643627051,5,81.68989370285863
Theodore,Theodore,-24.9472,150.0755,Australia,AU,AUS,Queensland,,438.0,1036423364,0,171.35329232071385
Feuchtwangen,Feuchtwangen,49.1667,10.3167,Germany,DE,DEU,Bavaria,,12875.0,1276691065,1,87.27291928145155
Malacacheta,Malacacheta,-17.8419,-42.0769,Brazil,BR,BRA,Minas Gerais,minor,17516.0,1076342419,2,103.78634000303455
Puerto Escondido,Puerto Escondido,15.8619,-97.0672,Mexico,MX,MEX,Oaxaca,,25902.0,1484644846,3,72.32095748708649
Juan-les-Pins,Juan-les-Pins,43.5711,7.1094,France,FR,FRA,Provence-Alpes-Côte d’Azur,,60000.0,1250203047,4,93.64221737015373
Xaignabouli,Xaignabouli,19.25,101.75,Laos,LA,LAO,Xaignabouli,admin,75700.0,1418760593,5,168.94167568347922
Prados,Prados,-21.0578,-44.08,Brazil,BR,BRA,Minas Gerais,minor,9048.0,1076952532,0,102.50726739353665
Novi Iskar,Novi Iskar,42.8226,23.3538,Bulgaria,BG,BGR,Sofia-Grad,,13491.0,1100373780,1,120.18903842699758
Ahram,Ahram,28.8828,51.2756,Iran,IR,IRN,Būshehr,minor,15198.0,1364866540,2,168.9433189290905
Mocajuba,Mocajuba,-2.5839,-49.5069,Brazil,BR,BRA,Pará,minor,27198.0,1076949250,3,151.6397334757092
Cabo Bojador,Cabo Bojador,26.1333,-14.5,Morocco,MA,MAR,Laâyoune-Sakia El Hamra,,42651.0,1504003884,4,171.7624441144655
Bengbu,Bengbu,32.917,117.389,China,CN,CHN,Anhui,,3164467.0,1156440668,5,176.56736916138027
Sokotindji,Sokotindji,10.8528,3.4297,Benin,BJ,BEN,Alibori,,9493.0,1204682883,0,78.01688122223102
Arvand Kenār,Arvand Kenar,29.9786,48.5189,Iran,IR,IRN,Khūzestān,,11173.0,1364278589,1,158.74388360475766
Pielisjärvi,Pielisjarvi,63.3,30.05,Finland,FI,FIN,Pohjois-Karjala,,16150.0,1246863535,2,91.69024061521355
Santiago Papasquiaro,Santiago Papasquiaro,25.0439,-105.4192,Mexico,MX,MEX,Durango,minor,26121.0,1484176278,3,123.86777887894357
Dom Pedrito,Dom Pedrito,-30.9828,-54.6728,Brazil,BR,BRA,Rio Grande do Sul,minor,36981.0,1076917608,4,158.696189281183
Khulna,Khulna,22.8167,89.55,Bangladesh,BD,BGD,Khulna,admin,928891.0,1050667339,5,84.74204038107922
Teplohirsk,Teplohirsk,48.5967,38.5828,Ukraine,UA,UKR,Luhanska Oblast,,9270.0,1804759308,0,68.59969723668519
Annāram,Annaram,16.784,79.302,India,IN,IND,Andhra Pradesh,,13994.0,1356732259,1,73.63150307305868
Canarana I,Canarana I,-13.55,-52.1658,Brazil,BR,BRA,Mato Grosso,,15408.0,1076002028,2,218.795542461221
Staunton,Staunton,38.1593,-79.0611,United States,US,USA,Virginia,,25765.0,1840001670,3,95.12497092360107
Murtajāpur,Murtajapur,20.73,77.51,India,IN,IND,Mahārāshtra,,40295.0,1356183552,4,79.22322957331762
Tiaong,Tiaong,13.95,121.32,Philippines,PH,PHL,Quezon,minor,106265.0,1608344411,5,75.24386061207676
Higashikagura,Higashikagura,43.7,142.45,Japan,JP,JPN,Hokkaidō,,10152.0,1392003322,0,98.67110150886096
Rutherford,Rutherford,-32.7153,151.525,Australia,AU,AUS,New South Wales,,11884.0,1036471917,1,134.94448202396586
Nishinoomote,Nishinoomote,30.7325,130.9969,Japan,JP,JPN,Kagoshima,,14694.0,1392981409,2,89.80274650425255
Almansa,Almansa,38.0,52.0,Spain,ES,ESP,Castille-La Mancha,,24281.0,1724819701,3,210.3041366154878
Charlottetown,Charlottetown,46.2403,-63.1347,Canada,CA,CAN,Prince Edward Island,admin,52390.0,1124897699,4,130.20929308853061
Singapore,Singapore,1.3,103.8,Singapore,SG,SGP,,primary,5983000.0,1702341327,5,114.1327254396033
Barcaldine,Barcaldine,-23.5555,145.2888,Australia,AU,AUS,Queensland,,1243.0,1036284609,0,264.28463836340586
Dianké,Dianke,15.7258,-4.6428,Mali,ML,MLI,Tombouctou,,12684.0,1466785037,1,83.30226493421766
Sisa,Sisa,-6.6142,-76.6936,Peru,PE,PER,San Martín,,14639.0,1604313737,2,322.3169934078653
Tena,Tena,-0.989,-77.8159,Ecuador,EC,ECU,Napo,admin,29724.0,1218759537,3,89.1920741379693
Neryungri,Neryungri,56.6833,124.6667,Russia,RU,RUS,Sakha (Yakutiya),minor,53526.0,1643755298,4,303.78418308910153
Rangoon,Rangoon,16.795,96.16,Burma,MM,MMR,Yangon,primary,6874000.0,1104616656,5,116.48495685570863
Buriti do Tocantins,Buriti do Tocantins,-5.3158,-48.2289,Brazil,BR,BRA,Tocantins,minor,10307.0,1076608745,0,90.05597479824385
Douar Ras el Ksar,Douar Ras el Ksar,33.9819,-3.7494,Morocco,MA,MAR,Oriental,,12092.0,1504604006,1,130.21317734716246
Solon,Solon,46.6194,121.2433,China,CN,CHN,Inner Mongolia,,19500.0,1156795467,2,172.14608186727733
Felipe Carrillo Puerto,Felipe Carrillo Puerto,19.5786,-88.0453,Mexico,MX,MEX,Quintana Roo,minor,25744.0,1484914299,3,109.97832668206557
Kyōtanabe,Kyotanabe,34.8144,135.7678,Japan,JP,JPN,Kyōto,,73985.0,1392003459,4,67.43562180655783
Cochabamba,Cochabamba,-17.3883,-66.1597,Bolivia,BO,BOL,Cochabamba,admin,856198.0,1068793894,5,167.11693362884688
Nanfang,Nanfang,23.3568,115.5167,China,CN,CHN,Guangdong,,10180.0,1156039854,0,80.1085762430697
Escanaba,Escanaba,45.7477,-87.09,United States,US,USA,Michigan,,12374.0,1840003925,1,145.51187921607928
Wittlich,Wittlich,49.9869,6.8897,Germany,DE,DEU,Rhineland-Palatinate,minor,19718.0,1276069973,2,71.78549918789777
Emporia,Emporia,38.4028,-96.1932,United States,US,USA,Kansas,,24098.0,1840001652,3,87.18769812673298
Liuquancun,Liuquancun,39.3635,116.3154,China,CN,CHN,Hebei,,44765.0,1156446826,4,73.51437958319856
Pul-e Khumrī,Pul-e Khumri,35.95,68.7,Afghanistan,AF,AFG,Baghlān,admin,113500.0,1004123527,5,87.87596076825922
Barnīs,Barnis,23.946,35.4842,Egypt,EG,EGY,Al Baḩr al Aḩmar,,10.0,1818107956,0,263.92386184307577
Mandal,Mandal,58.0333,7.45,Norway,NO,NOR,Agder,minor,11053.0,1578061147,1,128.3087080562593
Coto de Caza,Coto de Caza,33.5959,-117.586,United States,US,USA,California,,15363.0,1840028363,2,65.6521264865576
Massamá,Massama,38.7568,-9.2748,Portugal,PT,PRT,Lisboa,,28112.0,1620579552,3,89.08562548510736
Haripur,Haripur,33.9942,72.9333,Pakistan,PK,PAK,Khyber Pakhtunkhwa,minor,49318.0,1586000122,4,72.69014937634651
Jian’ou,Jian'ou,27.0333,118.3167,China,CN,CHN,Fujian,minor,434451.0,1156278784,5,140.30286771632817
Bloomingdale,Bloomingdale,36.5793,-82.5096,United States,US,USA,Tennessee,,8840.0,1840013297,0,137.0900900344971
Citrus Springs,Citrus Springs,28.9931,-82.4594,United States,US,USA,Florida,,11469.0,1840014062,1,104.1525973566325
Junín de los Andes,Junin de los Andes,-39.9167,-71.0667,Argentina,AR,ARG,Neuquén,minor,18716.0,1032993092,2,165.7713412636092
Gujan-Mestras,Gujan-Mestras,44.6364,-1.0667,France,FR,FRA,Nouvelle-Aquitaine,,22643.0,1250633398,3,103.01973148255395
Sibutu,Sibutu,4.85,119.47,Philippines,PH,PHL,Tawi-Tawi,,34243.0,1608534545,4,229.84009451168723
Beichengqu,Beichengqu,40.437,113.11,China,CN,CHN,Inner Mongolia,minor,195229.0,1156401666,5,94.42456946120761
Savissivik,Savissivik,76.0194,-65.1139,Greenland,GL,GRL,Avannaata,,55.0,1304246272,0,921.7360741601235
Gonubie,Gonubie,-32.943,28.008,South Africa,ZA,ZAF,Eastern Cape,,11471.0,1710831729,1,250.2917212426971
Jinjicun,Jinjicun,22.1696,112.4812,China,CN,CHN,Guangdong,,16493.0,1156560763,2,88.79993166570539
Capela,Capela,-10.5028,-37.0528,Brazil,BR,BRA,Sergipe,minor,31645.0,1076554382,3,90.76621167139075
Darāw,Daraw,24.4003,32.9306,Egypt,EG,EGY,Aswān,,38400.0,1818705709,4,149.84193246118704
Hà Tĩnh,Ha Tinh,18.3333,105.9,Vietnam,VN,VNM,Hà Tĩnh,admin,380000.0,1704544061,5,87.80720477862724
Ait Touil,Ait Touil,33.7842,-6.1281,Morocco,MA,MAR,Rabat-Salé-Kénitra,,9375.0,1504272494,0,74.96261436045926
Timberlake,Timberlake,37.3167,-79.2481,United States,US,USA,Virginia,,12833.0,1840006437,1,89.21344985270186
Chaltyr,Chaltyr,47.2848,39.4823,Russia,RU,RUS,Rostovskaya Oblast’,minor,15334.0,1643982881,2,114.43170282860171
Neftekumsk,Neftekumsk,44.7833,44.7667,Russia,RU,RUS,Stavropol’skiy Kray,minor,23075.0,1643977901,3,116.87559234566972
Brejo da Madre de Deus,Brejo da Madre de Deus,-8.1458,-36.3708,Brazil,BR,BRA,Pernambuco,minor,38109.0,1076440699,4,66.40752734896047
Erzurum,Erzurum,39.9086,41.2769,Turkey,TR,TUR,Erzurum,admin,767848.0,1792511957,5,68.26423501252012
Ibirapuã,Ibirapua,-17.6878,-40.1089,Brazil,BR,BRA,Bahia,minor,8896.0,1076018020,0,81.26539040156013
Mountain Home,Mountain Home,36.3351,-92.384,United States,US,USA,Arkansas,,13021.0,1840014452,1,169.48822986683956
La Flèche,La Fleche,47.6959,-0.0747,France,FR,FRA,Pays de la Loire,minor,15081.0,1250450362,2,120.18191997097892
Poro,Poro,10.629,124.407,Philippines,PH,PHL,Cebu,,26232.0,1608111818,3,70.58630604088786
Banepā,Banepa,27.6333,85.5167,Nepal,NP,NPL,,,67629.0,1524404748,4,137.82282590330644
Alabel,Alabel,6.1023,125.2868,Philippines,PH,PHL,Sarangani,admin,88294.0,1608579431,5,65.46930138987597
Gengqing,Gengqing,31.8081,98.5786,China,CN,CHN,Sichuan,minor,10221.0,1156155532,0,219.2273094112735
Tetyushi,Tetyushi,54.9333,48.8333,Russia,RU,RUS,Tatarstan,,11250.0,1643097545,1,112.96499775575487
Auerbach,Auerbach,50.5094,12.4,Germany,DE,DEU,Saxony,,17562.0,1276679224,2,64.24212949423563
Sīwah,Siwah,29.2,25.5167,Egypt,EG,EGY,Maţrūḩ,,23080.0,1818755237,3,270.9212832910049
Bougouni,Bougouni,11.4177,-7.4832,Mali,ML,MLI,Sikasso,minor,59679.0,1466902797,4,128.9293597848491
Luancheng,Luancheng,37.9003,114.6483,China,CN,CHN,Hebei,minor,84068.0,1156272160,5,68.87254654485892
Rideau Lakes,Rideau Lakes,44.6667,-76.2167,Canada,CA,CAN,Ontario,,10207.0,1124000369,0,78.19336384069224
Juan de Herrera,Juan de Herrera,18.8667,-71.2333,Dominican Republic,DO,DOM,El Valle,,13062.0,1214992695,1,68.88970916251887
Bou Izakarn,Bou Izakarn,29.1667,-9.7333,Morocco,MA,MAR,Guelmim-Oued Noun,,18036.0,1504787076,2,140.26724330814602
Calbiga,Calbiga,11.63,125.02,Philippines,PH,PHL,Samar,,23310.0,1608755840,3,72.8987839856623
Bucak,Bucak,37.4592,30.5953,Turkey,TR,TUR,Burdur,minor,45865.0,1792073114,4,115.17394781935633
Fort Lauderdale,Fort Lauderdale,26.1412,-80.1464,United States,US,USA,Florida,,183032.0,1840014236,5,65.58367170098208
Qasigiannguit,Qasigiannguit,68.8201,-51.1932,Greenland,GL,GRL,Qeqertalik,,1081.0,1304001772,0,921.7360741601235
Shāhpura,Shahpura,23.1828,80.6997,India,IN,IND,Madhya Pradesh,,12471.0,1356043629,1,72.02091103091044
Šilutė,Silute,55.35,21.4833,Lithuania,LT,LTU,Šilutė,admin,16200.0,1440568024,2,167.22623474213205
Alnif,Alnif,31.1167,-5.1667,Morocco,MA,MAR,Drâa-Tafilalet,,20978.0,1504225472,3,108.43994278432997
Umarkhed,Umarkhed,19.6014,77.6888,India,IN,IND,Mahārāshtra,,47458.0,1356164903,4,81.20052311186264
Bariadi,Bariadi,-2.7919,33.9894,Tanzania,TZ,TZA,Simiyu,admin,260927.0,1834546025,5,181.29597999905195
Winton,Winton,-22.3913,143.0381,Australia,AU,AUS,Queensland,,856.0,1036031036,0,264.28463836340586
Lubawa,Lubawa,53.5,19.75,Poland,PL,POL,Warmińsko-Mazurskie,,10626.0,1616962128,1,112.35808364902068
Scarborough,Scarborough,11.1833,-60.7375,Trinidad and Tobago,TT,TTO,Tobago,admin,17537.0,1780875399,2,98.3863822750085
Douglas,Douglas,54.15,-4.4775,Isle of Man,IM,IMN,,primary,27938.0,1833688345,3,81.64897421442372
San Luis Obispo,San Luis Obispo,35.2669,-120.669,United States,US,USA,California,,48039.0,1840021734,4,120.2152279365134
Upington,Upington,-28.45,21.25,South Africa,ZA,ZAF,Northern Cape,,74834.0,1710210449,5,156.31009704318257
Mosquera,Mosquera,2.4903,-78.4953,Colombia,CO,COL,Nariño,minor,10203.0,1170583379,0,167.80500492810216
Powdersville,Powdersville,34.7826,-82.4959,United States,US,USA,South Carolina,,11321.0,1840013581,1,124.23450242937052
Olonne-sur-Mer,Olonne-sur-Mer,46.5369,-1.7717,France,FR,FRA,Pays de la Loire,,15061.0,1250986690,2,73.9323227281147
Morozovsk,Morozovsk,48.3667,41.8333,Russia,RU,RUS,Rostovskaya Oblast’,minor,24258.0,1643038040,3,97.41507586971302
La Jagua de Ibirico,La Jagua de Ibirico,9.5667,-73.3333,Colombia,CO,COL,Cesar,minor,46722.0,1170526836,4,109.97313155622447
Daloa,Daloa,6.89,-6.45,Côte d’Ivoire,CI,CIV,Sassandra-Marahoué,admin,421871.0,1384564974,5,287.75642072339065
Baxter,Baxter,46.3426,-94.2793,United States,US,USA,Minnesota,,8804.0,1840006643,0,114.64507636193268
Minamiaizu,Minamiaizu,37.2004,139.7732,Japan,JP,JPN,Fukushima,,14204.0,1392003525,1,66.09317986734182
Cocos,Cocos,-14.1839,-44.5339,Brazil,BR,BRA,Bahia,minor,19151.0,1076142940,2,193.21984948804845
Chalhuanca,Chalhuanca,-14.295,-73.2444,Peru,PE,PER,Apurímac,,27857.0,1604068252,3,187.60730000670364
Don Benito,Don Benito,38.9545,-5.8617,Spain,ES,ESP,Extremadura,,37728.0,1724257021,4,76.78976946791126
Funtua,Funtua,11.5204,7.32,Nigeria,NG,NGA,Katsina,minor,180475.0,1566877863,5,210.83181531502387
Leichi,Leichi,36.35,110.25,China,CN,CHN,Shaanxi,,9192.0,1156416351,0,120.70349172705937
Kavaklıdere,Kavaklidere,37.4469,28.3633,Turkey,TR,TUR,Muğla,minor,10909.0,1792919574,1,68.62922984290572
Regente Feijó,Regente Feijo,-22.2208,-51.3028,Brazil,BR,BRA,São Paulo,minor,20145.0,1076508194,2,95.42686398321003
Gurlan,Gurlan,41.85,60.4,Uzbekistan,UZ,UZB,Xorazm,minor,27600.0,1860136766,3,149.9819554644054
Gwadar,Gwadar,25.1264,62.3225,Pakistan,PK,PAK,Balochistan,minor,70852.0,1586857142,4,520.6067514668736
Abū Ghurayb,Abu Ghurayb,33.3056,44.1848,Iraq,IQ,IRQ,Baghdād,minor,189000.0,1368635737,5,69.39019704882165
Slateng Dua,Slateng Dua,-8.1324,113.9836,Indonesia,ID,IDN,Jawa Timur,minor,8630.0,1360733120,0,166.22965795354142
Aukštieji Paneriai,Aukstieji Paneriai,54.6262,25.181,Lithuania,LT,LTU,Vilniaus Miestas,,11149.0,1440349529,1,69.16567102140637
Bamukumbit,Bamukumbit,5.8167,10.4167,Cameroon,CM,CMR,North-West,,20000.0,1120063479,2,78.50612098584213
Emirdağ,Emirdag,39.0167,31.15,Turkey,TR,TUR,Afyonkarahisar,minor,22978.0,1792515671,3,172.72602131575337
Mikkeli,Mikkeli,61.689,27.272,Finland,FI,FIN,Etelä-Savo,admin,51919.0,1246875185,4,76.92756079376262
Açailandia,Acailandia,-4.9469,-47.505,Brazil,BR,BRA,Maranhão,minor,106550.0,1076993685,5,90.05597479824385
Biederitz,Biederitz,52.1608,11.7178,Germany,DE,DEU,Saxony-Anhalt,,8699.0,1276237569,0,86.83326684891081
McComb,McComb,31.2442,-90.4716,United States,US,USA,Mississippi,,12202.0,1840015877,1,92.24830394939295
Ganyesa,Ganyesa,-26.5908,24.1594,South Africa,ZA,ZAF,North West,,19290.0,1710514594,2,205.3106470819805
Sayula de Alemán,Sayula de Aleman,17.8833,-94.95,Mexico,MX,MEX,Veracruz,minor,32721.0,1484073387,3,109.19232090745338
Lesozavodsk,Lesozavodsk,45.4667,133.4,Russia,RU,RUS,Primorskiy Kray,minor,34967.0,1643722124,4,149.00444252896168
Guyuan,Guyuan,36.01,106.257,China,CN,CHN,Ningxia,,1142142.0,1156817541,5,114.12783592236232
Ludlow,Ludlow,52.368,-2.718,United Kingdom,GB,GBR,Shropshire,,10041.0,1826562344,0,67.38536934599287
Beasain,Beasain,43.0458,-2.1894,Spain,ES,ESP,Basque Country,,13961.0,1724630898,1,74.48626137982104
Koumaïra,Koumaira,15.7833,-3.8667,Mali,ML,MLI,Tombouctou,,14839.0,1466639325,2,73.3284335945136
Teguise,Teguise,29.05,-13.5667,Spain,ES,ESP,Canary Islands,,23411.0,1724648198,3,214.32826182686938
Pueblo Nuevo,Pueblo Nuevo,8.5008,-75.5072,Colombia,CO,COL,Córdoba,minor,41684.0,1170000348,4,94.90576035973639
Kohat,Kohat,33.5833,71.4333,Pakistan,PK,PAK,Khyber Pakhtunkhwa,minor,170800.0,1586349992,5,78.73970912125486
Sartana,Sartana,47.1667,37.6833,Ukraine,UA,UKR,Donetska Oblast,,10070.0,1804984978,0,104.149460999725
Ontario,Ontario,44.0259,-116.976,United States,US,USA,Oregon,,11728.0,1840020002,1,296.710955653338
Riversdale,Riversdale,-34.0969,21.2622,South Africa,ZA,ZAF,Western Cape,,16176.0,1710864327,2,161.07111083356787
Paducah,Paducah,37.0711,-88.644,United States,US,USA,Kentucky,,26894.0,1840014388,3,91.57423869671554
Kaédi,Kaedi,16.1503,-13.5037,Mauritania,MR,MRT,Gorgol,admin,49152.0,1478607377,4,178.1641901116332
Jean-Rabel,Jean-Rabel,19.85,-73.2,Haiti,HT,HTI,Nord-Ouest,,148416.0,1332096865,5,132.46921383415096
Kuala Belait,Kuala Belait,4.5828,114.1918,Brunei,BN,BRN,Belait,admin,4259.0,1096999548,0,404.1793578396954
Mara Rosa,Mara Rosa,-14.0169,-49.1778,Brazil,BR,BRA,Goiás,minor,10700.0,1076150786,1,134.66190503593674
São João dos Poleiros,Sao Joao dos Poleiros,-5.1,-43.85,Brazil,BR,BRA,Maranhão,,16889.0,1076115863,2,79.41943352541284
Las Flores,Las Flores,-36.0139,-59.1,Argentina,AR,ARG,Buenos Aires,minor,26651.0,1032178626,3,148.78561878831974
Remanso,Remanso,-9.6219,-42.0808,Brazil,BR,BRA,Bahia,minor,40586.0,1076051035,4,141.74050438576887
Pangkalpinang,Pangkalpinang,-2.1333,106.1167,Indonesia,ID,IDN,Kepulauan Bangka Belitung,admin,218569.0,1360901919,5,460.5242971003803
Mnichovo Hradiště,Mnichovo Hradiste,50.5214,14.9736,Czechia,CZ,CZE,Středočeský Kraj,,8950.0,1203949277,0,84.9839915442417
Essex Junction,Essex Junction,44.4902,-73.1141,United States,US,USA,Vermont,,10720.0,1840004083,1,115.00144599793417
Gjirokastër,Gjirokaster,40.0758,20.1389,Albania,AL,ALB,Gjirokastër,admin,19836.0,1008368062,2,86.98078899122146
Sarrat,Sarrat,18.1578,120.6447,Philippines,PH,PHL,Ilocos Norte,,25186.0,1608165020,3,84.96157098932228
Jordan,Jordan,10.6,122.6,Philippines,PH,PHL,Guimaras,admin,39566.0,1608769914,4,74.70623507630623
Cheria,Cheria,35.2667,7.75,Algeria,DZ,DZA,Tébessa,,75344.0,1012061422,5,158.56410369191337
Burayevo,Burayevo,55.8397,55.4044,Russia,RU,RUS,Bashkortostan,minor,9522.0,1643852683,0,199.43829739725402
Tsingoni,Tsingoni,-12.7858,45.1113,Mayotte,YT,MYT,,,13934.0,1175234033,1,103.89039758308681
Miracema do Tocantins,Miracema do Tocantins,-9.5669,-48.3919,Brazil,BR,BRA,Tocantins,minor,18566.0,1076346229,2,82.53041259344009
Itampolo,Itampolo,-24.6829,43.9512,Madagascar,MG,MDG,Toliara,,32000.0,1450567522,3,90.34743069774416
Villarrica,Villarrica,-25.75,-56.4333,Paraguay,PY,PRY,Guairá,admin,56385.0,1600446518,4,81.57224801314852
Catanzaro,Catanzaro,38.91,16.5875,Italy,IT,ITA,Calabria,admin,84670.0,1380650072,5,79.59784220084646
Querfurt,Querfurt,51.3833,11.6,Germany,DE,DEU,Saxony-Anhalt,,10253.0,1276096185,0,69.65906767793422
Ambinanindovoka,Ambinanindovoka,-21.9167,47.1,Madagascar,MG,MDG,Fianarantsoa,,11000.0,1450885987,1,71.41690492650187
Gorbea,Gorbea,-39.1,-72.6833,Chile,CL,CHL,Araucanía,,14414.0,1152299665,2,137.44569787272422
Enterprise,Enterprise,31.3275,-85.8463,United States,US,USA,Alabama,,28990.0,1840001548,3,109.89849375658956
Los Palacios y Villafranca,Los Palacios y Villafranca,37.1625,-5.9242,Spain,ES,ESP,Andalusia,,38757.0,1724334949,4,77.27769788947226
Thatta,Thatta,24.7461,67.9244,Pakistan,PK,PAK,Sindh,minor,220000.0,1586208265,5,112.67626359770823
Atri,Atri,42.5833,13.9833,Italy,IT,ITA,Abruzzo,,9996.0,1380722588,0,66.03167222747277
Chenggong,Chenggong,23.1167,121.35,Taiwan,TW,TWN,Taitung,,13193.0,1158560266,1,114.20936635546589
Porteiras,Porteiras,-7.535,-39.1178,Brazil,BR,BRA,Ceará,minor,17050.0,1076933484,2,111.2718245450987
Armidale,Armidale,-30.5,151.65,Australia,AU,AUS,New South Wales,,21312.0,1036975829,3,95.46226868461447
Lagkadás,Lagkadas,40.75,23.0667,Greece,GR,GRC,Kentrikí Makedonía,minor,37022.0,1300163444,4,85.79190970979842
Planaltina,Planaltina,-15.4528,-47.6139,Brazil,BR,BRA,Goiás,minor,105031.0,1076186542,5,95.94606849719925
Boffa,Boffa,10.185,-14.043,Guinea,GN,GIN,Boké,minor,2332.0,1324801511,0,170.66558663499998
Ubaí,Ubai,-16.285,-44.7778,Brazil,BR,BRA,Minas Gerais,minor,11708.0,1076943170,1,65.78971844925873
Bakel,Bakel,14.9042,-12.4583,Senegal,SN,SEN,Tambacounda,,15000.0,1686470120,2,165.47061169901318
Balabanovo,Balabanovo,55.1833,36.6667,Russia,RU,RUS,Kaluzhskaya Oblast’,,30194.0,1643544515,3,116.36566884255339
Sarikei,Sarikei,2.1167,111.5167,Malaysia,MY,MYS,Sarawak,,56228.0,1458988350,4,404.1793578396954
Zonguldak,Zonguldak,41.4564,31.7986,Turkey,TR,TUR,Zonguldak,admin,101749.0,1792410633,5,130.97765417849905
Gədəbəy,Gadabay,40.5706,45.8123,Azerbaijan,AZ,AZE,Gədəbəy,admin,9161.0,1031444480,0,126.47181662157436
Bessonovka,Bessonovka,53.3094,45.0419,Russia,RU,RUS,Penzenskaya Oblast’,,13775.0,1643788725,1,94.0120110087027
Glasgow,Glasgow,37.0048,-85.9263,United States,US,USA,Kentucky,,15141.0,1840013268,2,96.67781550648634
Ulongué,Ulongue,-14.7167,34.3667,Mozambique,MZ,MOZ,Tete,,25309.0,1508479155,3,93.16050244933191
Chisec,Chisec,15.8125,-90.3217,Guatemala,GT,GTM,Alta Verapaz,minor,69325.0,1320378643,4,83.81250473378788
Burzaco,Burzaco,-34.8167,-58.3667,Argentina,AR,ARG,Buenos Aires,,98859.0,1032073218,5,64.76690815060162
Kaï,Kai,10.9667,-5.7,Mali,ML,MLI,Sikasso,,8827.0,1466076830,0,90.62539845564721
Beeville,Beeville,28.4053,-97.749,United States,US,USA,Texas,,13518.0,1840019698,1,164.24828620784328
Nakasi,Nakasi,-18.0708,178.5214,Fiji,FJ,FJI,Naitasiri,,18919.0,1242908509,2,778.3330842328702
Belo Oriente,Belo Oriente,-19.22,-42.4839,Brazil,BR,BRA,Minas Gerais,minor,23928.0,1076586666,3,112.5196893425736
Dongsheng,Dongsheng,29.7139,112.53,China,CN,CHN,Hubei,,53184.0,1156078781,4,121.99006315757738
Bratsk,Bratsk,56.1167,101.6,Russia,RU,RUS,Irkutskaya Oblast’,minor,220097.0,1643485535,5,258.66202952728287
Cornebarrieu,Cornebarrieu,43.65,1.3272,France,FR,FRA,Occitanie,,8571.0,1250945327,0,84.42079327135521
Zambrano,Zambrano,9.75,-74.8333,Colombia,CO,COL,Bolívar,minor,11367.0,1170000087,1,70.4043501012183
Amaraji,Amaraji,-8.3758,-35.4522,Brazil,BR,BRA,Pernambuco,minor,18205.0,1076105357,2,75.13373032986341
Curuçá,Curuca,-0.7339,-47.855,Brazil,BR,BRA,Pará,minor,26160.0,1076098229,3,75.4038804434511
Buug,Buug,7.7286,123.0608,Philippines,PH,PHL,Zamboanga Sibugay,,38425.0,1608366123,4,113.38546396814719
Miass,Miass,55.0,60.1,Russia,RU,RUS,Chelyabinskaya Oblast’,minor,147287.0,1643043679,5,84.81303887828672
Borgampād,Borgampad,17.65,80.8667,India,IN,IND,Andhra Pradesh,,10235.0,1356917535,0,67.38873309089418
Máncora,Mancora,-4.1056,-81.0472,Peru,PE,PER,Piura,,10547.0,1604011559,1,97.10814961785488
Morroa,Morroa,9.3333,-75.3167,Colombia,CO,COL,Sucre,minor,14429.0,1170532353,2,70.4043501012183
Zhongtai,Zhongtai,35.0675,107.613,China,CN,CHN,Gansu,,28578.0,1156898882,3,85.5070317571723
Yalutorovsk,Yalutorovsk,56.65,66.2833,Russia,RU,RUS,Tyumenskaya Oblast’,minor,38882.0,1643158086,4,86.9521690968773
Didim,Didim,37.3756,27.2678,Turkey,TR,TUR,Aydın,minor,97000.0,1792743325,5,65.34868905820527
Dorogobuzh,Dorogobuzh,54.9167,33.3,Russia,RU,RUS,Smolenskaya Oblast’,minor,9086.0,1643314720,0,81.68989370285863
Kadiana,Kadiana,10.75,-6.5,Mali,ML,MLI,Sikasso,,12404.0,1466279881,1,90.62539845564721
La Cruz,La Cruz,23.9214,-106.8919,Mexico,MX,MEX,Sinaloa,minor,15657.0,1484243519,2,194.39302868528858
Manaratsandry,Manaratsandry,-16.188,46.5078,Madagascar,MG,MDG,Mahajanga,,31056.0,1450445247,3,77.96363383229095
Rohnert Park,Rohnert Park,38.3479,-122.6965,United States,US,USA,California,,44461.0,1840020243,4,74.88497488593666
Wa,Wa,10.0667,-2.5,Ghana,GH,GHA,Upper West,admin,107214.0,1288765586,5,258.0807735720632
Namtsy,Namtsy,62.7333,129.6667,Russia,RU,RUS,Sakha (Yakutiya),minor,10364.0,1643884907,0,728.3247355764075
Minehead,Minehead,51.204,-3.481,United Kingdom,GB,GBR,Somerset,,11752.0,1826790025,1,99.83303354291837
Ulchin,Ulchin,37.002,129.4003,"Korea, South",KR,KOR,Gyeongbuk,,14426.0,1410704555,2,107.88311717608065
Mahambo,Mahambo,-17.4914,49.4498,Madagascar,MG,MDG,Toamasina,,26000.0,1450449223,3,87.42430795114828
Lebanon,Lebanon,36.204,-86.3481,United States,US,USA,Tennessee,,41951.0,1840014466,4,93.2536458367928
Kohīma,Kohima,25.67,94.1,India,IN,IND,Nāgāland,admin,99039.0,1356332206,5,144.01861451679838
Ingeniero Jacobacci,Ingeniero Jacobacci,-41.3,-69.5833,Argentina,AR,ARG,Río Negro,,6261.0,1032402027,0,198.33702464700295
Canelinha,Canelinha,-27.265,-48.7678,Brazil,BR,BRA,Santa Catarina,minor,12821.0,1076425933,1,73.87939785399745
Tullahoma,Tullahoma,35.3721,-86.2172,United States,US,USA,Tennessee,,20672.0,1840015410,2,82.41781379148499
Bidur,Bidur,4.1167,101.2833,Malaysia,MY,MYS,Perak,,25000.0,1458028952,3,137.09207777410023
Esperanza,Esperanza,8.68,125.65,Philippines,PH,PHL,Agusan del Sur,,59353.0,1608011025,4,75.19629191444047
Mang La,Mang La,14.3617,108.0083,Vietnam,VN,VNM,Kon Tum,,172712.0,1704178922,5,130.06700556275138
Rasebetsane,Rasebetsane,-29.8992,27.6628,Lesotho,LS,LSO,Mafeteng,,10519.0,1426189375,0,119.82267676642795
Svrljig,Svrljig,43.4167,22.1167,Serbia,RS,SRB,Svrljig,admin,14249.0,1688519603,1,94.56801339070769
Petrila,Petrila,45.45,23.42,Romania,RO,ROU,Hunedoara,,19600.0,1642937566,2,127.2209100952499
Ortigueira,Ortigueira,-24.2078,-50.9489,Brazil,BR,BRA,Paraná,minor,24192.0,1076897299,3,71.72440136417818
Garbahaarrey,Garbahaarrey,3.35,42.2667,Somalia,SO,SOM,Gedo,admin,43000.0,1706488487,4,111.78960465710405
Bareilly,Bareilly,28.3667,79.4306,India,IN,IND,Uttar Pradesh,,1000000.0,1356698199,5,82.18809722537846
Thung Sai,Thung Sai,16.3149,99.8327,Thailand,TH,THA,Kamphaeng Phet,minor,8971.0,1764018177,0,79.74879514662871
Severobaykalsk,Severobaykalsk,55.65,109.3167,Russia,RU,RUS,Buryatiya,,12882.0,1643130007,1,260.23726986788887
Oktyabrsk,Oktyabrsk,53.1667,48.6667,Russia,RU,RUS,Samarskaya Oblast’,,20703.0,1643865779,2,179.821701005007
Massantola,Massantola,13.4889,-7.8058,Mali,ML,MLI,Koulikoro,,32358.0,1466269912,3,66.56640001656447
Andapa,Andapa,-14.6622,49.6528,Madagascar,MG,MDG,Antsiranana,,34616.0,1450290201,4,81.45348011420174
Aurangābād,Aurangabad,24.7,84.35,India,IN,IND,Bihār,,102244.0,1356920493,5,76.6891447710127
Eleşkirt,Eleskirt,39.7981,42.6744,Turkey,TR,TUR,Ağrı,minor,10191.0,1792340352,0,119.92467555104028
Piên,Pien,-26.0978,-49.4289,Brazil,BR,BRA,Paraná,minor,13655.0,1076583722,1,72.81953049224222
Guareí,Guarei,-23.3728,-48.1842,Brazil,BR,BRA,São Paulo,minor,18887.0,1076364248,2,80.90065647627317
Ségala Mba,Segala Mba,14.5585,-10.9617,Mali,ML,MLI,Kayes,,30305.0,1466819019,3,158.5658423184136
São José do Rio Pardo,Sao Jose do Rio Pardo,-21.5958,-46.8889,Brazil,BR,BRA,São Paulo,minor,50077.0,1076381687,4,90.26413778294294
Nanaimo,Nanaimo,49.1642,-123.9364,Canada,CA,CAN,British Columbia,,106079.0,1124623893,5,65.25118551233318
San Juanito de Escobedo,San Juanito de Escobedo,20.8,-104.0,Mexico,MX,MEX,Jalisco,minor,9433.0,1484130165,0,97.81136581908683
Kavarna,Kavarna,43.4361,28.3394,Bulgaria,BG,BGR,Dobrich,minor,11202.0,1100727601,1,65.01225003711501
Gömeç,Gomec,39.3911,26.84,Turkey,TR,TUR,Balıkesir,minor,16880.0,1792446908,2,107.62751081897306
Dongsheng,Dongsheng,36.9996,105.0029,China,CN,CHN,Gansu,,23809.0,1156107612,3,145.4904046644672
Juventino Rosas,Juventino Rosas,20.65,-101.0,Mexico,MX,MEX,Guanajuato,minor,42264.0,1484008596,4,93.30379280317528
Minzhu,Minzhu,43.7238,127.3448,China,CN,CHN,Jilin,minor,328925.0,1156295044,5,81.67646931681864
Tsarevo,Tsarevo,42.1669,27.85,Bulgaria,BG,BGR,Burgas,,9813.0,1100848106,0,80.92329669092457
Doctor Juan Eulogio Estigarribia,Doctor Juan Eulogio Estigarribia,-25.3718,-55.7046,Paraguay,PY,PRY,Caaguazú,,14316.0,1600438790,1,84.33104644865905
Langrucun,Langrucun,36.9014,79.6261,China,CN,CHN,Xinjiang,,16505.0,1156566556,2,382.9500981378076
Bungku,Bungku,-2.5333,121.9667,Indonesia,ID,IDN,Sulawesi Tengah,minor,25477.0,1360661164,3,93.2362306342242
Georgetown,Georgetown,38.2247,-84.5487,United States,US,USA,Kentucky,,38206.0,1840013197,4,109.73987965996949
Madrid,Madrid,4.7344,-74.2683,Colombia,CO,COL,Cundinamarca,minor,112254.0,1170693388,5,74.02091673761126
Demmin,Demmin,53.905,13.0439,Germany,DE,DEU,Mecklenburg-Western Pomerania,,10293.0,1276386093,0,78.29384072273778
Vanj,Vanj,38.3731,71.4553,Tajikistan,TJ,TJK,Kŭhistoni Badakhshon,minor,11217.0,1762019950,1,146.51702454562158
Ribeirão Branco,Ribeirao Branco,-24.2208,-48.7658,Brazil,BR,BRA,São Paulo,minor,18627.0,1076454991,2,93.40648365462391
Savur,Savur,37.5375,40.8892,Turkey,TR,TUR,Mardin,minor,24821.0,1792346583,3,83.39685016594036
Esperanza,Esperanza,-31.4427,-60.9257,Argentina,AR,ARG,Santa Fe,minor,42082.0,1032763447,4,80.24100150170003
Aksu,Aksu,41.185,80.2904,China,CN,CHN,Xinjiang,minor,535657.0,1156436913,5,270.57306181541844
Tissint,Tissint,29.9006,-7.3203,Morocco,MA,MAR,Souss-Massa,,8797.0,1504720693,0,150.368722057229
Ulricehamn,Ulricehamn,57.7917,13.4186,Sweden,SE,SWE,Västra Götaland,minor,11794.0,1752323454,1,80.90246277570542
Guanduqiao,Guanduqiao,29.4792,111.2975,China,CN,CHN,Hunan,,14500.0,1156303107,2,121.99006315757738
East Pennsboro,East Pennsboro,40.2886,-76.9394,United States,US,USA,Pennsylvania,,21022.0,1840143336,3,65.46148580572894
Pulgaon,Pulgaon,20.726,78.317,India,IN,IND,Mahārāshtra,,33925.0,1356747554,4,83.92711754474568
As Safīrah,As Safirah,36.077,37.3725,Syria,SY,SYR,Ḩalab,minor,106460.0,1760134354,5,102.69362174395748
Ertis,Ertis,53.3337,75.459,Kazakhstan,KZ,KAZ,Pavlodar,minor,7772.0,1398172080,0,176.474712286342
Campos Altos,Campos Altos,-19.6958,-46.1708,Brazil,BR,BRA,Minas Gerais,minor,12819.0,1076184165,1,130.8545964266973
Ban Wiang Phan,Ban Wiang Phan,20.4128,99.8853,Thailand,TH,THA,Chiang Rai,,20252.0,1764466562,2,90.5790881729186
Krasnoarmeysk,Krasnoarmeysk,51.0231,45.7031,Russia,RU,RUS,Saratovskaya Oblast’,,21350.0,1643504367,3,258.1909668169356
Otofuke,Otofuke,43.0,143.2,Japan,JP,JPN,Hokkaidō,,44049.0,1392138807,4,98.67110150886096
Eldoret,Eldoret,0.5167,35.2833,Kenya,KE,KEN,Uasin Gishu,admin,289380.0,1404676289,5,170.34494564199653
Oatlands,Oatlands,-42.3,147.3706,Australia,AU,AUS,Tasmania,,562.0,1036926323,0,513.9704936844743
Três Cachoeiras,Tres Cachoeiras,-29.4558,-49.9239,Brazil,BR,BRA,Rio Grande do Sul,minor,10962.0,1076760504,1,86.8927762039518
Kouka,Kouka,11.9,-4.3333,Burkina Faso,BF,BFA,Boucle du Mouhoun,,17286.0,1854523229,2,84.05671138492913
Raytown,Raytown,38.9944,-94.4641,United States,US,USA,Missouri,,29593.0,1840009681,3,163.83661351415375
Sabinas,Sabinas,27.9167,-101.3,Mexico,MX,MEX,Coahuila,minor,64811.0,1484526560,4,76.64266084986241
Luziânia,Luziania,-16.2528,-47.95,Brazil,BR,BRA,Goiás,minor,174531.0,1076073549,5,83.42545942170652
Séné,Sene,47.6206,-2.7358,France,FR,FRA,Bretagne,,9265.0,1250595127,0,107.72629618638766
Sassenage,Sassenage,45.2058,5.6656,France,FR,FRA,Auvergne-Rhône-Alpes,,11579.0,1250352112,1,72.10914819413726
Nizhniy Lomov,Nizhniy Lomov,53.5167,43.6667,Russia,RU,RUS,Penzenskaya Oblast’,,20421.0,1643956972,2,94.0120110087027
Longhong,Longhong,19.8828,110.4111,China,CN,CHN,Hainan,,29530.0,1156134196,3,71.04541164164037
Kyaukme,Kyaukme,22.5392,97.0283,Burma,MM,MMR,Shan State,,39930.0,1104895857,4,323.7636969370691
Chipata,Chipata,-13.6453,32.6464,Zambia,ZM,ZMB,Eastern,admin,327059.0,1894816262,5,112.96674438104975
Zambezi,Zambezi,-13.55,23.1167,Zambia,ZM,ZMB,North-Western,,7074.0,1894660797,0,546.5635230895972
Valentim Gentil,Valentim Gentil,-20.4219,-50.0878,Brazil,BR,BRA,São Paulo,minor,14098.0,1076430785,1,93.27214603593522
Borda da Mata,Borda da Mata,-22.2739,-46.165,Brazil,BR,BRA,Minas Gerais,minor,17404.0,1076422233,2,66.66924246939516
Xiaobazi,Xiaobazi,27.333,105.5099,China,CN,CHN,Guizhou,,29108.0,1156850268,3,117.67673987260439
Zainsk,Zainsk,55.3,52.0167,Russia,RU,RUS,Tatarstan,,40366.0,1643336213,4,83.73141642360491
Kendari,Kendari,-3.9907,122.5086,Indonesia,ID,IDN,Sulawesi Tenggara,admin,331013.0,1360992102,5,172.86109868092294
Leonora,Leonora,-28.8845,121.3308,Australia,AU,AUS,Western Australia,,657.0,1036140404,0,723.4765256707053
Ricaurte,Ricaurte,4.2792,-74.7728,Colombia,CO,COL,Cundinamarca,minor,12881.0,1170544866,1,75.42882941491366
Charām,Charam,30.7461,50.7461,Iran,IR,IRN,Kohgīlūyeh va Bowyer Aḩmad,minor,15218.0,1364997839,2,94.91126965867379
Ituango,Ituango,7.1717,-75.7642,Colombia,CO,COL,Antioquia,minor,23784.0,1170490299,3,69.09882222579799
Araklı,Arakli,40.9333,40.05,Turkey,TR,TUR,Trabzon,minor,48581.0,1792527664,4,94.06960402488164
Minsk,Minsk,53.9006,27.5586,Belarus,BY,BLR,Minsk,primary,1992862.0,1112348503,5,78.5787105596856
Sirdala,Sirdala,24.6559,85.4092,India,IN,IND,Bihār,,9741.0,1356357119,0,64.01831683090522
Ciénega de Flores,Cienega de Flores,25.95,-100.1833,Mexico,MX,MEX,Nuevo León,minor,14268.0,1484782533,1,128.41403109616414
Dudinka,Dudinka,69.4064,86.1764,Russia,RU,RUS,Krasnoyarskiy Kray,minor,19309.0,1643923236,2,371.8998158208892
Alta Floresta D’Oeste,Alta Floresta D'Oeste,-11.9283,-61.995,Brazil,BR,BRA,Rondônia,minor,21494.0,1076909732,3,195.6100449345095
Huishi,Huishi,35.6918,105.0531,China,CN,CHN,Gansu,minor,68958.0,1156373827,4,79.00749680546774
Sablayan,Sablayan,12.8428,120.775,Philippines,PH,PHL,Occidental Mindoro,,92598.0,1608764789,5,79.45037838913086
Tha Mai,Tha Mai,12.6214,102.0048,Thailand,TH,THA,Chanthaburi,minor,9843.0,1764588619,0,99.90705649788254
Boudenib,Boudenib,31.9497,-3.6078,Morocco,MA,MAR,Drâa-Tafilalet,,13411.0,1504858254,1,91.26178046014243
Saraikela,Saraikela,22.6996,85.9313,India,IN,IND,Jhārkhand,,16196.0,1356002009,2,74.26408996713596
Mahemdāvād,Mahemdavad,22.83,72.77,India,IN,IND,Gujarāt,,30769.0,1356006601,3,107.01790059634523
Porirua,Porirua,-41.1333,174.85,New Zealand,NZ,NZL,Wellington,,55218.0,1554561880,4,170.97043683266872
Xiangkhoang,Xiangkhoang,19.4167,103.5,Laos,LA,LAO,Xiangkhouang,,267172.0,1418829021,5,184.166956561429
Omutinskiy,Omutinskiy,56.4781,67.6678,Russia,RU,RUS,Tyumenskaya Oblast’,minor,9101.0,1643867342,0,86.9521690968773
Dachne,Dachne,46.5775,30.5489,Ukraine,UA,UKR,Odeska Oblast,,11150.0,1804516760,1,123.83041155389184
Monkey Bay,Monkey Bay,-14.0728,34.9201,Malawi,MW,MWI,Mangochi,,14955.0,1454428949,2,93.16050244933191
Meoqui,Meoqui,28.2722,-105.4819,Mexico,MX,MEX,Chihuahua,minor,22574.0,1484867296,3,224.96289293255225
Ciudad del Plata,Ciudad del Plata,-34.7667,-56.3806,Uruguay,UY,URY,San José,,38249.0,1858720449,4,75.64229623362095
Panabo,Panabo,7.3,125.68,Philippines,PH,PHL,Davao del Norte,,209230.0,1608577408,5,96.95988389382357
Ust’-Kuyga,Ust'-Kuyga,70.0171,135.6,Russia,RU,RUS,Sakha (Yakutiya),,1517.0,1643953506,0,794.2664403968436
Żnin,Znin,52.85,17.7,Poland,PL,POL,Kujawsko-Pomorskie,minor,13268.0,1616616613,1,74.13818408546638
San Juan Lalana,San Juan Lalana,17.4667,-95.8833,Mexico,MX,MEX,Oaxaca,,16972.0,1484819599,2,102.6884652456668
Tosa,Tosa,33.5,133.4333,Japan,JP,JPN,Kōchi,,25665.0,1392003205,3,106.97397514116301
Clifton Park,Clifton Park,42.8587,-73.8242,United States,US,USA,New York,,37996.0,1840057994,4,123.92534886210834
Tandwa,Tandwa,26.55,82.65,India,IN,IND,Uttar Pradesh,,95516.0,1356683773,5,78.59755932472733
Shumanay,Shumanay,42.6333,58.9167,Uzbekistan,UZ,UZB,Qoraqalpog‘iston,,10513.0,1860689478,0,126.38235962138202
Bad Vöslau,Bad Voslau,47.9667,16.2167,Austria,AT,AUT,Niederösterreich,,11844.0,1040153986,1,115.22190192839238
Xapuri,Xapuri,-10.6517,-68.5044,Brazil,BR,BRA,Acre,minor,19596.0,1076525025,2,228.91101114566337
Siqueira Campos,Siqueira Campos,-23.6889,-49.8339,Brazil,BR,BRA,Paraná,minor,22811.0,1076393725,3,74.57080584503127
Peyziwat,Peyziwat,39.4955,76.7428,China,CN,CHN,Xinjiang,minor,33971.0,1156141748,4,313.61069118535625
Pohang,Pohang,36.0322,129.365,"Korea, South",KR,KOR,Gyeongbuk,minor,503780.0,1410983252,5,107.88311717608065
Thargomindah,Thargomindah,-27.9922,143.8197,Australia,AU,AUS,Queensland,,194.0,1036793708,0,514.7863732126694
Bécancour,Becancour,46.3333,-72.4333,Canada,CA,CAN,Quebec,,13561.0,1124242297,1,120.61667069982914
Xintangcun,Xintangcun,23.9423,116.7865,China,CN,CHN,Guangdong,,17100.0,1156190257,2,67.44601508678937
Kailahun,Kailahun,8.2794,-10.5733,Sierra Leone,SL,SLE,Eastern,,30411.0,1694287163,3,80.79425310606595
Ponte Nova,Ponte Nova,-20.4164,-42.9086,Brazil,BR,BRA,Minas Gerais,minor,57390.0,1076567178,4,100.12127065698712
Yokohama,Yokohama,35.4442,139.6381,Japan,JP,JPN,Kanagawa,admin,3757630.0,1392118339,5,69.88333757365467
Livingston,Livingston,45.6665,-110.5539,United States,US,USA,Montana,,8635.0,1840019906,0,426.6489187194568
Târgu Lăpuş,Targu Lapus,47.4525,23.8631,Romania,RO,ROU,Maramureş,,11163.0,1642400561,1,100.51740276959781
Chapada dos Guimarães,Chapada dos Guimaraes,-15.4608,-55.75,Brazil,BR,BRA,Mato Grosso,minor,18990.0,1076928999,2,100.60913895617557
Gwanda,Gwanda,-20.9389,29.0186,Zimbabwe,ZW,ZWE,Matabeleland South,admin,26700.0,1716612305,3,125.23479598227938
Mineral’nyye Vody,Mineral'nyye Vody,44.2167,43.1333,Russia,RU,RUS,Stavropol’skiy Kray,minor,69082.0,1643357328,4,105.95556257667698
El Geneina,El Geneina,13.45,22.44,Sudan,SD,SDN,West Darfur,admin,538390.0,1729642412,5,252.9761241040256
San Calixto,San Calixto,8.4,-73.2167,Colombia,CO,COL,Norte de Santander,minor,9961.0,1170279369,0,116.30739639467663
Aougrout,Aougrout,28.7,0.3167,Algeria,DZ,DZA,Adrar,,11784.0,1012326755,1,279.93054172081116
Mosopa,Mosopa,-24.7792,25.4183,Botswana,BW,BWA,Southern,,19780.0,1072143479,2,194.36047944345518
Lukula,Lukula,-5.4,12.9333,Congo (Kinshasa),CD,COD,Kongo Central,,26878.0,1180668976,3,75.89949879286699
Zvishavane,Zvishavane,-20.3333,30.0333,Zimbabwe,ZW,ZWE,Masvingo,,59717.0,1716895095,4,125.23479598227938
Loja,Loja,-3.9833,-79.2,Ecuador,EC,ECU,Loja,admin,203496.0,1218739896,5,193.46901912849427
Tmassah,Tmassah,26.3667,15.8,Libya,LY,LBY,Murzuq,,500.0,1434333715,0,265.1145486910697
Węgrów,Wegrow,52.4,22.0167,Poland,PL,POL,Mazowieckie,minor,11993.0,1616038840,1,133.63045508559304
Budhni,Budhni,22.7825,77.682,India,IN,IND,Madhya Pradesh,,18204.0,1356020676,2,105.82312986839247
Maralal,Maralal,1.1,36.7,Kenya,KE,KEN,Samburu,admin,31350.0,1404895664,3,170.34494564199653
Seevetal,Seevetal,53.3833,9.9667,Germany,DE,DEU,Lower Saxony,,42880.0,1276709038,4,65.32694991910232
Calabar,Calabar,4.9767,8.3383,Nigeria,NG,NGA,Cross River,admin,179392.0,1566495489,5,111.80471368804353
Celano,Celano,42.0843,13.5478,Italy,IT,ITA,Abruzzo,,10186.0,1380585394,0,66.03167222747277
Sørum,Sorum,60.0,11.2333,Norway,NO,NOR,Viken,,12768.0,1578429477,1,88.60360811617488
Calkiní,Calkini,20.3667,-90.05,Mexico,MX,MEX,Campeche,minor,14934.0,1484329915,2,74.39835064078785
Ravulapalem,Ravulapalem,16.4833,81.9833,India,IN,IND,Andhra Pradesh,,23142.0,1356121536,3,85.23588577353676
Faya,Faya,17.9169,19.1167,Chad,TD,TCD,Borkou,admin,48090.0,1148095016,4,586.0613069145629
Maputo,Maputo,-25.9153,32.5764,Mozambique,MZ,MOZ,Maputo,primary,1133200.0,1508074843,5,150.39867533146236
Abū Khashab,Abu Khashab,35.9481,40.022,Syria,SY,SYR,Dayr az Zawr,,9046.0,1760868010,0,90.22908521762223
Kissane Ltouqi,Kissane Ltouqi,34.6,-5.0833,Morocco,MA,MAR,Fès-Meknès,,11763.0,1504247609,1,71.03833559787067
Palestine,Palestine,31.7544,-95.6471,United States,US,USA,Texas,,18888.0,1840020798,2,91.96444923018466
Valdepeñas,Valdepenas,38.7617,-3.385,Spain,ES,ESP,Castille-La Mancha,,30617.0,1724776859,3,86.84677816989114
Kyzyl-Kyya,Kyzyl-Kyya,40.2667,72.05,Kyrgyzstan,KG,KGZ,Batken,,51300.0,1417902733,4,95.89223842583874
Tiaret,Tiaret,35.3667,1.3167,Algeria,DZ,DZA,Tiaret,admin,178915.0,1012785868,5,73.37897513287899
Ramdeora,Ramdeora,27.01,71.92,India,IN,IND,Rājasthān,,9402.0,1356479728,0,177.1215858990179
Villa Juárez,Villa Juarez,27.1278,-109.8426,Mexico,MX,MEX,Sonora,minor,13153.0,1484467834,1,276.88698391706924
Klimavichy,Klimavichy,53.6167,31.95,Belarus,BY,BLR,Mahilyowskaya Voblasts’,minor,15020.0,1112437772,2,129.81263371354035
Fārsān,Farsan,32.255,50.5631,Iran,IR,IRN,Chahār Maḩāl va Bakhtīārī,minor,30504.0,1364887348,3,72.2395706565508
Bihać,Bihac,44.8147,15.8692,Bosnia and Herzegovina,BA,BIH,"Bosnia and Herzegovina, Federation of",minor,56261.0,1070788265,4,76.18676043123408
Chita,Chita,52.05,113.4667,Russia,RU,RUS,Zabaykal’skiy Kray,admin,333159.0,1643036673,5,331.2007931024966
Moranbah,Moranbah,-22.0016,148.0533,Australia,AU,AUS,Queensland,,8735.0,1036916453,0,331.92533317896806
Trimbak,Trimbak,19.93,73.53,India,IN,IND,Mahārāshtra,,12056.0,1356032148,1,84.08134237613298
Marechal Taumaturgo,Marechal Taumaturgo,-8.9411,-72.7917,Brazil,BR,BRA,Acre,minor,19299.0,1076754206,2,210.19097950476137
Haines City,Haines City,28.1102,-81.6157,United States,US,USA,Florida,,31156.0,1840014136,3,65.42155294238401
Gisborne,Gisborne,-38.6625,178.0178,New Zealand,NZ,NZL,Gisborne,admin,34527.0,1554359840,4,193.2478007776094
Iquitos,Iquitos,-3.75,-73.25,Peru,PE,PER,Loreto,admin,377609.0,1604493809,5,496.81612704468307
Pike Road,Pike Road,32.2939,-86.09,United States,US,USA,Alabama,,10103.0,1840017000,0,101.64672045567183
Lyuban,Lyuban,52.7819,28.0525,Belarus,BY,BLR,Minskaya Voblasts’,minor,11339.0,1112654360,1,108.99693647870102
Marsciano,Marsciano,42.9167,12.3333,Italy,IT,ITA,Umbria,,18010.0,1380905185,2,70.95579880696559
Karanjiā,Karanjia,21.7626,85.9732,India,IN,IND,Odisha,,28302.0,1356693640,3,65.5803465822326
Cornélio Procópio,Cornelio Procopio,-23.1808,-50.6469,Brazil,BR,BRA,Paraná,minor,45206.0,1076363529,4,100.35822031880176
Vientiane,Vientiane,17.98,102.63,Laos,LA,LAO,Viangchan,primary,948487.0,1418732714,5,88.47982477717355
Gamba,Gamba,-2.65,10.0,Gabon,GA,GAB,Ogooué-Maritime,,10.0,1266236988,0,446.4822327069785
Bonham,Bonham,33.588,-96.1901,United States,US,USA,Texas,,10594.0,1840019332,1,118.10003206495674
Al Madāmūd,Al Madamud,25.7333,32.7125,Egypt,EG,EGY,Al Uqşur,,15091.0,1818431308,2,90.37769023192106
Petite Rivière de Nippes,Petite Riviere de Nippes,18.4764,-73.2413,Haiti,HT,HTI,Nippes,,29815.0,1332459442,3,69.34525357415156
Gourcy,Gourcy,13.2167,-2.35,Burkina Faso,BF,BFA,Nord,minor,40144.0,1854167073,4,147.49733483020003
Kunming,Kunming,25.0464,102.7094,China,CN,CHN,Yunnan,admin,4422686.0,1156477539,5,127.20161285030834
Serafimovich,Serafimovich,49.5833,42.7333,Russia,RU,RUS,Volgogradskaya Oblast’,minor,8633.0,1643516718,0,150.3820987696324
Nakonde,Nakonde,-9.3314,32.7548,Zambia,ZM,ZMB,Muchinga,,10652.0,1894139781,1,311.7965822560018
Muscle Shoals,Muscle Shoals,34.7432,-87.6343,United States,US,USA,Alabama,,16670.0,1840014657,2,145.347104317769
Chumphon,Chumphon,10.4939,99.18,Thailand,TH,THA,Chumphon,admin,33633.0,1764012939,3,235.04195375213817
Mozhga,Mozhga,56.45,52.2167,Russia,RU,RUS,Udmurtiya,minor,43557.0,1643022471,4,128.48136383332172
Āfdem,Afdem,9.4667,41.0,Ethiopia,ET,ETH,Sumalē,,112840.0,1231882057,5,154.12616153163341
Letychiv,Letychiv,49.3833,27.6167,Ukraine,UA,UKR,Khmelnytska Oblast,,10074.0,1804357044,0,158.64232738104252
Dorado,Dorado,18.4657,-66.2726,Puerto Rico,PR,PRI,Puerto Rico,,13151.0,1630023736,1,293.5710597613961
Tanambe,Tanambe,-17.385,48.4523,Madagascar,MG,MDG,Toamasina,,19000.0,1450750659,2,87.88456249518345
Bình Hòa,Binh Hoa,10.9353,106.8614,Vietnam,VN,VNM,Bình Dương,,23398.0,1704275105,3,67.42233578504018
Narva,Narva,59.3758,28.1961,Estonia,EE,EST,Narva,minor,53626.0,1233751159,4,139.39669935483957
Talcahuano,Talcahuano,-36.7167,-73.1219,Chile,CL,CHL,Biobío,,161692.0,1152023044,5,257.1354616850596
Manily,Manily,62.4908,165.3298,Russia,RU,RUS,Kamchatskiy Kray,,667.0,1643235167,0,785.9512087453627
Liperi,Liperi,62.5333,29.3833,Finland,FI,FIN,Pohjois-Karjala,minor,11969.0,1246184654,1,80.46437790648581
Awan Patti,Awan Patti,34.25,73.66,Pakistan,PK,PAK,Azad Kashmir,,15000.0,1586260952,2,72.69014937634651
Şarköy,Sarkoy,40.6039,27.1064,Turkey,TR,TUR,Tekirdağ,minor,33466.0,1792319237,3,107.78748221913372
Oras,Oras,12.1414,125.4392,Philippines,PH,PHL,Eastern Samar,,37451.0,1608000184,4,72.8987839856623
Kaiyun,Kaiyun,27.2399,112.8639,China,CN,CHN,Hunan,minor,110964.0,1156207923,5,128.61487280337388
Dona Inês,Dona Ines,-6.6136,-35.6267,Brazil,BR,BRA,Paraíba,minor,10413.0,1076268862,0,74.23790697854317
Olivenza,Olivenza,38.6858,-7.1008,Spain,ES,ESP,Extremadura,,11742.0,1724189870,1,66.59073493471021
Ərkivan,Arkivan,39.0171,48.6431,Azerbaijan,AZ,AZE,Masallı,,15654.0,1031692548,2,67.14973443638473
Chuhuiv,Chuhuiv,49.8356,36.6864,Ukraine,UA,UKR,Kharkivska Oblast,minor,31018.0,1804354882,3,65.74636313223097
Lusambo,Lusambo,-4.9729,23.4368,Congo (Kinshasa),CD,COD,Sankuru,admin,41416.0,1180127290,4,539.2844619153361
Panevėžys,Panevezys,55.725,24.3639,Lithuania,LT,LTU,Panevėžio Miestas,admin,87913.0,1440120065,5,85.96690355758845
Bni Sidel,Bni Sidel,35.1392,-3.1281,Morocco,MA,MAR,Oriental,,8930.0,1504766280,0,65.64918368423822
Udachnyy,Udachnyy,66.4,112.3167,Russia,RU,RUS,Sakha (Yakutiya),,13349.0,1643138235,1,919.291333075616
Dhāriwāl,Dhariwal,31.95,75.32,India,IN,IND,Punjab,,18706.0,1356409245,2,96.75829481286559
Guaraí,Guarai,-8.8339,-48.51,Brazil,BR,BRA,Tocantins,minor,24775.0,1076025725,3,82.53041259344009
‘Alīābād-e Katūl,`Aliabad-e Katul,36.9075,54.8667,Iran,IR,IRN,Golestān,minor,52838.0,1364000152,4,72.43760705917951
San Marcos,San Marcos,29.8734,-97.9356,United States,US,USA,Texas,,74469.0,1840022188,5,69.17966064741515
Charaña,Charana,-17.5919,-69.4456,Bolivia,BO,BOL,La Paz,,817.0,1068774768,0,183.8857925335369
Gandorhun,Gandorhun,7.555,-11.6926,Sierra Leone,SL,SLE,Southern,,12288.0,1694102369,1,138.06107963625507
Oregon,Oregon,41.6524,-83.4321,United States,US,USA,Ohio,,19821.0,1840000570,2,84.04438172832846
Pápa,Papa,47.3237,17.468,Hungary,HU,HUN,Veszprém,minor,28549.0,1348169908,3,98.4634549252314
Gurupi,Gurupi,-11.7289,-49.0689,Brazil,BR,BRA,Tocantins,minor,65034.0,1076649238,4,208.94284361738326
Potsdam,Potsdam,52.4006,13.0592,Germany,DE,DEU,Brandenburg,admin,187119.0,1276395100,5,95.06766099929322
Piriápolis,Piriapolis,-34.9,-55.2833,Uruguay,UY,URY,Maldonado,,8830.0,1858127354,0,101.24179935660474
El Crucero,El Crucero,11.9833,-86.3167,Nicaragua,NI,NIC,Managua,minor,13656.0,1558750409,1,84.20006322878609
Daisen,Daisen,35.5,133.5,Japan,JP,JPN,Tottori,,15336.0,1392889589,2,121.87246595367677
Engandiyūr,Engandiyur,10.5,76.04,India,IN,IND,Kerala,,23101.0,1356825731,3,64.86662104724972
Sīdī Barānī,Sidi Barani,31.6108,25.9256,Egypt,EG,EGY,Maţrūḩ,,63098.0,1818288433,4,270.9212832910049
Lincang,Lincang,23.884,100.089,China,CN,CHN,Yunnan,,2257991.0,1156044130,5,295.02329949176595
Amderma,Amderma,69.7631,61.6678,Russia,RU,RUS,Nenetskiy Avtonomnyy Okrug,,282.0,1643719353,0,507.15167767244685
Sławno,Slawno,54.3667,16.6833,Poland,PL,POL,Zachodniopomorskie,minor,12028.0,1616283206,1,126.96188128961833
Villiers,Villiers,-27.0333,28.6,South Africa,ZA,ZAF,Free State,,17315.0,1710177732,2,65.06646289100826
Charleville-Mézières,Charleville-Mezieres,49.7719,4.7161,France,FR,FRA,Grand Est,minor,24668.0,1250492188,3,76.1801220372919
Monte Alto,Monte Alto,-21.2611,-48.4964,Brazil,BR,BRA,São Paulo,minor,49456.0,1076603114,4,78.2980644614791
Paradise,Paradise,36.0872,-115.1355,United States,US,USA,Nevada,,186178.0,1840033743,5,219.99044138454036
Elhovo,Elhovo,42.172,26.5694,Bulgaria,BG,BGR,Yambol,,9299.0,1100602957,0,72.33555373758982
Jefferson,Jefferson,34.1373,-83.6021,United States,US,USA,Georgia,,14249.0,1840014723,1,73.3110314871681
San Salvo,San Salvo,42.0455,14.7315,Italy,IT,ITA,Abruzzo,,19688.0,1380137726,2,85.79488784204634
Ghriss,Ghriss,35.25,0.1667,Algeria,DZ,DZA,Mascara,,22151.0,1012428063,3,84.94348558089413
Tayasan,Tayasan,9.92,123.15,Philippines,PH,PHL,Negros Oriental,,38159.0,1608000640,4,72.00444027509698
Yiwu,Yiwu,29.3069,120.0753,China,CN,CHN,Zhejiang,minor,1234015.0,1156078044,5,93.4403327540691
Ḩalāwah,Halawah,32.3828,35.6619,Jordan,JO,JOR,‘Ajlūn,,8647.0,1400561057,0,76.29283184677368
Sariq,Sariq,37.6722,67.2375,Uzbekistan,UZ,UZB,Surxondaryo,,13700.0,1860642236,1,87.99127883272065
Aragarças,Aragarcas,-15.8978,-52.2508,Brazil,BR,BRA,Goiás,minor,18390.0,1076176600,2,168.61267968612262
Trinidad,Trinidad,-33.5333,-56.8833,Uruguay,UY,URY,Flores,,21429.0,1858903609,3,88.10873227972682
Otradnyy,Otradnyy,53.3667,51.35,Russia,RU,RUS,Samarskaya Oblast’,,46984.0,1643670563,4,156.39338086731388
Divinópolis,Divinopolis,-20.1389,-44.8839,Brazil,BR,BRA,Minas Gerais,minor,231091.0,1076716552,5,71.39727354112414
Krichim,Krichim,42.05,24.4667,Bulgaria,BG,BGR,Plovdiv,,9038.0,1100205448,0,97.52719034161211
Vidalia,Vidalia,32.2125,-82.4019,United States,US,USA,Georgia,,10762.0,1840015820,1,238.55713340923666
Meiti,Meiti,24.2477,94.3031,India,IN,IND,Manipur,,16847.0,1356279278,2,143.59731526577406
Añatuya,Anatuya,-28.4667,-62.8333,Argentina,AR,ARG,Santiago del Estero,minor,23286.0,1032511298,3,305.7672879625065
Guangping,Guangping,36.4778,114.9333,China,CN,CHN,Hebei,minor,66384.0,1156186491,4,138.07269816859247
Juazeiro,Juazeiro,-9.4139,-40.5028,Brazil,BR,BRA,Bahia,minor,174567.0,1076632040,5,121.42928742830345
Sedona,Sedona,34.8581,-111.7941,United States,US,USA,Arizona,,9770.0,1840021584,0,130.3616585168287
Lakoucun,Lakoucun,28.3431,119.9521,China,CN,CHN,Zhejiang,,14016.0,1156377287,1,85.9206450184419
Al Awjām,Al Awjam,26.5632,49.9433,Saudi Arabia,SA,SAU,Ash Sharqīyah,,16147.0,1682207771,2,154.62546392816822
Florida,Florida,-34.1,-56.2167,Uruguay,UY,URY,Florida,admin,33639.0,1858077099,3,75.64229623362095
Valencia,Valencia,9.28,123.25,Philippines,PH,PHL,Negros Oriental,,38733.0,1608009046,4,72.00444027509698
Dahūk,Dahuk,36.85,42.9833,Iraq,IQ,IRQ,Dahūk,admin,330600.0,1368137126,5,143.01751975012158
Ust’-Kut,Ust'-Kut,56.7833,105.6333,Russia,RU,RUS,Irkutskaya Oblast’,minor,278.0,1643157794,0,258.66202952728287
Tinogasta,Tinogasta,-28.0667,-67.5667,Argentina,AR,ARG,Catamarca,minor,11485.0,1032163046,1,164.98254765208907
Santa María Petapa,Santa Maria Petapa,16.8167,-95.1167,Mexico,MX,MEX,Oaxaca,,15387.0,1484501021,2,95.34402962335292
Sandviken,Sandviken,60.6167,16.7667,Sweden,SE,SWE,Gävleborg,minor,22965.0,1752810020,3,123.01883783669528
Kilmarnock,Kilmarnock,55.6111,-4.4957,United Kingdom,GB,GBR,East Ayrshire,,46350.0,1826595229,4,95.3524026098221
Brājarājnagar,Brajarajnagar,21.8167,83.9167,India,IN,IND,Odisha,,101585.0,1356019758,5,108.97060052082203
Tazovskiy,Tazovskiy,67.4833,78.7167,Russia,RU,RUS,Yamalo-Nenetskiy Avtonomnyy Okrug,,5981.0,1643167905,0,247.7489363919409
Turvo,Turvo,-25.0428,-51.53,Brazil,BR,BRA,Paraná,minor,14231.0,1076949254,1,67.71015260026765
Ravelo,Ravelo,-18.7833,-65.55,Bolivia,BO,BOL,Potosí,,20536.0,1068581754,2,167.97125869922502
Ansongo,Ansongo,15.665,0.5028,Mali,ML,MLI,Gao,minor,32709.0,1466948813,3,216.85838003090552
Rioverde,Rioverde,21.93,-99.98,Mexico,MX,MEX,San Luis Potosí,minor,69613.0,1484341437,4,102.2017213343834
Týrnavos,Tyrnavos,39.7333,22.2833,Greece,GR,GRC,Thessalía,minor,222280.0,1300449251,5,120.25204324894511
Nicoadala,Nicoadala,-17.6077,36.8197,Mozambique,MZ,MOZ,Zambézia,,6945.0,1508484170,0,214.3953793594169
Koundian,Koundian,13.1589,-10.6803,Mali,ML,MLI,Kayes,,14075.0,1466837569,1,158.5658423184136
Puerto Viejo,Puerto Viejo,10.5737,-83.9548,Costa Rica,CR,CRI,Heredia,,20184.0,1188508084,2,68.45708859016885
Nongstoin,Nongstoin,25.52,91.27,India,IN,IND,Meghālaya,,28742.0,1356690668,3,126.53215741093858
Kalilangan,Kalilangan,7.7464,124.7475,Philippines,PH,PHL,Bukidnon,,43711.0,1608709843,4,70.1098149451253
Odienné,Odienne,9.5,-7.5667,Côte d’Ivoire,CI,CIV,Denguélé,admin,86279.0,1384967993,5,181.52866827402568
Sauðárkrókur,Saudharkrokur,65.7461,-19.6394,Iceland,IS,ISL,Skagafjörður,,2614.0,1352929836,0,744.2201482346525
Sankt Johann im Pongau,Sankt Johann im Pongau,47.35,13.2,Austria,AT,AUT,Salzburg,minor,11235.0,1040330095,1,101.0090825828563
Gomīshān,Gomishan,37.07,54.0769,Iran,IR,IRN,Golestān,minor,19191.0,1364412693,2,72.43760705917951
Ban Pak Phun,Ban Pak Phun,8.5298,99.9722,Thailand,TH,THA,Nakhon Si Thammarat,,33407.0,1764808518,3,235.04195375213817
Heerhugowaard,Heerhugowaard,52.6667,4.8333,Netherlands,NL,NLD,Noord-Holland,minor,58387.0,1528560409,4,64.76171586045261
Lisala,Lisala,2.1486,21.5136,Congo (Kinshasa),CD,COD,Mongala,admin,79235.0,1180477995,5,150.50309470919137
Massangena,Massangena,-21.5373,32.9564,Mozambique,MZ,MOZ,Gaza,,650.0,1508224482,0,331.77573488700375
Pichilemu,Pichilemu,-34.3919,-72.0139,Chile,CL,CHL,Libertador General Bernardo O’Higgins,minor,12776.0,1152498637,1,97.04786232587789
Qarqīn,Qarqin,37.4128,66.0472,Afghanistan,AF,AFG,Jowzjān,minor,16500.0,1004340289,2,87.18199446437497
Ipameri,Ipameri,-17.7219,-48.16,Brazil,BR,BRA,Goiás,minor,25548.0,1076781326,3,102.20478096960757
Sokoura,Sokoura,14.5461,-4.0914,Mali,ML,MLI,Mopti,,42553.0,1466959154,4,68.04035305911651
Lashkar Gāh,Lashkar Gah,31.5831,64.3692,Afghanistan,AF,AFG,Helmand,admin,276831.0,1004765445,5,473.34255413351195
Naunhof,Naunhof,51.2778,12.5883,Germany,DE,DEU,Saxony,,8811.0,1276828471,0,69.65906767793422
Roma,Roma,26.4166,-99.0061,United States,US,USA,Texas,,11543.0,1840021017,1,122.55471562218246
Anorí,Anori,7.0736,-75.1458,Colombia,CO,COL,Antioquia,minor,16447.0,1170571922,2,69.09882222579799
Piracanjuba,Piracanjuba,-17.3028,-49.0178,Brazil,BR,BRA,Goiás,minor,24883.0,1076271266,3,83.83010986734128
Videira,Videira,-27.0078,-51.1519,Brazil,BR,BRA,Santa Catarina,minor,55466.0,1076188514,4,144.54671514991978
Hengnan,Hengnan,22.5348,113.2491,China,CN,CHN,Guangdong,,101415.0,1156808087,5,83.66875434407328
Taksimo,Taksimo,56.3315,114.89,Russia,RU,RUS,Buryatiya,,10359.0,1643663655,0,175.71791755175698
Boa Nova,Boa Nova,-14.3628,-40.2078,Brazil,BR,BRA,Bahia,minor,13690.0,1076117568,1,95.03701966634408
Jājarm,Jajarm,36.95,56.38,Iran,IR,IRN,Khorāsān-e Shomālī,minor,19580.0,1364569834,2,134.59500502292047
Itigi,Itigi,-5.7,34.4833,Tanzania,TZ,TZA,Singida,,24000.0,1834524806,3,218.7146458299537
Korkino,Korkino,54.9,61.4167,Russia,RU,RUS,Chelyabinskaya Oblast’,minor,36591.0,1643383415,4,84.81303887828672
Āgra,Agra,27.18,78.02,India,IN,IND,Uttar Pradesh,,1760285.0,1356187395,5,75.63868708271082
Vejen,Vejen,55.4812,9.1379,Denmark,DK,DNK,Syddanmark,minor,10206.0,1208664706,0,78.7934688346999
Céu Azul,Ceu Azul,-25.1469,-53.8489,Brazil,BR,BRA,Paraná,minor,11087.0,1076175311,1,123.39626141780474
Puerto Quito,Puerto Quito,0.1272,-79.2531,Ecuador,EC,ECU,Pichincha,,20445.0,1218847413,2,137.4251645167072
Zanandore,Zanandore,-3.25,30.1167,Burundi,BI,BDI,Karuzi,,27867.0,1108745202,3,81.70228055419925
Leninogorsk,Leninogorsk,54.6,52.5,Russia,RU,RUS,Tatarstan,,60993.0,1643010350,4,83.73141642360491
Liancheng,Liancheng,24.0519,105.075,China,CN,CHN,Yunnan,minor,160961.0,1156559810,5,117.06975685171636
Shahr-e Pīr,Shahr-e Pir,28.3122,54.3328,Iran,IR,IRN,Fārs,,8927.0,1364616917,0,305.13252963346065
Okmulgee,Okmulgee,35.6134,-96.0068,United States,US,USA,Oklahoma,,11370.0,1840020400,1,76.63955497761643
Zafra,Zafra,38.4167,-6.4167,Spain,ES,ESP,Extremadura,,16711.0,1724035487,2,66.59073493471021
Badr,Badr,30.1401,31.7305,Egypt,EG,EGY,Al Qāhirah,,33456.0,1818845936,3,74.4483960014451
Roanne,Roanne,46.0367,4.0689,France,FR,FRA,Auvergne-Rhône-Alpes,minor,35364.0,1250674978,4,79.82340844946924
Cádiz,Cadiz,36.535,-6.2975,Spain,ES,ESP,Andalusia,minor,110914.0,1724502822,5,77.27769788947226
Guntapalli,Guntapalli,14.7385,79.04,India,IN,IND,Andhra Pradesh,,8677.0,1356594674,0,72.03084659032457
Henderson,Henderson,32.1576,-94.796,United States,US,USA,Texas,,13348.0,1840020767,1,91.96444923018466
Taurianova,Taurianova,38.35,16.0167,Italy,IT,ITA,Calabria,,14830.0,1380999931,2,79.59784220084646
Ambodimotso Atsimo,Ambodimotso Atsimo,-15.3803,48.5889,Madagascar,MG,MDG,Mahajanga,,22000.0,1450354042,3,113.36338229372076
Évora,Evora,38.5667,-7.9,Portugal,PT,PRT,Évora,admin,53591.0,1620456226,4,70.67763195706637
Prince George,Prince George,53.9169,-122.7494,Canada,CA,CAN,British Columbia,,76708.0,1124733292,5,290.6438578473206
Litchfield Beach,Litchfield Beach,33.4773,-79.1181,United States,US,USA,South Carolina,,9544.0,1840107237,0,102.34522732045049
Suamico,Suamico,44.6354,-88.0683,United States,US,USA,Wisconsin,,13003.0,1840000309,1,118.05693031179311
Zhongguyue,Zhongguyue,38.2833,113.8667,China,CN,CHN,Hebei,,17610.0,1156200266,2,66.11726573077587
Tianyingcun,Tianyingcun,29.9197,119.4139,China,CN,CHN,Zhejiang,,26095.0,1156400012,3,93.4403327540691
Tomé-Açu,Tome-Acu,-2.4189,-48.1519,Brazil,BR,BRA,Pará,minor,47273.0,1076866918,4,114.01270722181862
Bhadrakh,Bhadrakh,21.0545,86.5156,India,IN,IND,Odisha,,122119.0,1356245799,5,95.93970278684478
Rum,Rum,47.2872,11.4581,Austria,AT,AUT,Tirol,,9337.0,1040726454,0,69.2932284592942
Puerto Suárez,Puerto Suarez,-18.9667,-57.7981,Bolivia,BO,BOL,Santa Cruz,,11564.0,1068099903,1,234.07432841220574
Māndvi,Mandvi,21.15,73.18,India,IN,IND,Gujarāt,,17453.0,1356973010,2,65.58812930543343
Aoshang,Aoshang,25.6842,113.0322,China,CN,CHN,Hunan,,22000.0,1156016237,3,144.88527319826017
North Vancouver,North Vancouver,49.3202,-123.0699,Canada,CA,CAN,British Columbia,,58120.0,1124000146,4,65.25118551233318
Vĩnh Châu,Vinh Chau,9.333,106.0,Vietnam,VN,VNM,Sóc Trăng,minor,183918.0,1704458161,5,150.43607830228035
Tālavādi,Talavadi,11.778,77.0055,India,IN,IND,Tamil Nādu,,9581.0,1356280276,0,67.46692332412114
La Argentina,La Argentina,2.1961,-75.98,Colombia,CO,COL,Huila,minor,12475.0,1170000037,1,75.5681593354086
Crespo,Crespo,-32.0333,-60.3167,Argentina,AR,ARG,Entre Ríos,,19536.0,1032701663,2,87.34695339654169
Gillette,Gillette,44.2752,-105.4982,United States,US,USA,Wyoming,,33278.0,1840019978,3,135.85359360510537
Kirishi,Kirishi,59.45,32.0167,Russia,RU,RUS,Leningradskaya Oblast’,minor,49631.0,1643837695,4,216.30229578736046
Soledad de Graciano Sánchez,Soledad de Graciano Sanchez,22.1833,-100.9333,Mexico,MX,MEX,San Luis Potosí,minor,332072.0,1484610487,5,75.68751469489648
Hermantown,Hermantown,46.8057,-92.2407,United States,US,USA,Minnesota,,10192.0,1840006593,0,109.09735167125783
Natchez,Natchez,31.5437,-91.3867,United States,US,USA,Mississippi,,14207.0,1840014951,1,93.02351850662394
Monção,Moncao,42.0733,-8.48,Portugal,PT,PRT,Viana do Castelo,minor,19230.0,1620375502,2,85.60663814644971
Caxambu,Caxambu,-21.9769,-44.9328,Brazil,BR,BRA,Minas Gerais,minor,21056.0,1076000185,3,76.97404008366074
Suwałki,Suwalki,54.0989,22.9286,Poland,PL,POL,Podlaskie,minor,68752.0,1616523627,4,157.25878672747768
KwaDukuza,KwaDukuza,-29.3333,31.2917,South Africa,ZA,ZAF,KwaZulu-Natal,,101224.0,1710530492,5,315.58958772192295
Isangel,Isangel,-19.53,169.28,Vanuatu,VU,VUT,Tafea,admin,1200.0,1548941443,0,986.0686198480015
Lakhipur,Lakhipur,24.8,93.02,India,IN,IND,Assam,,12545.0,1356065191,1,143.59731526577406
Vysokaya Gora,Vysokaya Gora,55.9121,49.3128,Russia,RU,RUS,Tatarstan,,17736.0,1643580839,2,112.96499775575487
Mnasra,Mnasra,34.3603,-6.5508,Morocco,MA,MAR,Tanger-Tétouan-Al Hoceïma,,23915.0,1504815098,3,74.96261436045926
Brookes Point,Brookes Point,8.78,117.83,Philippines,PH,PHL,Palawan,,73994.0,1608472411,4,473.01112241425716
Hanchuan,Hanchuan,30.6667,113.8333,China,CN,CHN,Hubei,,903296.0,1156149248,5,164.05714355026694
Brownfield,Brownfield,33.1757,-102.273,United States,US,USA,Texas,,8803.0,1840019404,0,411.4489708185227
North Mankato,North Mankato,44.181,-94.0391,United States,US,USA,Minnesota,,14212.0,1840007896,1,88.85284840687694
Sirari,Sirari,-1.2244,34.4383,Tanzania,TZ,TZA,Mara,,17564.0,1834994899,2,181.29597999905195
Lamego,Lamego,41.0975,-7.81,Portugal,PT,PRT,Viseu,minor,26691.0,1620221228,3,64.17052514872549
Trelleborg,Trelleborg,55.3667,13.1667,Sweden,SE,SWE,Skåne,minor,43359.0,1752823325,4,95.75432864428556
Aş Şuwayrah,As Suwayrah,32.9256,44.7758,Iraq,IQ,IRQ,Wāsiţ,minor,77200.0,1368498003,5,69.39019704882165
Krāslava,Kraslava,55.8956,27.1644,Latvia,LV,LVA,Krāslava,admin,6854.0,1428739484,0,89.08387049317787
Bevato,Bevato,-18.6913,46.2585,Madagascar,MG,MDG,Antananarivo,,14000.0,1450827914,1,78.9032814892807
Capinópolis,Capinopolis,-18.6819,-49.57,Brazil,BR,BRA,Minas Gerais,minor,14655.0,1076136434,2,137.87361997399253
Chiromo,Chiromo,-16.55,35.1332,Malawi,MW,MWI,Nsanje,,25235.0,1454972056,3,97.34347044898271
Autazes,Autazes,-3.5797,-59.1306,Brazil,BR,BRA,Amazonas,minor,40290.0,1076415677,4,483.85163781982646
Đà Lạt,Da Lat,11.9417,108.4383,Vietnam,VN,VNM,Lâm Đồng,admin,203710.0,1704933464,5,86.50332427716545
Lismore,Lismore,-28.8167,153.2833,Australia,AU,AUS,New South Wales,,3579.0,1036024174,0,68.86831863455875
Puerto López,Puerto Lopez,-1.5589,-80.8106,Ecuador,EC,ECU,Manabí,minor,12598.0,1218728984,1,74.76906006324985
Mahazoma,Mahazoma,-17.1689,46.5669,Madagascar,MG,MDG,Mahajanga,,18000.0,1450338910,2,109.252763606751
Valmiera,Valmiera,57.5381,25.4231,Latvia,LV,LVA,Valmiera,admin,22376.0,1428524787,3,120.98976930010689
Nova Viçosa,Nova Vicosa,-17.8919,-39.3719,Brazil,BR,BRA,Bahia,minor,39509.0,1076116919,4,81.26539040156013
Dezhou,Dezhou,37.436,116.359,China,CN,CHN,Shandong,minor,5568235.0,1156524080,5,99.00274873269291
Alhendín,Alhendin,37.1167,-3.65,Spain,ES,ESP,Andalusia,,10399.0,1724096901,0,69.6932083848933
Orange Walk,Orange Walk,18.075,-88.5583,Belize,BZ,BLZ,Orange Walk,admin,13750.0,1084547220,1,175.69374880115797
Kolonodale,Kolonodale,-1.9833,121.3333,Indonesia,ID,IDN,Sulawesi Tengah,minor,17997.0,1360484541,2,93.2362306342242
Jardín América,Jardin America,-27.05,-55.2333,Argentina,AR,ARG,Misiones,,25705.0,1032722458,3,109.80096201981613
Puerto Peñasco,Puerto Penasco,31.3167,-113.5369,Mexico,MX,MEX,Sonora,minor,62301.0,1484567937,4,170.14498638517526
Riobamba,Riobamba,-1.6731,-78.6483,Ecuador,EC,ECU,Chimborazo,admin,177213.0,1218552075,5,82.49548912362837
Raymondville,Raymondville,26.4759,-97.7769,United States,US,USA,Texas,,10243.0,1840021035,0,122.55471562218246
Patera,Patera,23.996,79.6837,India,IN,IND,Madhya Pradesh,,11546.0,1356602920,1,91.649437119348
Prichard,Prichard,30.7735,-88.1301,United States,US,USA,Alabama,,19121.0,1840014990,2,113.150219489173
Morro do Chapéu,Morro do Chapeu,-11.55,-41.157,Brazil,BR,BRA,Bahia,minor,33594.0,1076567926,3,68.54983949627626
Zorgo,Zorgo,12.25,-0.6167,Burkina Faso,BF,BFA,Plateau-Central,minor,35406.0,1854077108,4,129.15166976461597
Khemis el Khechna,Khemis el Khechna,36.65,3.3306,Algeria,DZ,DZA,Boumerdes,,76474.0,1012679229,5,71.09227127934625
Novyy Port,Novyy Port,67.6919,72.8964,Russia,RU,RUS,Yamalo-Nenetskiy Avtonomnyy Okrug,,1820.0,1643538343,0,247.7489363919409
Ojuelos de Jalisco,Ojuelos de Jalisco,21.8667,-101.5833,Mexico,MX,MEX,Jalisco,minor,11881.0,1484896796,1,72.3923714757262
Gobabis,Gobabis,-22.45,18.9667,Namibia,,NAM,Omaheke,admin,19101.0,1516128715,2,547.8635476873561
Quartier Militaire,Quartier Militaire,-20.25,57.55,Mauritius,MU,MUS,Moka,,22745.0,1480030855,3,229.72701212439512
Cahama,Cahama,-16.2833,14.3167,Angola,AO,AGO,Cunene,,70061.0,1024638606,4,445.16469777831475
Chānda,Chanda,19.95,79.297,India,IN,IND,Mahārāshtra,,518000.0,1356592607,5,104.19728234563684
Tournavista,Tournavista,-8.9322,-74.7052,Peru,PE,PER,Huánuco,,511.0,1604006133,0,210.19097950476137
Kępno,Kepno,51.2833,17.9833,Poland,PL,POL,Wielkopolskie,minor,13951.0,1616511558,1,64.14723292881021
Baeza,Baeza,37.9833,-3.4667,Spain,ES,ESP,Andalusia,,15677.0,1724128455,2,86.84677816989114
Bouansa,Bouansa,-4.2178,13.7628,Congo (Brazzaville),CG,COG,Bouenza,,26265.0,1178437316,3,90.97383550325387
Negotin,Negotin,44.2167,22.5167,Serbia,RS,SRB,Negotin,admin,35000.0,1688309283,4,94.56801339070769
Barishal,Barishal,22.7,90.3667,Bangladesh,BD,BGD,Barishal,admin,230000.0,1050297281,5,84.74204038107922
Cowell,Cowell,-33.6833,136.9167,Australia,AU,AUS,South Australia,,990.0,1036921929,0,106.95446166307428
Bhulwāl,Bhulwal,32.8094,74.7683,India,IN,IND,Jammu and Kashmīr,,14174.0,1356300423,1,90.60757596161339
Tadjourah,Tadjourah,11.7833,42.8833,Djibouti,DJ,DJI,Tadjourah,admin,14820.0,1262504958,2,275.67939193959177
Wasaga Beach,Wasaga Beach,44.5206,-80.0167,Canada,CA,CAN,Ontario,,24862.0,1124001919,3,67.65700950572355
Chak Sixty-one Gugera Branch,Chak Sixty-one Gugera Branch,31.5875,73.6897,Pakistan,PK,PAK,Punjab,,50000.0,1586944611,4,66.1928346013669
Hongjiang,Hongjiang,27.191,109.819,China,CN,CHN,Hunan,,341706.0,1156039152,5,135.86027970492245
Nhân Trạch,Nhan Trach,19.05,105.55,Vietnam,VN,VNM,Nghệ An,,9028.0,1704211423,0,79.65504137553403
Bāsmenj,Basmenj,37.9961,46.4722,Iran,IR,IRN,Āz̄arbāyjān-e Sharqī,,12692.0,1364033031,1,128.13824820161983
Lyepyel,Lyepyel,54.875,28.6944,Belarus,BY,BLR,Vitsyebskaya Voblasts’,,17106.0,1112177201,2,121.7114123101972
Hārij,Harij,23.7,71.9,India,IN,IND,Gujarāt,,28988.0,1356090746,3,75.91076256963365
Wāshīm,Washim,20.1113,77.133,India,IN,IND,Mahārāshtra,,62863.0,1356185959,4,79.22322957331762
As Sulaymānīyah,As Sulaymaniyah,35.55,45.4333,Iraq,IQ,IRQ,As Sulaymānīyah,admin,878146.0,1368735317,5,263.090771856828
Karumba,Karumba,-17.4838,140.8397,Australia,AU,AUS,Queensland,,487.0,1036926106,0,551.1184893759892
Utiel,Utiel,39.5672,-1.2067,Spain,ES,ESP,Valencia,,11703.0,1724584294,1,67.79650330486429
Manombo Atsimo,Manombo Atsimo,-22.9524,43.4748,Madagascar,MG,MDG,Toliara,,17000.0,1450265584,2,108.54666906397013
Fernley,Fernley,39.5627,-119.1906,United States,US,USA,Nevada,,23631.0,1840020214,3,217.19593258335865
Gladstone,Gladstone,-23.8427,151.2555,Australia,AU,AUS,Queensland,,34703.0,1036070755,4,171.35329232071385
Agadir,Agadir,30.4214,-9.5831,Morocco,MA,MAR,Souss-Massa,admin,538000.0,1504116858,5,140.26724330814602
Ouyen,Ouyen,-35.0667,142.3167,Australia,AU,AUS,Victoria,,1022.0,1036764173,0,300.9537706724537
Gravenhurst,Gravenhurst,44.9167,-79.3667,Canada,CA,CAN,Ontario,,12311.0,1124842372,1,67.65700950572355
Tyāgadurgam,Tyagadurgam,11.7411,79.077,India,IN,IND,Tamil Nādu,,17995.0,1356898345,2,70.54008188020084
Ambodibonara,Ambodibonara,-20.3137,48.5208,Madagascar,MG,MDG,Toamasina,,27597.0,1450738968,3,91.09832912051539
Sandīla,Sandila,27.08,80.52,India,IN,IND,Uttar Pradesh,,58346.0,1356996737,4,64.18875505613103
Gujranwala,Gujranwala,32.1567,74.19,Pakistan,PK,PAK,Punjab,minor,2027001.0,1586400472,5,73.47018858416298
Lerma,Lerma,19.8,-90.6,Mexico,MX,MEX,Campeche,,8971.0,1484035396,0,85.26396915984255
Panamaram,Panamaram,11.739,76.073,India,IN,IND,Kerala,,11651.0,1356548091,1,75.3635857575825
Salmon Arm,Salmon Arm,50.7022,-119.2722,Canada,CA,CAN,British Columbia,,19432.0,1124478865,2,311.8102644247492
Chemmaruthi,Chemmaruthi,8.7597,76.7435,India,IN,IND,Kerala,,32444.0,1356162350,3,65.90298481209841
Grand Island,Grand Island,40.9218,-98.3586,United States,US,USA,Nebraska,,52761.0,1840000956,4,146.08944404733765
Longquan,Longquan,28.0667,119.1333,China,CN,CHN,Zhejiang,,234626.0,1156962780,5,85.9206450184419
Alfredo Wagner,Alfredo Wagner,-27.7,-49.3339,Brazil,BR,BRA,Santa Catarina,minor,10481.0,1076900452,0,73.87939785399745
Acarlar,Acarlar,37.8244,27.7467,Turkey,TR,TUR,Aydın,,12297.0,1792301446,1,65.34868905820527
Shirahama,Shirahama,33.6817,135.3444,Japan,JP,JPN,Wakayama,,19976.0,1392728798,2,75.99609312235029
Nóqui,Noqui,-5.8681,13.4325,Angola,AO,AGO,Zaire,,23880.0,1024465001,3,75.89949879286699
Hilvan,Hilvan,37.5886,38.9556,Turkey,TR,TUR,Şanlıurfa,minor,42218.0,1792658619,4,127.23425080858162
Tbilisi,Tbilisi,41.7225,44.7925,Georgia,GE,GEO,Tbilisi,primary,1118035.0,1268203191,5,153.93720428895054
Salsitz,Salsitz,54.5164,13.6411,Germany,DE,DEU,Mecklenburg-Western Pomerania,,9169.0,1276783044,0,78.29384072273778
Maruttuvakkudi,Maruttuvakkudi,11.0153,79.4819,India,IN,IND,Tamil Nādu,,11455.0,1356171569,1,67.70379582172544
Jakobstad,Jakobstad,63.6667,22.7,Finland,FI,FIN,Pohjanmaa,minor,19475.0,1246775062,2,115.33012666206199
Elmira,Elmira,42.0938,-76.8097,United States,US,USA,New York,,26349.0,1840000472,3,65.04775629456708
St. Thomas,St. Thomas,42.775,-81.1833,Canada,CA,CAN,Ontario,,45732.0,1124790209,4,114.70001312706374
Anshan,Anshan,41.108,122.994,China,CN,CHN,Liaoning,,3325372.0,1156901825,5,116.23689214576989
Nayāgaon,Nayagaon,24.8015,80.8962,India,IN,IND,Madhya Pradesh,,8636.0,1356096436,0,69.52007453825641
Stolin,Stolin,51.8833,26.85,Belarus,BY,BLR,Brestskaya Voblasts’,,13785.0,1112925605,1,100.44845282612549
Henderson,Henderson,36.3256,-78.4151,United States,US,USA,North Carolina,,14922.0,1840014433,2,87.52138994396718
Laojiezi,Laojiezi,26.86,103.1306,China,CN,CHN,Yunnan,minor,27580.0,1156352436,3,143.61524169546982
Saray,Saray,41.4411,27.9216,Turkey,TR,TUR,Tekirdağ,minor,50766.0,1792499882,4,80.92329669092457
Morioka,Morioka,39.7021,141.1545,Japan,JP,JPN,Iwate,admin,290553.0,1392981957,5,75.85222077937763
Wāngi,Wangi,18.1833,75.15,India,IN,IND,Mahārāshtra,,9895.0,1356576996,0,110.3609892452921
Hantsavichy,Hantsavichy,52.75,26.4333,Belarus,BY,BLR,Brestskaya Voblasts’,minor,13355.0,1112778811,1,100.44845282612549
Youdiou,Youdiou,14.2772,-3.1703,Mali,ML,MLI,Mopti,,14737.0,1466943053,2,103.60697916280253
Daheba,Daheba,28.0258,106.4133,China,CN,CHN,Guizhou,,30197.0,1156120096,3,117.67673987260439
Kutum,Kutum,14.2056,24.65,Sudan,SD,SDN,North Darfur,,45000.0,1729748758,4,252.9761241040256
Denan,Denan,6.5,43.5,Ethiopia,ET,ETH,Sumalē,,87380.0,1231663674,5,339.2678016622834
Datori,Datori,10.4017,0.7828,Benin,BJ,BEN,Atacora,,9615.0,1204437203,0,128.06338562163953
San Bartolo Yautepec,San Bartolo Yautepec,16.42,-95.91,Mexico,MX,MEX,Oaxaca,minor,12101.0,1484940134,1,72.74577214703459
Stilfontein,Stilfontein,-26.8428,26.7744,South Africa,ZA,ZAF,North West,,17942.0,1710755167,2,106.55507497164976
Shawnee,Shawnee,35.3531,-96.9647,United States,US,USA,Oklahoma,,31511.0,1840021785,3,69.03292781318463
Mahmudābād,Mahmudabad,27.3,81.12,India,IN,IND,Uttar Pradesh,,50777.0,1356107149,4,64.18875505613103
Khorramābād,Khorramabad,33.4875,48.3561,Iran,IR,IRN,Lorestān,admin,200000.0,1364548806,5,101.94404411116248
Kieta,Kieta,-6.2058,155.6227,Papua New Guinea,PG,PNG,Bougainville,,6958.0,1598490894,0,954.3792828301312
Vitry-le-François,Vitry-le-Francois,48.7256,4.5853,France,FR,FRA,Grand Est,minor,11349.0,1250909820,1,116.73010115999567
Sour,Sour,36.0006,0.3414,Algeria,DZ,DZA,Mostaganem,,20625.0,1012308440,2,84.14365841459617
Stevens Point,Stevens Point,44.5241,-89.5507,United States,US,USA,Wisconsin,,25497.0,1840002320,3,118.05693031179311
Rzhev,Rzhev,56.25,34.3167,Russia,RU,RUS,Tverskaya Oblast’,minor,55757.0,1643967736,4,161.43559493351577
Morena,Morena,26.5,78.0,India,IN,IND,Madhya Pradesh,,200483.0,1356019851,5,64.71200295147855
Mezőberény,Mezobereny,46.8256,21.0289,Hungary,HU,HUN,Békés,,9414.0,1348124079,0,79.40597695714666
Downpatrick,Downpatrick,54.322,-5.703,United Kingdom,GB,GBR,"Newry, Mourne and Down",,11545.0,1826860584,1,71.8275575047302
Vicovu de Sus,Vicovu de Sus,47.9258,25.68,Romania,RO,ROU,Suceava,,15143.0,1642275762,2,139.62396907992215
Ōtake,Otake,34.2378,132.2222,Japan,JP,JPN,Hiroshima,,25955.0,1392671781,3,74.44097627502487
Plettenberg Bay,Plettenberg Bay,-34.05,23.3667,South Africa,ZA,ZAF,Western Cape,,64108.0,1710852785,4,193.90191987438064
Hargeysa,Hargeysa,9.56,44.065,Somalia,SO,SOM,Woqooyi Galbeed,admin,1200000.0,1706832021,5,161.09717488676216
Dushanovë,Dushanove,42.2317,20.7197,Kosovo,XK,XKS,Prizren,,9398.0,1901150015,0,75.58740830707188
Pirangut,Pirangut,18.5115,73.6801,India,IN,IND,Mahārāshtra,,14174.0,1356313650,1,158.36748546439705
Pataskala,Pataskala,40.011,-82.7155,United States,US,USA,Ohio,,18049.0,1840001420,2,120.33604111831241
Berëzovskiy,Berezovskiy,55.6167,86.25,Russia,RU,RUS,Kemerovskaya Oblast’,,21900.0,1643773270,3,261.7312459094054
Mazara del Vallo,Mazara del Vallo,37.6517,12.5875,Italy,IT,ITA,Sicilia,,50039.0,1380643775,4,64.1903977415009
Nek’emtē,Nek'emte,9.0833,36.55,Ethiopia,ET,ETH,Oromīya,,75219.0,1231437227,5,188.46829211591228
Indiga,Indiga,67.6898,49.0166,Russia,RU,RUS,Nenetskiy Avtonomnyy Okrug,,10.0,1643522900,0,558.7025629497316
Beronono,Beronono,-18.1884,47.5163,Madagascar,MG,MDG,Antananarivo,,14148.0,1450727787,1,66.97865472623272
Riverview,Riverview,46.0613,-64.8052,Canada,CA,CAN,New Brunswick,,20584.0,1124000112,2,130.20929308853061
Bassar,Bassar,9.25,0.7833,Togo,TG,TGO,Kara,,23181.0,1768050143,3,128.06338562163953
Hyosha,Hyosha,0.6975,29.5197,Congo (Kinshasa),CD,COD,Nord-Kivu,,52921.0,1180671131,4,173.24001884071242
Santa Cruz Xoxocotlán,Santa Cruz Xoxocotlan,17.0264,-96.7333,Mexico,MX,MEX,Oaxaca,,93188.0,1484706021,5,80.51644420331311
Arico el Nuevo,Arico el Nuevo,28.1667,-16.4667,Spain,ES,ESP,Canary Islands,,9120.0,1724911313,0,105.0152895557652
Chuguyevka,Chuguyevka,44.1667,133.8583,Russia,RU,RUS,Primorskiy Kray,minor,11101.0,1643876909,1,149.00444252896168
Padre Paraíso,Padre Paraiso,-17.0719,-41.5239,Brazil,BR,BRA,Minas Gerais,minor,17334.0,1076628988,2,103.78634000303455
Baraawe,Baraawe,1.1133,44.0303,Somalia,SO,SOM,Shabeellaha Hoose,,32800.0,1706566007,3,238.21692164301982
Jarabacoa,Jarabacoa,19.1167,-70.6333,Dominican Republic,DO,DOM,Cibao Sur,,68585.0,1214381692,4,68.93853148335297
Salisbury,Salisbury,38.3756,-75.5865,United States,US,USA,Maryland,,80352.0,1840006219,5,75.91188696954175
Canela Baja,Canela Baja,-31.3989,-71.4561,Chile,CL,CHL,Coquimbo,,9182.0,1152763006,0,153.40223061673228
Mhangura,Mhangura,-16.9,30.15,Zimbabwe,ZW,ZWE,Mashonaland West,,11175.0,1716361764,1,314.5457428879724
Mujikharf,Mujikharf,38.85,69.8833,Tajikistan,TJ,TJK,Nohiyahoi Tobei Jumhurí,,17366.0,1762947574,2,94.7026989920005
Bandar-e Deylam,Bandar-e Deylam,30.055,50.1653,Iran,IR,IRN,Būshehr,minor,25730.0,1364497361,3,94.91126965867379
Torbeck,Torbeck,18.1634,-73.8095,Haiti,HT,HTI,Sud,,69189.0,1332470480,4,69.34525357415156
Hegang,Hegang,47.3501,130.298,China,CN,CHN,Heilongjiang,minor,891271.0,1156541759,5,240.24356304194822
Kaikoura,Kaikoura,-42.4,173.6814,New Zealand,NZ,NZL,Canterbury,,2210.0,1554578431,0,169.80690568504426
Abaza,Abaza,52.6481,90.0739,Russia,RU,RUS,Khakasiya,,12272.0,1643885049,1,373.2534068488787
Zhabinka,Zhabinka,52.2006,24.0233,Belarus,BY,BLR,Brestskaya Voblasts’,minor,14418.0,1112259690,2,138.23049990418417
Camiri,Camiri,-20.1,-63.5333,Bolivia,BO,BOL,Santa Cruz,,33838.0,1068205873,3,257.193489431746
Puerto López,Puerto Lopez,4.0872,-72.9606,Colombia,CO,COL,Meta,minor,35097.0,1170290556,4,100.5962353438031
Bijnor,Bijnor,29.37,78.13,India,IN,IND,Uttar Pradesh,,115381.0,1356562939,5,78.96327760022241
Momchilgrad,Momchilgrad,41.533,25.417,Bulgaria,BG,BGR,Kardzhali,,9235.0,1100063207,0,97.52719034161211
Oulad Hammou,Oulad Hammou,33.1156,-7.9333,Morocco,MA,MAR,Casablanca-Settat,,10894.0,1504000988,1,80.962765405996
Novyi Buh,Novyi Buh,47.6833,32.5,Ukraine,UA,UKR,Mykolaivska Oblast,minor,15000.0,1804139918,2,90.86075894418138
Velsk,Velsk,61.0667,42.1167,Russia,RU,RUS,Arkhangel’skaya Oblast’,minor,21406.0,1643373817,3,445.9520884421251
Wiwilí,Wiwili,13.6167,-85.8333,Nicaragua,NI,NIC,Nueva Segovia,minor,57485.0,1558766877,4,70.26703771430708
Baotou,Baotou,40.6213,109.9532,China,CN,CHN,Inner Mongolia,,2650364.0,1156032751,5,135.76251726996566
Akpassi,Akpassi,8.45,1.8833,Benin,BJ,BEN,Collines,,8979.0,1204094346,0,127.62611507628469
Maisaka,Maisaka,34.6857,137.6272,Japan,JP,JPN,Shizuoka,,11872.0,1392066241,1,66.44555444154507
Bethlehem,Bethlehem,-28.224,28.311,South Africa,ZA,ZAF,Free State,,16236.0,1710750307,2,76.85499403014445
El Fanar,El Fanar,33.8667,35.5667,Lebanon,LB,LBN,Mont-Liban,,30000.0,1422818939,3,73.30032425199799
Angul,Angul,20.8381,85.0956,India,IN,IND,Odisha,,44390.0,1356441869,4,80.07994661931713
Xin’an,Xin'an,34.286,118.355,China,CN,CHN,Jiangsu,,920628.0,1156236053,5,176.56736916138027
Piso Firme,Piso Firme,-13.683,-61.8666,Bolivia,BO,BOL,El Beni,,72.0,1068400874,0,195.6100449345095
Mountougoula,Mountougoula,12.5289,-7.8217,Mali,ML,MLI,Koulikoro,,11814.0,1466110892,1,106.76117511803055
San Julián,San Julian,-16.9064,-62.6169,Bolivia,BO,BOL,Santa Cruz,,20687.0,1068794197,2,71.1971073192963
Toguéré-Koumbé,Toguere-Koumbe,14.9169,-4.5947,Mali,ML,MLI,Mopti,,27057.0,1466368707,3,68.04035305911651
Pilibangan,Pilibangan,29.4888,74.0748,India,IN,IND,Rājasthān,,37288.0,1356290166,4,116.09367981628543
Medinīpur,Medinipur,22.424,87.319,India,IN,IND,West Bengal,,169264.0,1356432910,5,69.34622142156094
Lüchow,Luchow,52.9667,11.15,Germany,DE,DEU,Lower Saxony,minor,9494.0,1276197749,0,91.46081258152772
Bataiporã,Bataipora,-22.2953,-53.2711,Brazil,BR,BRA,Mato Grosso do Sul,minor,11349.0,1076881437,1,116.46961145090432
Katangi,Katangi,21.7737,79.8051,India,IN,IND,Madhya Pradesh,,19487.0,1356150118,2,96.47061819267206
Makhdum Rashid,Makhdum Rashid,30.0,5.0,Pakistan,PK,PAK,Punjab,,30000.0,1586125576,3,438.47658098777697
Myaydo,Myaydo,19.3667,95.2167,Burma,MM,MMR,Magway,,72000.0,1104898210,4,103.20941992887295
Nehe,Nehe,48.4833,124.8833,China,CN,CHN,Heilongjiang,minor,436906.0,1156609562,5,88.7371818743422
Weipa,Weipa,-12.63,141.8786,Australia,AU,AUS,Queensland,,3291.0,1036501067,0,551.1184893759892
Portoferraio,Portoferraio,42.8167,10.3167,Italy,IT,ITA,Tuscany,,11797.0,1380962428,1,124.10789904055609
Varkaus,Varkaus,62.3167,27.8917,Finland,FI,FIN,Pohjois-Savo,minor,19727.0,1246449573,2,76.92756079376262
Nang Rong,Nang Rong,14.6283,102.7933,Thailand,TH,THA,Buri Ram,minor,21257.0,1764430858,3,141.44728874740076
Morshansk,Morshansk,53.45,41.8167,Russia,RU,RUS,Tambovskaya Oblast’,minor,39023.0,1643010235,4,122.63058634344034
La Paz,La Paz,24.1422,-110.3108,Mexico,MX,MEX,Baja California Sur,admin,250141.0,1484005187,5,335.2844126246044
Eydhafushi,Eydhafushi,5.1038,73.0704,Maldives,MV,MDV,Maalhosmadulu Dhekunuburi,admin,2658.0,1462623341,0,118.64732277072378
St. Helens,St. Helens,45.8572,-122.8164,United States,US,USA,Oregon,,14152.0,1840021185,1,95.02345107634983
Pastos Bons,Pastos Bons,-6.6019,-44.0769,Brazil,BR,BRA,Maranhão,minor,18802.0,1076108777,2,119.07410812328641
Bella Vista,Bella Vista,36.4667,-94.2707,United States,US,USA,Arkansas,,30935.0,1840015287,3,141.1046351939293
Longxing,Longxing,35.6091,111.2304,China,CN,CHN,Shanxi,minor,56381.0,1156152527,4,84.75702629758425
Dabou,Dabou,5.3256,-4.3767,Côte d’Ivoire,CI,CIV,Lagunes,admin,138083.0,1384274793,5,174.63377591190797
Wepangandla,Wepangandla,16.1157,78.1301,India,IN,IND,Andhra Pradesh,,10463.0,1356777487,0,90.19434157479725
Sun Village,Sun Village,34.5596,-117.9558,United States,US,USA,California,,11009.0,1840076298,1,78.40971474230813
Humayingcun,Humayingcun,41.1145,116.8985,China,CN,CHN,Hebei,,15207.0,1156450682,2,91.94012803184597
Tekkali,Tekkali,18.6057,84.2355,India,IN,IND,Andhra Pradesh,,30740.0,1356120719,3,76.82057668798221
Hyères,Hyeres,43.1199,6.1316,France,FR,FRA,Provence-Alpes-Côte d’Azur,,55384.0,1250566198,4,83.4674886260301
Shijing,Shijing,23.093,113.7965,China,CN,CHN,Guangdong,,246960.0,1156078561,5,83.66875434407328
Akseki,Akseki,37.0486,31.79,Turkey,TR,TUR,Antalya,minor,10477.0,1792149428,0,109.63576668727251
Kete Krachi,Kete Krachi,7.7939,-0.0498,Ghana,GH,GHA,Oti,,11788.0,1288185431,1,186.03180379063187
Rosário Oeste,Rosario Oeste,-14.8358,-56.4278,Brazil,BR,BRA,Mato Grosso,minor,15453.0,1076536709,2,100.60913895617557
Teodoro Sampaio,Teodoro Sampaio,-22.5325,-52.1675,Brazil,BR,BRA,São Paulo,minor,23273.0,1076720221,3,95.42686398321003
Battle Creek,Battle Creek,42.2985,-85.2296,United States,US,USA,Michigan,,73448.0,1840003176,4,76.32149643692733
Duyun,Duyun,26.2594,107.5186,China,CN,CHN,Guizhou,,493574.0,1156084618,5,110.12528220844321
Aiyomojok,Aiyomojok,5.7504,8.9833,Cameroon,CM,CMR,South-West,,5798.0,1120658014,0,111.80471368804353
Namīn,Namin,38.4264,48.4822,Iran,IR,IRN,Ardabīl,minor,13659.0,1364085966,1,67.14973443638473
Tarquinia,Tarquinia,42.2492,11.7561,Italy,IT,ITA,Lazio,,15942.0,1380000153,2,87.98939779159626
Oranjestad,Oranjestad,12.5186,-70.0358,Aruba,AW,ABW,,primary,28658.0,1533513057,3,371.7225420950141
Al Balyanā,Al Balyana,26.2329,31.9993,Egypt,EG,EGY,Sūhāj,,46997.0,1818610123,4,90.37769023192106
Melitopol,Melitopol,46.8489,35.3675,Ukraine,UA,UKR,Zaporizka Oblast,minor,148851.0,1804906240,5,179.10603161665992
Black River,Black River,18.0257,-77.8509,Jamaica,JM,JAM,Saint Elizabeth,admin,4261.0,1388022504,0,316.461273062003
Kaabong,Kaabong,3.52,34.12,Uganda,UG,UGA,Kaabong,admin,13400.0,1800299361,1,208.51501684757994
