image_id,method,psnr,ssim,rmse,mae,bias,r2,pearson,psnr_norm,ssim_norm,rmse_norm,mae_norm,bias_norm,r2_norm,pearson_norm
ntl_chip_Akpassi_785,learned,22.891939163208008,0.6410674452781677,0.0716807767748832,0.052658125758171,-0.0020833958406001,0.5871844291687012,0.7666653394699097,0.05180962500412087,0.3393407119065068,0.30180399223876275,0.3397759088988145,0.5218321285064218,0.999999999961795,0.7702092111141657
ntl_chip_Al_Mukalla_639,learned,36.1128044128418,0.9313996434211732,0.0156441126018762,0.0095328260213136,1.668540789978579e-06,0.9725674390792848,0.9862520098686218,0.2713214941717038,0.8737495995471043,0.8476284489292951,0.8804780590852896,0.9996170470428632,0.9999999999974611,0.9908109097587363
ntl_chip_Albuquerque_589,learned,32.61017608642578,0.9452239274978638,0.0234146304428577,0.0130576314404606,-0.000778026995249,0.985457956790924,0.9927574992179872,0.21316580795803486,0.8991956931016776,0.7719398129022976,0.8362842823289312,0.8214321517625762,0.9999999999986542,0.9973464704026422
ntl_chip_Alfter_1247,learned,32.07966232299805,0.923393487930298,0.024889338761568,0.0173825435340404,-0.0009743463015183,0.9697721004486084,0.9848344326019288,0.20435745346456655,0.8590128232697144,0.7575754341742578,0.7820588211116152,0.7763741829490992,0.9999999999972025,0.9893867798130316
ntl_chip_Ambatomarina_1864,learned,30.708818435668945,0.7629777789115906,0.0291444975882768,0.0209368616342544,-8.853249164531007e-05,0.6577522158622742,0.8111454844474792,0.1815967265104134,0.5637387160053889,0.7161281105514672,0.7374950163158444,0.9796805809711767,0.9999999999683259,0.8148949633057349
ntl_chip_Ambohidanerana_1862,learned,32.8795280456543,0.787412703037262,0.0226996671408414,0.0173236783593893,0.0001901065115816,0.6998149156570435,0.8367577195167542,0.21763797758670875,0.6087156104218687,0.7789039043883983,0.7827968687703946,0.9563679526335911,0.9999999999722187,0.8406255896324921
ntl_chip_Andribavontsona_1854,learned,35.11188888549805,0.8329848647117615,0.0175549071282148,0.0135829159989953,-0.0001526490668766,0.6890410780906677,0.8302417993545532,0.25470285128127956,0.6925994110599603,0.8290163777152415,0.8296982993446385,0.964964949064677,0.9999999999712216,0.8340795499598475
ntl_chip_Anosiala_1888,learned,33.75768280029297,0.8756658434867859,0.0205168481916189,0.0134974485263228,0.0001420437911292,0.9685382843017578,0.984182357788086,0.23221836910945529,0.7711614669960984,0.8001656262377708,0.8307698848530756,0.9673990050572607,0.9999999999970883,0.988731690816437
ntl_chip_Ansfelden_721,learned,33.514801025390625,0.9381465315818788,0.0210986640304327,0.0123597960919141,-0.0002890905598178,0.9682592749595642,0.9840763807296752,0.22818569565058086,0.8861684666932904,0.7944984560233905,0.8450336956834483,0.9336497582633421,0.9999999999970626,0.988625223884449
ntl_chip_Aragarcas_885,learned,38.18100738525391,0.9308086037635804,0.0123292123898863,0.0080770412459969,0.0005190911469981,0.9772113561630248,0.9886137247085572,0.30566078223794513,0.8726616842280804,0.8799171947690999,0.8987305921233322,0.8808614743131356,0.9999999999978909,0.9931835415057265
ntl_chip_Arambagh_1618,learned,28.21186828613281,0.8129453063011169,0.038851261138916,0.0257114060223102,-0.0012447749031707,0.8569372296333313,0.92589271068573,0.1401387595624381,0.6557129816954625,0.6215794963639143,0.677632095187527,0.7143071161329024,0.9999999999867599,0.9301726027769667
ntl_chip_Astrakhan_239,learned,35.421173095703125,0.9568182229995728,0.0169407967478036,0.009314420633018,-0.0002325532695977,0.9835649728775024,0.991806983947754,0.2598380337223847,0.9205370896180665,0.8349981125255271,0.8832164113700116,0.946625840483403,0.9999999999984789,0.9963915614237853
ntl_chip_Awan Patti_100,learned,35.34222412109375,0.9049798846244812,0.0170954838395118,0.012332278303802,-0.0013180968817323,0.9557957649230956,0.9778558611869812,0.2585272090026601,0.8251192581637532,0.8334913847601486,0.8453787118871937,0.697478718120742,0.9999999999959089,0.9823759503056914
ntl_chip_Baixo_Guandu_905,learned,35.75592422485352,0.9146926403045654,0.0163003038614988,0.0099713765084743,0.0002291504060849,0.9409914016723632,0.970204770565033,0.26539605467474237,0.8429973405539194,0.8412368258187047,0.8749795421400159,0.9474068442519571,0.9999999999945388,0.9746894929054282
ntl_chip_Bamukumbit_1039,learned,26.59644317626953,0.7449184060096741,0.0467925630509853,0.0320940539240837,-0.0002283590147271,0.7750648856163025,0.8806551098823547,0.11331714246924833,0.5304971759842363,0.5442273401365514,0.5976068787732605,0.9475884794043863,0.9999999999791828,0.8847258934584574
ntl_chip_Bareilly_1663,learned,32.73268127441406,0.8635799884796143,0.0230867061764001,0.0163566395640373,-0.0012772554764524,0.954565405845642,0.9771189093589784,0.21519981573969488,0.7489152663615177,0.775133955294897,0.7949215371008429,0.706852379837313,0.9999999999957951,0.9816355919552439
ntl_chip_Barletta_1738,learned,33.79684829711914,0.9542276859283448,0.0204245503991842,0.0106977019459009,-0.0002180939045501,0.980147123336792,0.9900745749473572,0.23286865116383354,0.9157687379041283,0.8010646517802953,0.8658729219391585,0.9499444627409803,0.9999999999981626,0.9946511444506568
ntl_chip_Barstow_530,learned,35.53856658935547,0.957275688648224,0.0167133603245019,0.0077238311059772,0.0001513604074716,0.9585834741592408,0.9792107939720154,0.26178716978369143,0.921379137830401,0.8372134542845765,0.903159117451658,0.9652607140425851,0.9999999999961671,0.9837371461987983
ntl_chip_Bedourie_725,learned,27.8669548034668,0.687849760055542,0.0404250882565975,0.0313794091343879,-0.0022964621894061,0.5385963916778564,0.7350876331329346,0.13441200856304994,0.42545201806316835,0.6062496521608197,0.6065670477869458,0.47293048412849714,0.9999999999572984,0.7384855384313589
ntl_chip_Belazao_1863,learned,33.30400085449219,0.811252236366272,0.0216169916093349,0.0159439519047737,0.0001259594719158,0.86370450258255,0.9294429421424866,0.2246856872425802,0.6525965804614093,0.7894496924448067,0.8000957876238728,0.9710905765449331,0.9999999999873862,0.9337392449985543
ntl_chip_Beloozerskiy_192,learned,26.19220352172852,0.8374316692352295,0.0490217693150043,0.0337402820587158,-0.0016261471901088,0.8943579792976379,0.9458417296409608,0.10660537281692445,0.700784558536339,0.5225137832025999,0.5769665795168057,0.6267769544909829,0.999999999990223,0.9502138350604471
ntl_chip_Bidur_1988,learned,29.68240737915039,0.8187314867973328,0.0328002870082855,0.0233236588537693,-0.0009600791963748,0.9480098485946656,0.9737331867218018,0.1645547700804511,0.6663634927391855,0.6805189374609597,0.7075695109506531,0.7796486789262427,0.9999999999951884,0.9782342189869103
ntl_chip_Bilenke_394,learned,26.546646118164062,0.7215939164161682,0.0470616109669208,0.0369297824800014,-0.0043570385314524,0.6126701831817627,0.78485506772995,0.11249033990395625,0.487564237033006,0.5416066821315384,0.5369768346029663,0.0,0.9999999999641537,0.7884830204704534
ntl_chip_Borgampad_1500,learned,32.35309219360352,0.8453227877616882,0.0241180229932069,0.0164786614477634,-0.0002789838472381,0.9238951802253724,0.9612537026405334,0.2088973304582089,0.7153095884880214,0.7650884261843234,0.793391634809077,0.9359693871825591,0.9999999999929566,0.9656970491234713
ntl_chip_Brejo_da_Madre_de_Deus_943,learned,36.18808364868164,0.9393522143363952,0.0155091034248471,0.009479203261435,-9.927409701049328e-05,0.9673131704330444,0.9835696816444396,0.2725713885966673,0.8883877437277005,0.8489435042022613,0.8811503776950664,0.9772152354646723,0.999999999996975,0.9881161826083932
ntl_chip_Bubanza_779,learned,34.99365997314453,0.8658334612846375,0.0177955031394958,0.0129007939249277,-0.000286592694465,0.9538029432296752,0.976736068725586,0.25273984439403446,0.7530631903698208,0.8266728551469831,0.8382507007050581,0.9342230525628458,0.9999999999957245,0.9812509816604424
ntl_chip_Bucak_365,learned,33.84380340576172,0.9431129693984984,0.020314423367381,0.0115254148840904,-0.0003986644733231,0.9502255320549012,0.974993109703064,0.23364826758609342,0.895310093168383,0.8021373428154958,0.8554951119726871,0.908501044816281,0.9999999999953936,0.9794999658982466
ntl_chip_Burglengenfeld_1235,learned,32.26853561401367,0.9148773550987244,0.0243539586663246,0.0153898950666189,-0.0004573172482196,0.960360586643219,0.9800480008125304,0.2074934001945146,0.8433373415193949,0.7627902975841664,0.8070425155433029,0.8950394298975467,0.9999999999963316,0.9845782229854682
ntl_chip_Buriti_do_Tocantins_815,learned,35.73482131958008,0.9041239619255066,0.016339948400855,0.0102976793423295,0.0001497364137321,0.902428388595581,0.9502755999565125,0.2650456738113138,0.8235437777299914,0.8408506686575997,0.870888378833233,0.9656334428416942,0.9999999999909699,0.9546682007166339
ntl_chip_Buug_82,learned,29.881778717041016,0.7470016479492188,0.0320559777319431,0.0214342847466468,-0.000712388602551,0.6653627157211304,0.8159241080284119,0.167865020522647,0.5343317593157411,0.6877688730587501,0.7312583582969054,0.8364970616145715,0.9999999999690302,0.8196956758317849
ntl_chip_Cadale_282,learned,25.113439559936523,0.657365620136261,0.055504385381937,0.0425193235278129,-0.0035193422809243,0.589165210723877,0.7686672806739807,0.08869417796149338,0.3693404485950137,0.4593699389912006,0.4668955393644725,0.19226275932172165,0.9999999999619783,0.7722204061899085
ntl_chip_Cadiz_1339,learned,33.67826461791992,0.9587897658348083,0.0207053087651729,0.0111034708097577,-0.0005616199923679,0.9858505725860596,0.992965042591095,0.23089975392584752,0.9241660705587029,0.7983299282766981,0.8607854188144306,0.8711005219913246,0.9999999999986906,0.9975549731344651
ntl_chip_Canarana_I_872,learned,39.792598724365234,0.9423055648803712,0.0102411666885018,0.0068732416257262,0.0004920846549794,0.9558782577514648,0.97784161567688,0.3324187455408699,0.893823919216034,0.90025577893222,0.9138237519864677,0.8870598340071678,0.9999999999959167,0.9823616389464422
ntl_chip_Cantonment_108,learned,34.89923095703125,0.9439866542816162,0.0179900228977203,0.0126921720802783,-0.0026667164638638,0.9905542731285096,0.9953988194465636,0.2511719977032699,0.8969182681125392,0.8247781377701482,0.8408663875678997,0.3879520585798304,0.9999999999991259,1.0
ntl_chip_Carlos_Casares_697,learned,38.64912414550781,0.9517344832420348,0.0116822915151715,0.0065102875232696,0.0005102076102048,0.9463330507278442,0.9730339646339417,0.31343313170916093,0.911179547718625,0.8862185198064504,0.9183744464700949,0.8829003676415217,0.9999999999950333,0.9775317647804157
ntl_chip_Chencha_1340,learned,27.16399383544922,0.723497748374939,0.0438327938318252,0.0317388735711574,-0.0008167849155142,0.7404232025146484,0.8606744408607483,0.1227404369126493,0.4910685838669047,0.5730569367911578,0.6020601065004432,0.8125366783841756,0.9999999999759769,0.8646528648077749
ntl_chip_Chengam_1585,learned,28.79819869995117,0.7968126535415649,0.0363151952624321,0.0255993213504552,-0.0010671018389984,0.8779060244560242,0.9370826482772828,0.14987386257248014,0.6260179183471059,0.6462820156803661,0.6790374053753921,0.7550855170788021,0.9999999999887006,0.9414142652874511
ntl_chip_Cherutana_Tekku_1508,learned,32.867759704589844,0.8835864067077637,0.0227304343134164,0.0162477176636457,-0.0015029482310637,0.9757290482521056,0.9878759384155272,0.21744258261858201,0.7857406952301121,0.7786042171121749,0.7962871926696969,0.6550528024449904,0.9999999999977538,0.9924423448329796
ntl_chip_Ciudad_del_Plata_608,learned,32.99720001220703,0.9364320635795592,0.0223942026495933,0.0126917222514748,-0.0005803213571198,0.9873855710029602,0.9937132000923156,0.21959173725666162,0.8830126784483927,0.7818792776093841,0.8408720274916278,0.8668083027197026,0.9999999999988325,0.9983065889557864
ntl_chip_Cloppenburg_1251,learned,32.19232177734375,0.9148143529891968,0.0245685949921607,0.0141418101266026,-0.0002377344499109,0.917333960533142,0.9578644037246704,0.20622798817888943,0.8432213747493054,0.76069963502128,0.8226909218106201,0.9454366886602557,0.9999999999923495,0.9622920833452845
ntl_chip_Covington_418,learned,34.86913299560547,0.9426565766334534,0.0180524699389934,0.010356830433011,-0.0003954540006816,0.9642205834388732,0.9821078777313232,0.25067226794686154,0.894470019792247,0.8241698731120382,0.870146746378212,0.9092378922456357,0.9999999999966886,0.9866476215808353
ntl_chip_Cuapiaxtla_de_Madero_1935,learned,28.91883850097656,0.9011663794517516,0.0358142964541912,0.023098949342966,-0.0010637906379997,0.9429086446762084,0.971143364906311,0.15187689850992173,0.818099812609987,0.6511610145269234,0.7103869039056023,0.7558454830453175,0.9999999999947164,0.9756324258514406
ntl_chip_Cunupia_380,learned,31.83332252502441,0.9281285405158995,0.0256053414195776,0.016813475638628,-0.0010600266978144,0.985264539718628,0.9926581382751464,0.2002673649202441,0.867728543404705,0.7506012188535441,0.7891937566721581,0.7567093588541103,0.9999999999986362,0.997246650168883
ntl_chip_Currumbin_726,learned,33.78932189941406,0.9511353373527528,0.0204422511160373,0.0105431526899337,-0.0002603945904411,0.9813830256462096,0.9907070398330688,0.2327436870561791,0.9100767114149921,0.8008922381596424,0.8678106502684939,0.9402358761435377,0.9999999999982769,0.9952865328732222
ntl_chip_Cuttack_1651,learned,32.344608306884766,0.8851513862609863,0.0241415910422801,0.0167339816689491,-0.0009434038656763,0.9705821871757508,0.9852473735809326,0.2087564687372643,0.7886213229647117,0.7648588618844051,0.7901904467959255,0.7834758956419372,0.9999999999972775,0.9898016295907653
ntl_chip_Dabou_1027,learned,31.696678161621094,0.8543579578399658,0.026011349633336,0.0162632465362548,-0.0002537342079449,0.9364458918571472,0.9677438139915466,0.19799859815986076,0.7319404521058335,0.7466465007068255,0.7960924926940226,0.941764525121076,0.9999999999941181,0.9722171606850076
ntl_chip_Dadukou_1109,learned,24.010692596435547,0.726701557636261,0.0630180463194847,0.0402389913797378,-0.000815282750409,0.7775557041168213,0.8819674253463745,0.07038478272855424,0.49696577389442076,0.3861832145578541,0.4954861927193934,0.8128814458436224,0.9999999999794134,0.8860442750341453
ntl_chip_Datori_784,learned,24.02377700805664,0.6608116626739502,0.062923178076744,0.046511348336935,-0.0008889567106962,0.660504937171936,0.812916100025177,0.07060202899781667,0.375683512750859,0.3871072775408193,0.416843796859242,0.7959722632060657,0.9999999999685807,0.8166737634641299
ntl_chip_Denan_1346,learned,31.638896942138672,0.7559765577316284,0.0261849630624055,0.0203412771224975,-0.0016088373959064,0.5383365154266357,0.7350736260414124,0.19703923103434529,0.5508517029670815,0.7449554211789029,0.7449624154548581,0.6307497892679639,0.9999999999572742,0.7384714665927666
ntl_chip_Dhariwal_1577,learned,34.94390106201172,0.9108655452728271,0.0178977381438016,0.0130309602245688,-0.0017485599964857,0.9515251517295836,0.975774586200714,0.25191367519978974,0.8359528804083082,0.8256770363111637,0.8366186842662806,0.5986815393384127,0.9999999999955137,0.9802850547313683
ntl_chip_Dire_1898,learned,28.522388458251957,0.6893001198768616,0.0374868549406528,0.0292259007692337,-0.0001328576763626,0.6971296072006226,0.835014283657074,0.14529446322547948,0.4281216674639153,0.6348694786079134,0.6335675929562183,0.9695073441734489,0.9999999999719702,0.8388740948289827
ntl_chip_Divinopolis_963,learned,31.55684471130371,0.9236485362052916,0.0264334995299577,0.0141341527923941,-0.0003638858906924,0.9681382179260254,0.984037458896637,0.19567688157991367,0.8594822857193007,0.742534554691372,0.8227869289594746,0.9164832057220527,0.9999999999970512,0.9885861221372118
ntl_chip_Dom_Pedrito_942,learned,39.211570739746094,0.928712785243988,0.0109497318044304,0.0078265089541673,0.0003685714909806,0.9565605521202089,0.9781306385993958,0.32277168110641813,0.8688039514278064,0.8933540089011286,0.901871749395513,0.9154077963001768,0.9999999999959798,0.9826519978627573
ntl_chip_Douar_Ras_el_Ksar_1834,learned,40.22442626953125,0.9589673280715942,0.0097444141283631,0.006163359619677,0.0004369403759483,0.981754720211029,0.9909221529960632,0.33958856913468244,0.924492905949523,0.9050943912987631,0.9227242055344217,0.899716201086097,0.9999999999983115,0.9955026403859014
ntl_chip_El Crucero_8,learned,32.112937927246094,0.9024947881698608,0.0247941762208938,0.0154821071773767,-0.0005568243796005,0.9735655188560486,0.986751914024353,0.20490994302922433,0.8205449889628598,0.7585023637627218,0.8058863662095195,0.8722011807834793,0.9999999999975536,0.9913131246960708
ntl_chip_El_Seibo_1266,learned,34.476524353027344,0.9141407012939452,0.0188872069120407,0.0115302987396717,-0.0002811306912917,0.9485989809036256,0.97412770986557,0.24415361312689365,0.8419813970430116,0.8160391276167965,0.8554338785150619,0.9354766570774424,0.9999999999952429,0.9786305657938993
ntl_chip_Engandiyur_1606,learned,33.455936431884766,0.8752155303955078,0.0212421417236328,0.0155663453042507,-0.0010780612938106,0.9705836176872252,0.9852620363235474,0.22720834078731886,0.7703325843584194,0.793100913270018,0.8048301941572352,0.7525701721413895,0.9999999999972775,0.989816360111164
ntl_chip_Eqbaliyeh_1697,learned,31.720638275146484,0.9306243062019348,0.0259396973997354,0.0163305252790451,-0.0009923207107931,0.9742335677146912,0.9870941042900084,0.19839641851474046,0.8723224512544596,0.7473444284306272,0.7952489562754811,0.7722488099130227,0.9999999999976154,0.9916568967188724
ntl_chip_Erzurum_377,learned,34.699256896972656,0.9458460211753844,0.0184090174734592,0.0097972927615046,5.732908175559714e-05,0.977351188659668,0.9886592626571656,0.2478517399985249,0.90034076895733,0.8206969261199885,0.8771621926229896,0.9868421907812491,0.999999999997904,0.9932292899511925
ntl_chip_Eydhafushi_1927,learned,34.96306228637695,0.8882167339324951,0.017858300358057,0.0110074169933795,-7.310384535230696e-05,0.77149498462677,0.8786073923110962,0.252231817476905,0.7942636494095238,0.8260611795911895,0.8619897351986926,0.9832216665460752,0.9999999999788526,0.8826687104165918
ntl_chip_Fontaine-lEveque_762,learned,30.9782829284668,0.9092011451721193,0.0282542072236537,0.0179742537438869,-0.0006778714596293,0.9565963745117188,0.9781309962272644,0.1860707645836772,0.8328892511859989,0.7247999731924504,0.7746399977132039,0.8444192185274675,0.9999999999959831,0.9826523571437427
ntl_chip_Forest_Hills_529,learned,33.24216842651367,0.9309494495391846,0.0217714309692382,0.0140488464385271,-0.0010476941242814,0.9836806654930116,0.9918614625930786,0.2236590561118295,0.8729209363356694,0.7879453777081087,0.8238564943710057,0.759539853338833,0.9999999999984897,0.9964462918938846
ntl_chip_Fotadrevo_1891,learned,36.276145935058594,0.8609893321990967,0.0153526533395051,0.011477518826723,0.0001263806043425,0.5901058912277222,0.7684547305107117,0.27403352565961875,0.7441466952213351,0.8504674043860291,0.8560956295658871,0.9709939208868158,0.9999999999620652,0.7720068735242909
ntl_chip_Funadhoo_1926,learned,35.75154113769531,0.9034010767936708,0.0163085237145423,0.0100596016272902,-1.0803380064317024e-05,0.8114473819732666,0.9010117650032043,0.2653232803413946,0.8222131769848201,0.8411567604385156,0.8738733814469821,0.9975204763542186,0.99999999998255,0.9051766461850558
ntl_chip_Gaoping_1131,learned,35.45347595214844,0.9466787576675416,0.016877906396985,0.0099777933210134,-0.0005798757774755,0.9863117337226868,0.9931799173355104,0.26037437232533345,0.9018735709865843,0.8356106952349593,0.874899088569643,0.8669105693489929,0.9999999999987331,0.9977708411264874
ntl_chip_Gayeri_765,learned,21.814189910888672,0.6157919764518738,0.0811503157019615,0.0616016536951065,-0.0018115286948159,0.669075071811676,0.8182246088981628,0.03391527781855104,0.2928166430417743,0.20956606165773184,0.22764254831324404,0.5842293608975648,0.9999999999693737,0.8220068106501185
ntl_chip_Gisborne_34,learned,38.08053588867188,0.9197552800178528,0.0124726649373769,0.0085863871499896,0.000292852288112,0.9458771347999572,0.972631573677063,0.3039926095732705,0.8523160440081273,0.8785198969472098,0.8923444469334322,0.9327863901138421,0.9999999999949911,0.9771275137917492
ntl_chip_Gosen_1773,learned,34.37561798095703,0.9410903453826904,0.0191079080104827,0.0117209013551473,-0.0005073061329312,0.9786964058876038,0.9893479943275452,0.24247822003227848,0.8915870880820828,0.8138893912089299,0.853044115553467,0.8835662964031462,0.9999999999980285,0.9939212052487839
ntl_chip_Granadero_Baigorria_705,learned,32.05979537963867,0.9480791091918944,0.024946330115199,0.0139722749590873,-0.0010831196559593,0.987030565738678,0.9935436844825744,0.2040275938230742,0.9044511710778652,0.757020310576328,0.8248165425058289,0.7514092087686343,0.9999999999987996,0.9981362897687374
ntl_chip_Greenville_584,learned,33.73469924926758,0.9209936857223512,0.0205712150782346,0.0136587545275688,-0.0008204240584746,0.973648726940155,0.986820638179779,0.23183676305338935,0.8545955535465865,0.799636066229392,0.8287474408992043,0.8117014452472342,0.9999999999975612,0.9913821665254194
ntl_chip_Guaraciaba_do_Norte_937,learned,32.912315368652344,0.9208959341049194,0.022614138200879,0.0128712831065058,-8.28129705041647e-05,0.9287594556808472,0.9638659954071044,0.21818236000195965,0.8544156240262959,0.7797369980044309,0.8386207053907496,0.980993289385357,0.9999999999934068,0.9683214170808527
ntl_chip_Guarei_879,learned,32.57248306274414,0.917911410331726,0.0235164631158113,0.0130702927708625,-0.0002340768405701,0.9522939324378968,0.9759544730186462,0.2125399740260867,0.8489220685750895,0.7709479129701989,0.8361255354074186,0.9462761600843426,0.9999999999955849,0.980465773066992
ntl_chip_Gueoul_280,learned,31.48043441772461,0.7761802077293396,0.0266670640558004,0.0201019179075956,9.001456783153117e-05,0.8866872191429138,0.9416856169700624,0.19440820770339437,0.5880401725567984,0.7402595222228674,0.7479634854289594,0.9793404241936954,0.9999999999895132,0.9460385109695373
ntl_chip_Gurh_1574,learned,33.22732162475586,0.872556746006012,0.0218086764216423,0.0159459263086318,-0.0010795921552926,0.9468786120414734,0.9731927514076232,0.22341254810017663,0.7654386111196442,0.7875825888247466,0.8000710326791437,0.7522188184705535,0.9999999999950837,0.9776912855379044
ntl_chip_Gurupi_948,learned,36.676002502441406,0.9476333260536194,0.0146618857979774,0.0075432853773236,0.0004490354913286,0.9645227193832396,0.9822368621826172,0.280672520978595,0.9036306266374682,0.8571958173566825,0.9054227878327488,0.8969402064987211,0.9999999999967167,0.9867772022562128
ntl_chip_Gyegu_1068,learned,39.48273468017578,0.9426344633102416,0.0106131425127387,0.0066724456846714,0.000356363132596,0.9151040315628052,0.9569066762924194,0.3272739358598441,0.8944293162239373,0.8966325528683116,0.9163413181886628,0.9182097817075747,0.9999999999921431,0.9613299288665567
ntl_chip_Ha_Tinh_631,learned,30.306303024291992,0.8430836796760559,0.0305268839001655,0.0188049804419279,-0.0005203069304116,0.8912619352340698,0.9441699981689452,0.17491358522943248,0.7111881053421512,0.7026629932258976,0.7642244014254364,0.8805824353731024,0.9999999999899366,0.9485343760944971
ntl_chip_Harij_1608,learned,38.01491928100586,0.9414812326431274,0.0125672500580549,0.0084582334384322,-0.0002687480009626,0.9668054580688475,0.9833407402038574,0.3029031480346164,0.8923065867369999,0.8775985917113077,0.8939512296761905,0.9383186540530745,0.9999999999969278,0.9878861828976144
ntl_chip_Hayden_501,learned,35.66205596923828,0.9524810314178468,0.0164774227887392,0.0094514954835176,-0.0002288627729285,0.9841803908348083,0.9920958876609802,0.2638375185383747,0.9125537045732818,0.8395116010278049,0.8814977759784,0.9474728599996545,0.999999999998536,0.9966818005797718
ntl_chip_Heerhugowaard_20,learned,30.10480117797852,0.8842793107032776,0.0312433559447526,0.0202517732977867,-0.0010986875277012,0.9594258666038512,0.9795634746551514,0.17156796101423866,0.7870161102748532,0.6956842058508439,0.7460846084776623,0.7478361690469244,0.9999999999962449,0.9840914571305032
ntl_chip_Higashi-Matsuyama_1778,learned,31.80413246154785,0.9247559309005736,0.0256915334612131,0.018294496461749,-0.002534900791943,0.9791299700737,0.9896465539932252,0.19978270939476425,0.8615206458153217,0.7497616663036012,0.7706248157391385,0.41820556011975374,0.9999999999980685,0.9942211449913748
ntl_chip_Huajiang_1097,learned,32.72404098510742,0.8460981845855713,0.0231096744537353,0.0160669200122356,-0.0006005687755532,0.8894380927085876,0.9432356953620912,0.215056357197456,0.7167368464937879,0.7749102330644142,0.7985540216416137,0.8621612429594459,0.9999999999897679,0.9475957545203089
ntl_chip_Huishi_1104,learned,38.3289794921875,0.9288604259490968,0.0121209369972348,0.0081334263086318,0.0003057668509427,0.9380784034729004,0.968866765499115,0.30811762853085756,0.8690757108313183,0.8819458987384339,0.8980236399446546,0.9298223211166384,0.9999999999942693,0.9733453029789604
ntl_chip_Huozhou_1113,learned,34.253395080566406,0.9247759580612184,0.019378688186407,0.0115465698763728,-0.0003447374620009,0.9557559490203856,0.9777567386627196,0.2404488991963693,0.8615575094243573,0.811251860146229,0.855229872081392,0.9208780322890596,0.9999999999959053,0.9822763695925891
ntl_chip_Hyeres_1392,learned,33.73412322998047,0.9549646377563475,0.0205725748091936,0.0110766952857375,-0.0004164557321928,0.980220377445221,0.9901273846626282,0.23182719915057343,0.9171252309461216,0.7996228217862601,0.8611211285601814,0.9044177073058897,0.9999999999981695,0.994704198276158
ntl_chip_Hyosha_1010,learned,33.48940658569336,0.8051877021789551,0.0211604442447423,0.0158498659729957,-0.0002837470092345,0.7421163320541382,0.8615792989730835,0.22776406054431844,0.6414337091373475,0.7938966865853374,0.8012754308014293,0.9348761762866682,0.9999999999761335,0.8655619055808373
ntl_chip_Ilaka_Atsinanana_1876,learned,28.18498992919922,0.7193823456764221,0.0389716699719429,0.027436152100563,-0.0004439129552338,0.5847609043121338,0.7650163769721985,0.1396924863224314,0.48349344134955907,0.6204066555669543,0.6560073431573412,0.8981158986707828,0.9999999999615706,0.768552626370949
ntl_chip_Imzouren_1845,learned,35.14192199707031,0.9437493085861206,0.01749431155622,0.0101978778839111,-0.0001864111691247,0.9777398109436036,0.9888720512390136,0.2552015043069073,0.8964813904602245,0.829606608159006,0.8721396829050388,0.9572160843244688,0.9999999999979399,0.9934430621374668
ntl_chip_Inongo_1007,learned,29.935590744018555,0.7188743352890015,0.0318579897284507,0.0234916433691978,-0.000254095532,0.5269037485122681,0.726091742515564,0.16875848539067925,0.48255835640965994,0.6896973728371067,0.7054633322285468,0.9416815963031435,0.9999999999562161,0.7294480647659066
ntl_chip_Irshava_391,learned,34.47771453857422,0.915884494781494,0.0188846159726381,0.0127058941870927,-0.0003474112891126,0.9425809383392334,0.9709540009498596,0.24417337430357292,0.8451911641439959,0.8160643646310374,0.8406943407020249,0.9202643523566013,0.999999999994686,0.9754421865697056
ntl_chip_Isangel_635,learned,39.5434455871582,0.9315073490142822,0.0105392131954431,0.0070783607661724,0.0003855903050862,0.8280770182609558,0.9101210236549376,0.3282819458818009,0.8739478511587898,0.8973526604985907,0.9112519817968017,0.9115017454395417,0.999999999984089,0.9143280119228593
ntl_chip_Itaperucu_907,learned,32.26377868652344,0.9030537009239196,0.0243673026561737,0.0161676835268735,-0.0010795521084219,0.9886435270309448,0.9943453669548036,0.20741441882490227,0.8215737689090562,0.7626603206107516,0.7972906553726833,0.7522280097757051,0.999999999998949,0.9989416779775309
ntl_chip_Jabonga_65,learned,31.8736572265625,0.8020081520080566,0.025486709550023,0.016461007297039,-0.0015814859652891,0.8118182420730591,0.9014724493026732,0.20093705979722562,0.6355811723505377,0.7517567511590701,0.7936129813809187,0.6370273170933105,0.9999999999825844,0.9056394599743317
ntl_chip_Jafarabad_1593,learned,34.666961669921875,0.8876626491546631,0.0184775963425636,0.012154197320342,-0.0002681653713807,0.9307570457458496,0.964823305606842,0.24731552806978557,0.7932437562262196,0.8200289344662777,0.8476114794563858,0.9384523755195462,0.9999999999935918,0.9692831523984312
ntl_chip_Jieshou_1128,learned,34.369590759277344,0.9383551478385924,0.0191211756318807,0.012480104342103,-0.001097388099879,0.9796455502510072,0.9898346066474916,0.24237814740678734,0.886552462620739,0.813760158101499,0.8435252788154095,0.7481344055240222,0.9999999999981162,0.994410066909497
ntl_chip_Johnston_542,learned,32.717044830322266,0.9388738870620728,0.0231282971799373,0.0144353294745087,-0.0011390236904844,0.9866052865982056,0.9933239817619324,0.21494019694736055,0.8875072959226213,0.7747288386227337,0.8190107956781049,0.7385784674011797,0.9999999999987603,0.9979155714834133
ntl_chip_Kadiana_1901,learned,28.31891822814941,0.7242468595504761,0.0383753702044487,0.0284646470099687,-0.0001745214976835,0.7493983507156372,0.8658907413482666,0.141916157064239,0.49244745838581266,0.626214906315292,0.6431121421415852,0.9599449267148611,0.9999999999768076,0.8698932773797112
ntl_chip_Kaedi_1923,learned,34.87325668334961,0.8370600938796997,0.0180439036339521,0.0136285508051514,0.0001332202809862,0.8013683557510376,0.8952893614768982,0.25074073535708685,0.7001006069329915,0.8242533131037653,0.8291261331692725,0.9694241214475118,0.9999999999816171,0.8994277911387059
ntl_chip_Kamikawa_1744,learned,33.97462844848633,0.9137643575668336,0.0200107414275407,0.0132557339966297,-0.0006330041214823,0.9762834310531616,0.9881518483161926,0.23582041359319408,0.8412886683898941,0.8050953531158288,0.8338004856079422,0.8547168869605358,0.9999999999978052,0.9927195301131658
ntl_chip_Kaoni_1490,learned,34.35747528076172,0.924477219581604,0.0191478580236434,0.0136151453480124,-0.0009949792874976,0.9617067575454712,0.9807503819465636,0.24217698876212918,0.8610076272562501,0.8135002585838883,0.8292942099025014,0.771638630157827,0.9999999999964561,0.9852838508406666
ntl_chip_Kincardine_981,learned,36.78478240966797,0.9261141419410706,0.0144794005900621,0.0090081971138715,0.000238816748606,0.9543952345848083,0.9769753217697144,0.2824786418573961,0.8640206787292586,0.8589733123402687,0.8870558215596334,0.9451882862907821,0.9999999999957794,0.9814913406396316
ntl_chip_Kovrov_237,learned,28.282793045043945,0.8188995122909546,0.0385353155434131,0.0250141955912113,-0.0002751885913312,0.8890315294265747,0.9429577589035034,0.14131635468233955,0.666672774030465,0.6246569606554488,0.6863736733684995,0.9368404503782373,0.9999999999897302,0.947316533314539
ntl_chip_Kraslava_1818,learned,28.93863296508789,0.7914459705352783,0.0357327722012996,0.0262141246348619,-0.0001662164868321,0.7245050668716431,0.8513175249099731,0.15220555474642405,0.6161395682569216,0.6519551005364739,0.6713290425385237,0.9618510404183429,0.9999999999745036,0.8552526969876266
ntl_chip_Krasnoarmeysk_217,learned,39.733009338378906,0.9708818793296814,0.0103116724640131,0.004822083748877,0.0005415248451754,0.9111060500144958,0.9548195004463196,0.33142935662770706,0.9464237910711071,0.8995690182697154,0.9395410335161406,0.8757126334168808,0.9999999999917731,0.9592331051559757
ntl_chip_Krasnodon_409,learned,36.828311920166016,0.9483429789543152,0.0144070126116275,0.0082936491817235,-3.720762106240727e-05,0.9634888172149658,0.9816701412200928,0.2832013815595983,0.9049368710695272,0.8596784065778202,0.8960147761798031,0.9914603415155009,0.999999999996621,0.9862078616547848
ntl_chip_Kristianstad_263,learned,31.061824798583984,0.8797307014465332,0.0279837530106306,0.018034229055047,-0.0004087522102054,0.9341158270835876,0.9665400981903076,0.18745784717751018,0.7786435727858794,0.7274343292174135,0.7738880312364433,0.9061857710794345,0.9999999999939027,0.9710078807685333
ntl_chip_Ksar_Belezma_1272,learned,32.24577713012695,0.9455890655517578,0.0244178567081689,0.0139897214248776,-0.0006108961533755,0.9671230912208556,0.9835121035575868,0.20711553102762836,0.8998677956878353,0.7621678994723592,0.8245977998739276,0.8597909683456804,0.9999999999969573,0.9880583383697543
ntl_chip_KwaDukuza_658,learned,35.06615447998047,0.945786952972412,0.0176475811749696,0.0102625880390405,-0.0002443649573251,0.9754408597946168,0.9877075552940368,0.25394350273253685,0.9002320432533009,0.8281136872720153,0.8713283512683694,0.943914896423089,0.9999999999977272,0.9922731833690509
ntl_chip_Laurel_462,learned,32.242069244384766,0.9327939748764038,0.0244282782077789,0.0143991559743881,-0.0008337232866324,0.983330249786377,0.9916898608207704,0.20705396736181989,0.8763161186130504,0.7620663889801399,0.8194643366253985,0.8086490902905827,0.9999999999984572,0.9962738969010879
ntl_chip_Lobamba_301,learned,35.096126556396484,0.9317796230316162,0.0175867937505245,0.0112717589363455,-0.0003629649290814,0.9792762398719788,0.9896373152732848,0.2544411423644888,0.8744490207006717,0.8287057864522757,0.8586754334357294,0.9166945790216807,0.9999999999980821,0.9942118635659201
ntl_chip_Los_Blancos_683,learned,38.84655380249024,0.941717267036438,0.0114197256043553,0.0066800513304769,0.0006791243795305,0.8085079193115234,0.9014586806297302,0.3167111435650437,0.8927410507006278,0.8887760399181801,0.9162459591055798,0.8441316562550305,0.999999999982278,0.9056256276563964
ntl_chip_Mahadeopur_1616,learned,32.7396125793457,0.8330031633377075,0.0230682846158742,0.0164532642811536,-0.0003175250603817,0.8572816252708435,0.926021933555603,0.2153148992590097,0.6926330929884537,0.7753133902847174,0.7937100628009601,0.9271236510557426,0.9999999999867917,0.9303024229730011
ntl_chip_Manlio_Fabio_Altamirano_1963,learned,32.62779235839844,0.8854328393936157,0.0233671888709068,0.0158215370029211,-0.0004634154611267,0.9777575731277466,0.9888622164726256,0.2134582987077299,0.7891393883274014,0.772401916966071,0.8016306175508633,0.8936398065379921,0.9999999999979416,0.99343318191037
ntl_chip_Mao_305,learned,25.65725517272949,0.6472580432891846,0.0521358512341976,0.0401694886386394,-0.0010647247545421,0.571697473526001,0.7563595771789551,0.09772338893919433,0.3507356264838699,0.4921811055402443,0.49635761348133745,0.7556310905088144,0.9999999999603617,0.7598558109597587
ntl_chip_Marsberg_1236,learned,32.578025817871094,0.9112898111343384,0.0235014613717794,0.0138941733166575,-0.0001622832205612,0.938126802444458,0.9686514139175416,0.21263200283927572,0.8367338184116171,0.7710940372783901,0.8257957757228167,0.9627537788822116,0.9999999999942739,0.9731289559456244
ntl_chip_Mata_Roma_857,learned,38.59332656860352,0.9441595673561096,0.0117575777694582,0.0073552508838474,0.0003248387947678,0.9569397568702698,0.9782804250717164,0.312506699878111,0.8972365458798333,0.8854851949476502,0.9077803518509047,0.925445048873709,0.9999999999960149,0.9828024767154486
ntl_chip_Mechta_Ouled_Oulha_1279,learned,32.384864807128906,0.9466075897216796,0.0240299515426158,0.0145436581224203,-0.0006547842058353,0.9635001420974731,0.9816651344299316,0.20942486520359854,0.9017425735187627,0.7659462850947043,0.8176525782695303,0.8497180593863074,0.9999999999966221,0.9862028317209902
ntl_chip_Medinipur_1672,learned,30.80309295654297,0.8614007234573364,0.0288298707455396,0.0172866135835647,-0.0005624063778668,0.9318649172782898,0.9654039144515992,0.1831620080484359,0.7449039351902643,0.7191927295474712,0.7832615844734002,0.8709200357520538,0.9999999999936944,0.9698664450781231
ntl_chip_Mingjiujie_1053,learned,30.282543182373047,0.7973957061767578,0.0306105073541402,0.0201578810811042,-0.0003387383476365,0.874491274356842,0.935269296169281,0.1745190900725517,0.6270911321077645,0.7018484599733221,0.747261822868189,0.9222549111761967,0.9999999999883844,0.9395925310513084
ntl_chip_Molinella_1727,learned,30.92961883544922,0.933999240398407,0.0284129567444324,0.0185919851064682,-0.0010572080500423,0.9601401686668396,0.9799652099609376,0.1852627731384932,0.878534627655606,0.7232536753853326,0.7668949228262261,0.7573562771110303,0.9999999999963111,0.9844950494373632
ntl_chip_Moncao_137,learned,31.940547943115234,0.9245036244392396,0.025291183963418,0.0165314991027116,-0.0008572846418246,0.9705022573471068,0.9852240085601808,0.2020476759288632,0.8610562301693532,0.7536612657952069,0.7927291597928887,0.8032414366694095,0.9999999999972701,0.9897781565663901
ntl_chip_Mosquera_1168,learned,28.991634368896484,0.8055635690689087,0.0355153828859329,0.0157240070402622,-0.0001050231803674,0.6050539016723633,0.7787489295005798,0.15308556047969876,0.6421255600854884,0.6540725785609333,0.8028534417593686,0.9758957421172058,0.9999999999634487,0.7823486569268386
ntl_chip_Mpika_661,learned,38.23556518554688,0.9175682663917542,0.0122520076110959,0.0086280349642038,0.0003762295236811,0.9393585920333862,0.9692864418029784,0.3065666295099543,0.8482904501309972,0.8806692069928661,0.8918222693988157,0.9136501729408196,0.9999999999943877,0.9737669192152513
ntl_chip_Muscle_Shoals_514,learned,33.73884201049805,0.9281350374221802,0.0205614063888788,0.012710154056549,-0.0006441883742809,0.9742465019226074,0.9870854020118712,0.23190554714913833,0.8677405021350172,0.7997316076506649,0.8406409307410835,0.8521499478072867,0.9999999999976166,0.9916481542148959
ntl_chip_Mutsamudu_1792,learned,33.97840118408203,0.8142905235290527,0.0200020465999841,0.0152225522324442,-0.000348961650161,0.7034558057785034,0.8388721942901611,0.23588305398978315,0.6581890971487753,0.805180044979578,0.8091406489083732,0.9199085232682863,0.9999999999725555,0.8427498384582871
ntl_chip_My_Luong_626,learned,26.21712684631348,0.8476395606994629,0.0488813035190105,0.0294370558112859,-0.0018159272149205,0.9378756880760192,0.968524694442749,0.1070191857907513,0.7195740278320246,0.523881988607283,0.6309201450322156,0.5832198403085573,0.9999999999942506,0.9730016507164873
ntl_chip_Nagpur_1654,learned,32.51970672607422,0.8836318850517273,0.0236597806215286,0.0155607238411903,-0.0011955071240663,0.9608112573623656,0.980316400527954,0.21166370518199173,0.785824406342296,0.7695519305210854,0.8049006756885521,0.7256147460169964,0.9999999999963732,0.9848478633649622
ntl_chip_Nairobi_1785,learned,31.03377342224121,0.9048736691474916,0.028074275702238,0.0191118028014898,-0.0015843692235648,0.9808770418167114,0.990459442138672,0.18699209777779552,0.8249237493801209,0.7265525940232516,0.7603774830143715,0.6363655698411605,0.9999999999982302,0.9950377906710419
ntl_chip_Nang_Rong_326,learned,24.94060516357422,0.7594788074493408,0.056619893759489,0.032896913588047,-0.0005788038833998,0.7418358325958252,0.8616634607315063,0.08582453208842987,0.5572982265970938,0.44850434299085284,0.5875406775120102,0.8671565837158529,0.9999999999761077,0.8656464563727196
ntl_chip_Nava_1965,learned,36.68095016479492,0.9636889100074768,0.0146535309031605,0.0074496828019618,6.363431020872667e-05,0.98616760969162,0.9931448698043824,0.2807546692034444,0.933183830918913,0.8572771981096492,0.906596370719591,0.9853950545194021,0.9999999999987199,0.9977356315899246
ntl_chip_Ndele_1013,learned,23.15469741821289,0.8628062605857849,0.0695447921752929,0.0303232371807098,5.333975423127413e-05,0.8727815747261047,0.9346061944961548,0.056172316447249515,0.7474910803231708,0.3226095246660896,0.619809261749631,0.987757796070375,0.9999999999882263,0.9389263642243325
ntl_chip_Noblesville_573,learned,32.68346405029297,0.9304344058036804,0.0232178885489702,0.0155182043090462,-0.0016980927903205,0.9870356917381288,0.9935670495033264,0.21438264041432348,0.871972905247359,0.773856174964962,0.8054337827648048,0.6102644541556422,0.9999999999988002,0.9981597627931128
ntl_chip_Nogliki_173,learned,36.02558517456055,0.9089235067367554,0.0158019959926605,0.0087550543248653,0.0001071764490916,0.904948115348816,0.9513549208641052,0.26987335460890016,0.8323782074631253,0.8460905876510213,0.8902297090724167,0.975401537462219,0.9999999999912031,0.9557525107303758
ntl_chip_North_Little_Rock_562,learned,32.17580795288086,0.9378969073295592,0.0246153529733419,0.0156440697610378,-0.0013239663094282,0.9806125164031982,0.9903259873390198,0.20595380185246465,0.8857089881378168,0.7602441894652173,0.8038556900688394,0.6961316040997091,0.9999999999982057,0.9949037189833475
ntl_chip_Nova_Ponte_869,learned,34.4815559387207,0.9141491055488586,0.0188762638717889,0.0102160274982452,0.0002787096309475,0.9203115701675416,0.9595431089401244,0.24423715476804733,0.8419968665932318,0.8161457181693952,0.8719121242432931,0.9360323235758502,0.999999999992625,0.9639785482904483
ntl_chip_Noya_1316,learned,31.559850692749023,0.915235161781311,0.0264243502169847,0.0174990929663181,-0.0007443473441526,0.956610143184662,0.9781341552734376,0.19572679121844977,0.8439959493915309,0.7426236734648799,0.78059753205345,0.8291620928345393,0.9999999999959843,0.9826555307924465
ntl_chip_Palmira_1204,learned,37.74278259277344,0.9293503165245056,0.0129672540351748,0.0086799915879964,-0.0001167331793112,0.942831814289093,0.971002161502838,0.2983847423194814,0.8699774429820902,0.8737023577597034,0.8911708406928703,0.9732081370250615,0.9999999999947091,0.9754905697423973
ntl_chip_Panabo_96,learned,26.98564720153809,0.7937448024749756,0.0447421185672283,0.0271699540317058,-0.0015230906428769,0.9290082454681396,0.963937282562256,0.11977926892323476,0.6203709839511644,0.5641996700894087,0.6593449169037229,0.6504298431418314,0.9999999999934299,0.9683930337572632
ntl_chip_Panamaram_1545,learned,30.130556106567383,0.7726877927780151,0.0311508532613515,0.023752499371767,-0.0014493206981569,0.8370683789253235,0.9151739478111268,0.17199558147689903,0.5816117515919372,0.6965852271313744,0.7021927369552654,0.6673610555209446,0.9999999999849211,0.9194042929646618
ntl_chip_Paripiranga_891,learned,36.38673782348633,0.929876744747162,0.0151584111154079,0.0102217309176921,-0.0002754987508524,0.9673061966896056,0.9835898280143738,0.27586973166317186,0.8709464292767273,0.8523594184450188,0.8718406151482335,0.936769264521385,0.9999999999969743,0.9881364221039005
ntl_chip_Paris_425,learned,36.10504150390625,0.9371649026870728,0.0156580992043018,0.0096882479265332,-7.059671770548448e-05,0.9550413489341736,0.9773662090301514,0.27119260316355537,0.8843616012849599,0.8474922125957701,0.8785293895374582,0.9837970866688776,0.9999999999958392,0.9818840347566031
ntl_chip_Pataskala_518,learned,32.625335693359375,0.9317132830619812,0.0233737919479608,0.0158035662025213,-0.001810181653127,0.98588889837265,0.9929949641227722,0.21341750961227654,0.8743269099957429,0.7723375997730567,0.8018559342553508,0.5845385254090044,0.9999999999986942,0.9975850329769047
ntl_chip_Patera_1543,learned,31.44686508178711,0.8129676580429077,0.0267703328281641,0.0197811424732208,-0.0009919983567669,0.8783329129219055,0.9373587369918824,0.1938508411816715,0.6557541241162607,0.7392536339816529,0.7519853465673579,0.7723227945757409,0.99999999998874,0.9416916302081298
ntl_chip_Plouzane_1372,learned,33.41157531738281,0.8905396461486816,0.0213509164750576,0.0131609961390495,3.1151517760008574e-05,0.9576127529144288,0.9786176681518556,0.22647179359628303,0.7985393892051064,0.7920413941056583,0.8349883025880036,0.9928503001442073,0.9999999999960771,0.9831412786846199
ntl_chip_Polyarnyye_Zori_195,learned,61.74248504638672,0.9985860586166382,0.0008120975689962,0.0002327276015421,0.0002327276015421,-10805271552.0,0.0,0.6968624096721839,0.9974183405231998,0.9920995138369604,0.9970820767547267,0.9465858289151918,0.0,0.0
ntl_chip_Porta_Westfalica_1249,learned,32.121788024902344,0.9005230069160461,0.0247689187526702,0.016013802960515,-0.0006421064026653,0.953240156173706,0.976423680782318,0.205056885112224,0.8169155691697348,0.7587483838296545,0.7992199997160188,0.8526277887996422,0.9999999999956725,0.9809371497197519
ntl_chip_Prichard_516,learned,32.25118637084961,0.9416959285736084,0.0244026482105255,0.0147641794756054,-0.0010601255344226,0.9820942878723145,0.9910567998886108,0.20720534304215144,0.8927017734029059,0.7623160376616287,0.8148876961572489,0.7566866744992471,0.9999999999983429,0.9956379096768802
ntl_chip_Pueblo_Nuevo_1190,learned,32.4063835144043,0.8675963878631592,0.0239704940468072,0.0142207760363817,-0.0002004365087486,0.8328039646148682,0.9127712845802308,0.20978214981144386,0.7563081753830083,0.7665254301209984,0.8217008524668816,0.9539970768443525,0.9999999999845264,0.9169905235448509
ntl_chip_Puerto_Suarez_795,learned,36.56412887573242,0.9160480499267578,0.0148519575595855,0.0095452340319752,0.0004462715587578,0.975429356098175,0.987681210041046,0.2788150337078488,0.8454922169511161,0.8553444256376529,0.8803224882698936,0.8975745668677763,0.999999999997726,0.9922467163364644
ntl_chip_Pul-e_Khumri_673,learned,37.33720779418945,0.9185084700584412,0.0135871330276131,0.0094383480027318,-0.0007087889825925,0.954224407672882,0.9769994020462036,0.29165080468049803,0.8500210649194484,0.8676644338530106,0.8816626182212086,0.8373232236814238,0.9999999999957635,0.9815155322259775
ntl_chip_Radyvyliv_395,learned,33.01616287231445,0.8482744693756104,0.0223453696817159,0.0154468622058629,-0.0009098032023757,0.823081374168396,0.9074909687042236,0.2199065860043303,0.7207426920089349,0.7823549345485262,0.8063282653266748,0.7911877079332551,0.9999999999836267,0.9116857996765394
ntl_chip_Raiyam_1550,learned,33.776580810546875,0.8919060230255127,0.0204722620546817,0.0144185591489076,-0.0011596087133511,0.8985844850540161,0.9482345581054688,0.23253214112634338,0.8010544528167746,0.8005999169709689,0.8192210609091217,0.7338539228009651,0.9999999999906143,0.9526177242531613
ntl_chip_Remedios_1206,learned,30.54486846923828,0.7917656898498535,0.02969984523952,0.0218044146895408,-0.0003286229912191,0.8746373057365417,0.935271143913269,0.1788745927542922,0.6167280694440177,0.7107187534013284,0.726617693601417,0.9245765239745183,0.9999999999883981,0.9395943873363992
ntl_chip_Rio_Grande_1264,learned,33.51924514770508,0.9305080771446228,0.0210878811776638,0.0139459036290645,-0.0006237742491066,0.9830115437507628,0.9915433526039124,0.22825948337760438,0.8721085106663096,0.7946034862717292,0.8251471844940264,0.8568352690471462,0.9999999999984277,0.9961267114574288
ntl_chip_Rio_Real_933,learned,35.46929931640625,0.9297997951507568,0.0168471876531839,0.0104982675984501,-0.0001514769683126,0.9547713398933412,0.9772868156433104,0.2606370946358001,0.8708047896360595,0.8359099107912902,0.8683734165709796,0.9652339617336123,0.9999999999958141,0.9818042743778586
ntl_chip_Rome_564,learned,32.71580505371094,0.941615343093872,0.0231315977871418,0.0126596558839082,-0.0004816491273231,0.9676589965820312,0.9837457537651062,0.21491961238831966,0.8925534412617883,0.7746966890977622,0.8412740734831392,0.8894549304886353,0.999999999997007,0.9882930686135066
ntl_chip_Sablayan_95,learned,26.31434440612793,0.6867048740386963,0.0483372397720813,0.03626149892807,-0.0015735622728243,0.7309458255767822,0.8552464842796326,0.10863333190508162,0.42334464841332875,0.5291814350225051,0.5453557294899215,0.6388459130060161,0.9999999999750997,0.8591998177726843
ntl_chip_Salida_508,learned,30.69234085083008,0.9182547330856324,0.0291998349130153,0.0182248502969741,-0.0010745618492364,0.9763760566711426,0.9881772398948668,0.18132314188648369,0.8495540161585486,0.7155890980021683,0.7714980347376339,0.7533733425859331,0.9999999999978136,0.9927450390631245
ntl_chip_San_Antonio_Huista_1434,learned,30.085731506347656,0.8323600888252258,0.0313120298087596,0.0213020574301481,-0.0003719963133335,0.8551642298698425,0.9248709082603456,0.17125133882763716,0.6914493981138119,0.6950152889004213,0.7329162156284599,0.914621752677157,0.9999999999865957,0.9291460771216996
ntl_chip_San_Jose_del_Guaviare_1185,learned,31.79893684387207,0.7833035588264465,0.0257069114595651,0.0187288280576467,0.0001338227011729,0.8047777414321899,0.8972163796424866,0.19969644425810668,0.6011519877823466,0.7496118770947084,0.7651791949729344,0.9692858577662634,0.9999999999819327,0.9013637168480209
ntl_chip_San_Juan_Lalana_1958,learned,29.28262710571289,0.7435377836227417,0.0343452580273151,0.0262759923934936,-0.0009643015218898,0.7463983297348022,0.8641676306724548,0.15791704150356967,0.5279558909363794,0.6654701657414137,0.6705533486807767,0.7786795974080233,0.9999999999765299,0.8681622017122015
ntl_chip_Sandila_1641,learned,32.45731735229492,0.8574471473693848,0.0238303504884243,0.0172738395631313,-0.0011476755607873,0.91342031955719,0.9558919072151184,0.21062782683394882,0.7376266637994969,0.7678904967740893,0.7834217442950597,0.7365927447043423,0.9999999999919872,0.9603104690706677
ntl_chip_Sao Joao de Ver_134,learned,30.477426528930664,0.8896348476409912,0.0299313478171825,0.0210845842957496,-0.0015345512656494,0.9798588752746582,0.9899414777755736,0.17775482441101956,0.7968739440111994,0.7084638053143942,0.7356428793756005,0.6477994732954855,0.9999999999981359,0.9945174320439477
ntl_chip_Sao_Miguel_do_Araguaia_902,learned,40.08583831787109,0.941787600517273,0.009901157580316,0.0066965287551283,0.0006960273021832,0.9356476068496704,0.9674914479255676,0.33728753211943324,0.8928705121847391,0.903567633581033,0.9160393662472597,0.8402522040696339,0.9999999999940444,0.9719636280696894
ntl_chip_Sassenage_1378,learned,34.468753814697266,0.9464086890220642,0.0189041104167699,0.0104414764791727,-0.0002579123829491,0.974770486354828,0.987362504005432,0.24402459544453575,0.9013764608302209,0.8158744792312949,0.8690854598609313,0.9408055767495987,0.999999999997665,0.9919265370983665
ntl_chip_Savissivik_1422,learned,61.74248504638672,0.9985860586166382,0.0008120975689962,0.0002327276015421,0.0002327276015421,-10805271552.0,0.0,0.6968624096721839,0.9974183405231998,0.9920995138369604,0.9970820767547267,0.9465858289151918,0.0,0.0
ntl_chip_Segala_Mba_1911,learned,20.63548851013184,0.6158224940299988,0.0929448455572128,0.07144296169281,-0.0017448387807235,0.6958905458450317,0.8344165682792664,0.01434477749310922,0.292872816160304,0.0946815847679765,0.10425288082166217,0.5995356093071168,0.9999999999718554,0.8382736165421589
ntl_chip_Serafina_Corea_854,learned,33.3824462890625,0.9314526915550232,0.0214226376265287,0.0119977174326777,-0.0001974530750885,0.9550500512123108,0.97737318277359,0.22598815146447895,0.8738472442257982,0.7913427950881639,0.8495734139179963,0.9546818157188341,0.99999999999584,0.981891040735817
ntl_chip_Shuinancun_1050,learned,33.19755935668945,0.9031714200973512,0.0218835361301898,0.0149888806045055,-0.0006622563814744,0.979985773563385,0.9899996519088744,0.2229183920089855,0.8217904523252599,0.7868534187296139,0.8120704082940464,0.848003092767316,0.9999999999981478,0.994575875084229
ntl_chip_Shumanay_609,learned,36.59866714477539,0.923262357711792,0.0147930178791284,0.0093084955587983,-0.0001189497270388,0.9292300939559937,0.964073121547699,0.27938848785417597,0.858771454401032,0.8559185268897133,0.8832906995579235,0.9726994089723717,0.9999999999934504,0.9685295006515262
ntl_chip_Silute_1816,learned,32.79903793334961,0.8433475494384766,0.0229109954088926,0.0161792989820241,-0.0002193151303799,0.8516278862953186,0.9229860305786132,0.21630156467666867,0.711673805333813,0.7768454639227724,0.7971450215657615,0.9496641746918882,0.9999999999862685,0.9272524866884898
ntl_chip_Simav_359,learned,33.013023376464844,0.920984148979187,0.0223534516990184,0.0130207147449254,5.095909727970138e-06,0.9312222599983216,0.9651123881340028,0.21985445956712826,0.8545779994470457,0.7822762117557226,0.8367471414110815,0.9988304189436967,0.9999999999936349,0.9695735711949107
ntl_chip_Smolensk_244,learned,32.25019073486328,0.8866832852363586,0.0244054496288299,0.01589329354465,-0.0003760969848372,0.965295135974884,0.9825342893600464,0.20718881205781398,0.7914410599165301,0.762288750480164,0.8007309387859735,0.9136805924202305,0.9999999999967882,0.9870760042756833
ntl_chip_Solon_1060,learned,35.30643081665039,0.8554377555847168,0.0171660743653774,0.0129789244383573,-0.0006716789794154,0.6974360942840576,0.8355924487113953,0.25793291694887305,0.7339280150263091,0.8328037985878323,0.8372711055053881,0.8458404775246505,0.9999999999719984,0.8394549324219414
ntl_chip_South_Jordan_596,learned,31.344106674194336,0.9292752742767334,0.0270889233797788,0.0163831133395433,-0.0013341648736968,0.9830353856086732,0.991541028022766,0.19214469792270447,0.8698393141613308,0.7361504065267681,0.7945896106579662,0.6937908939602464,0.99999999999843,0.996124376131024
ntl_chip_South_Sioux_City_446,learned,35.695343017578125,0.9476778507232666,0.0164143927395343,0.0095200901851058,-0.0001876800233731,0.9831104278564452,0.9915530681610109,0.2643901981143467,0.903712582339698,0.8401255444676967,0.880637740155659,0.9569248649011746,0.9999999999984369,0.9961364719241972
ntl_chip_Sroda Wielkopolska_126,learned,31.238080978393555,0.9063175320625304,0.0274216122925281,0.0184165574610233,-0.0007184686255641,0.959226131439209,0.9794773459434508,0.19038430643352658,0.8275814400505555,0.7329098541539911,0.7690944230192216,0.8351016130847478,0.9999999999962266,0.9840049302932015
ntl_chip_St_Helens_486,learned,32.519344329833984,0.945156455039978,0.0236607696861028,0.013513721525669,-0.0009608038235455,0.9842751026153564,0.9921613931655884,0.2116576881570413,0.8990714978474283,0.7695422965494383,0.8305658550656848,0.7794823670688953,0.9999999999985447,0.9967476088802524
ntl_chip_Sukkur_109,learned,36.56267929077149,0.9331774711608888,0.0148544404655694,0.0101229157298803,-0.0006699071964249,0.98250412940979,0.9912667870521544,0.2787909656080472,0.8770220128408238,0.8553202409216338,0.8730795534245339,0.8462471259804101,0.9999999999983807,0.9958488674954361
ntl_chip_Takieta_1998,learned,24.463546752929688,0.6715824604034424,0.0598166398704052,0.0446799993515014,-0.0015644966624677,0.6622751951217651,0.8141191005706787,0.07790372044370049,0.3955091127719239,0.41736647575840413,0.4398051290750845,0.6409265947101501,0.9999999999687444,0.8178823248186335
ntl_chip_Tan_Phong_627,learned,29.002708435058597,0.8469111919403076,0.0354701355099678,0.0226325821131467,-0.0011994101805612,0.9314545392990112,0.9652072787284852,0.15326942809476263,0.7182333334796174,0.6545133100849686,0.7162341853269136,0.7247189411103552,0.9999999999936562,0.969668900416353
ntl_chip_Tangshan_1116,learned,32.545799255371094,0.9287416338920592,0.023588815703988,0.015642661601305,-0.0015764103736728,0.9816777110099792,0.9908742904663086,0.21209693097842178,0.8688570525789162,0.770243163451031,0.8038733454822505,0.6381922348647877,0.9999999999983044,0.9954545566140307
ntl_chip_Terrier_Rouge_1447,learned,37.3163948059082,0.9376652836799622,0.0136197293177247,0.0083117950707674,0.0002204823540523,0.9432318210601808,0.971320629119873,0.29130523743702985,0.8852826429452266,0.8673469300793142,0.8957872642254989,0.9493962808773226,0.9999999999947462,0.9758105094598385
ntl_chip_Tianmingsi_1070,learned,35.53912353515625,0.9258493185043336,0.0167122948914766,0.010543093085289,-5.489165778271854e-05,0.9822078943252563,0.9911033511161804,0.26179641700098366,0.8635332233276429,0.8372238321222076,0.8678113975875792,0.9874016129564912,0.9999999999983534,0.995684676085138
ntl_chip_Tiaret_1285,learned,33.83330154418945,0.9452751874923706,0.0203390065580606,0.0104411393404006,-0.0001957714412128,0.9656201004981996,0.9827197790145874,0.2334739005367408,0.8992900463867078,0.8018978905409102,0.8690896868845137,0.9550677737184159,0.9999999999968182,0.9872623513467439
ntl_chip_Tinogasta_693,learned,39.045204162597656,0.9461029767990112,0.0111614950001239,0.0068403957411646,0.0005431924946606,0.9508357048034668,0.9752861857414246,0.3200094232944434,0.9008137422268251,0.8912913320280085,0.9142355715104038,0.8753298850263945,0.99999999999545,0.9797943966657289
ntl_chip_Tissint_1831,learned,34.1252555847168,0.8148584365844727,0.0196667052805423,0.0147528918460011,5.477305967360735e-05,0.6564742922782898,0.8104748129844666,0.23832134251100648,0.6592344437764133,0.8084464330879975,0.8150292197091962,0.98742883284639,0.9999999999682077,0.8142211916979027
ntl_chip_Trindade_290,learned,27.88746833801269,0.759529173374176,0.0403297282755374,0.0226931013166904,-0.0004306345072109,0.7847632765769958,0.8861095905303955,0.1347526038437958,0.5573909341852922,0.6071785049149996,0.7154753995634913,0.9011634843019509,0.9999999999800804,0.890205587166627
ntl_chip_Tullahoma_512,learned,34.14808654785156,0.9350789189338684,0.0196150802075862,0.011660455726087,-0.0005233337287791,0.9708539843559264,0.9853920340538024,0.23870041508288278,0.8805219711498372,0.8089492864932407,0.8538019788448923,0.8798877437045183,0.9999999999973026,0.9899469587493334
ntl_chip_Tumby_Bay_730,learned,36.969364166259766,0.886326014995575,0.0141749316826462,0.0105574894696474,-0.0004816360888071,0.7392823696136475,0.8600486516952515,0.28554333434451024,0.7907834394624933,0.861938988088853,0.8676308966745421,0.889457923006582,0.9999999999758713,0.8640241829636024
ntl_chip_Vanduvancheri_1486,learned,31.8011474609375,0.8344067931175232,0.0257003661245107,0.0181452147662639,-0.0008116785902529,0.9153122305870056,0.9568585157394408,0.19973314811030424,0.695216727301452,0.7496756318524666,0.7724964997442306,0.8137086499479887,0.9999999999921624,0.9612815456938647
ntl_chip_Vilattikulam_1566,learned,30.983318328857425,0.8781499266624451,0.0282378271222114,0.0187306888401508,-0.0008859644294716,0.904510498046875,0.95125812292099,0.18615436956193562,0.7757338710739158,0.7249595233745003,0.7651558646052121,0.796659032717742,0.9999999999911627,0.9556552653436784
ntl_chip_Vilyeyka_974,learned,28.0562686920166,0.7820860147476196,0.0395535230636596,0.027015907689929,-0.0005010055028833,0.8176085948944092,0.9043020009994508,0.13755527072859552,0.5989108778366327,0.6147391224911194,0.661276339728267,0.8850123772680312,0.9999999999831201,0.9084820911303048
ntl_chip_Visby_262,learned,32.82246017456055,0.9196121692657472,0.022849291563034,0.0100882081314921,6.315887731034309e-05,0.9334990978240968,0.9662072658538818,0.21669045449977986,0.8520526228018976,0.7774464894948427,0.8735147149930521,0.9855041728792586,0.9999999999938455,0.9706735099315146
ntl_chip_Wang_Nam_Yen_322,learned,26.741329193115234,0.7676682472229004,0.0460185147821903,0.0292578302323818,-0.0008455977076664,0.7931573987007141,0.890773594379425,0.11572274904442519,0.5723723707250281,0.551766948034389,0.6331672634632335,0.805923748077453,0.9999999999808573,0.8948911501368771
ntl_chip_Weipa_742,learned,37.039825439453125,0.9271646738052368,0.0140604060143232,0.0083079393953084,0.0004022151988465,0.905964493751526,0.9519854187965392,0.2867132340061856,0.8659543725067691,0.8630545239904286,0.8958356064288883,0.9076861046917519,0.9999999999912972,0.9563859231075218
ntl_chip_Wilrijk_763,learned,29.79425811767578,0.9041091799736024,0.0323806069791317,0.0229012966156005,-0.0019133073510602,0.9627128839492798,0.9812963604927064,0.16641187732856885,0.8235165688757038,0.6846068257619033,0.7128650607028619,0.5608697657253889,0.9999999999965492,0.9858323531449453
ntl_chip_Wolfsberg_722,learned,34.452919006347656,0.9251522421836852,0.018938610330224,0.01036739628762,-0.0001085335679817,0.9170154929161072,0.9577066898345948,0.24376168312275487,0.8622501283643526,0.8155384332372148,0.8700142723933237,0.975090060095126,0.9999999999923199,0.9621336404307518
ntl_chip_Zhabinka_973,learned,36.33805465698242,0.9111815690994264,0.0152436112985014,0.0102022988721728,0.0001068877318175,0.958584725856781,0.979161500930786,0.27506142353246427,0.8365345793818324,0.851529527081333,0.8720842528471926,0.9754678020297725,0.9999999999961671,0.9836876253029861
ntl_chip_Ziyodin_Shaharchasi_611,learned,38.538211822509766,0.965034008026123,0.0118324300274252,0.0067670447751879,0.0001533395407022,0.9736441373825072,0.9868234395980836,0.31159160538880953,0.9356597269459814,0.8847560974248077,0.9151552410608501,0.9648064758676612,0.9999999999975608,0.991384980893138
ntl_chip_Akpassi_785,bicubic,22.08631706237793,0.4989906251430511,0.0786472856998443,0.0580221600830554,-8.554140367778018e-05,0.5030437707901001,0.7170436978340149,0.03843352519092416,0.07782264434955466,0.2339467954353115,0.2725220020080469,0.9803670766140171,0.999999999954008,0.7203581959567597
ntl_chip_Al_Mukalla_639,bicubic,33.933326721191406,0.9048264622688292,0.0201061218976974,0.0113408360630273,4.104959953110665e-05,0.9546871781349182,0.9775879979133606,0.23513466276016073,0.8248368565873949,0.8041663007878488,0.8578093489991351,0.9905785548521594,0.9999999999958064,0.9821068488476752
ntl_chip_Albuquerque_589,bicubic,29.879199981689453,0.9033891558647156,0.0320654921233654,0.0173241775482893,1.3179102097637951e-05,0.9727274179458618,0.9864434599876404,0.16782220463984196,0.8221912343603943,0.6876761982429762,0.7827906099730477,0.9969752156189344,0.9999999999974759,0.9910032448462192
ntl_chip_Alfter_1247,bicubic,29.63573455810547,0.8573941588401794,0.0329770073294639,0.0229715593159198,3.243292303523049e-05,0.9469355940818788,0.9738729000091552,0.1637798406039421,0.7375291288339249,0.678797595287636,0.7119841116225687,0.9925562000884075,0.999999999995089,0.9783745780918479
ntl_chip_Ambatomarina_1864,bicubic,29.766529083251957,0.6785785555839539,0.0324841476976871,0.0233078338205814,-2.1156916773179543e-05,0.5748223066329956,0.7655608057975769,0.1659514799142049,0.4083866904817283,0.6835982886320633,0.7077679241680378,0.9951441979178167,0.9999999999606508,0.7690995717909577
ntl_chip_Ambohidanerana_1862,bicubic,31.583541870117188,0.7159963846206665,0.0263523738831281,0.0193780101835727,-3.2961132092168555e-05,0.5954338312149048,0.783399224281311,0.1961201463074452,0.4772609680208191,0.7433247580833462,0.7570397924993831,0.992434968877546,0.9999999999625585,0.7870204474593177
ntl_chip_Andribavontsona_1854,bicubic,33.962276458740234,0.778727650642395,0.0200392175465822,0.0152350030839443,2.1673655282938853e-05,0.5948017835617065,0.7831488847732544,0.23561532804804194,0.592729201683438,0.8048179818191274,0.808984540957383,0.9950255993545887,0.9999999999624999,0.786768950769583
ntl_chip_Anosiala_1888,bicubic,32.07196044921875,0.8337230086326599,0.024911418557167,0.0155103206634521,-1.446376700187102e-06,0.9536170959472656,0.976737141609192,0.204229575850094,0.6939580983643966,0.7573603661894923,0.8055326273908143,0.9996680367433646,0.9999999999957074,0.9812520595033984
ntl_chip_Ansfelden_721,bicubic,30.70326232910156,0.8852124810218811,0.0291631408035755,0.0163587462157011,4.093271854799241e-07,0.9393576979637146,0.970018744468689,0.18150447601735772,0.7887337789148932,0.7159465165359855,0.79489512404189,0.9999060538063813,0.9999999999943877,0.9745026069128896
ntl_chip_Aragarcas_885,bicubic,36.067195892333984,0.910458505153656,0.0157264713197946,0.0093249343335628,-2.9668535717064515e-06,0.9629225134849548,0.9815802574157716,0.27056423574741756,0.8352036494972943,0.8468262348231387,0.8830845912893239,0.999319066482821,0.9999999999965686,0.9861175623671373
ntl_chip_Arambagh_1618,bicubic,27.120750427246094,0.7292231917381287,0.044051568955183,0.0298395007848739,8.25320603325963e-05,0.8160756826400757,0.9056591391563416,0.12202244749330265,0.5016072972391789,0.5709259603205472,0.6258743166234035,0.9810577621159837,0.9999999999829783,0.9098455025894878
ntl_chip_Astrakhan_239,bicubic,32.19410705566406,0.9200336933135986,0.0245635472238063,0.012592626735568,-1.840460754465312e-06,0.9654470682144164,0.9828248023986816,0.20625762994390834,0.8528285140015884,0.7607488027485207,0.842114480503006,0.9995775890570672,0.9999999999968021,0.987367860196104
ntl_chip_Awan Patti_100,bicubic,33.55807876586914,0.8624728918075562,0.0209938064217567,0.0146954199299216,2.2762345906812698e-05,0.9333372116088868,0.9667511582374572,0.22890425510387016,0.7468774548311075,0.7955198203056887,0.8157497987843362,0.9947757299499427,0.9999999999938306,0.9712199164300452
ntl_chip_Baixo_Guandu_905,bicubic,32.9814453125,0.8800418972969055,0.0224348604679107,0.0119496826082468,-2.977970871143043e-05,0.8882182836532593,0.9460296034812928,0.21933015501408032,0.7792163849965109,0.7814832506166851,0.8501756713634425,0.9931651491038103,0.9999999999896548,0.9504025773380766
ntl_chip_Bamukumbit_1039,bicubic,25.54185104370117,0.6262769103050232,0.0528331734240055,0.0379789695143699,0.0001853723224485,0.7132410407066345,0.8482465147972107,0.09580728317801011,0.3121160589291121,0.48538884709646823,0.5238221970956941,0.957454513860655,0.9999999999734612,0.8521674912863882
ntl_chip_Bareilly_1663,bicubic,31.23172378540039,0.8057542443275452,0.0274416990578174,0.0188898276537656,2.9116214136593044e-05,0.935807466506958,0.9676917791366576,0.1902787551484753,0.6424765323631766,0.7327141992571033,0.7631605927062413,0.9933174301933733,0.9999999999940592,0.9721648853016412
ntl_chip_Barletta_1738,bicubic,30.834259033203125,0.922208607196808,0.0287266112864017,0.0143185015767812,1.1842334060929716e-05,0.9607276320457458,0.9807726740837096,0.1836794721941718,0.8568318361149267,0.7201985270733212,0.8204755761176258,0.9972820221865282,0.9999999999963655,0.9853062460220858
ntl_chip_Barstow_530,bicubic,32.81858825683594,0.936089277267456,0.022859489545226,0.009639136493206,-3.9572718378622085e-05,0.9225218892097472,0.962029993534088,0.2166261673384675,0.8823817182830334,0.7773471561713582,0.8791451454338992,0.9909175192982673,0.9999999999928296,0.9664769283823056
ntl_chip_Bedourie_725,bicubic,26.976842880249023,0.5595568418502808,0.0447874926030635,0.034693818539381,-1.490249633206986e-05,0.4336401224136352,0.672383189201355,0.11963308688549193,0.18930571342054792,0.5637577048364248,0.565011202313102,0.9965796730452365,0.9999999999475848,0.6754912463882531
ntl_chip_Belazao_1863,bicubic,32.08125305175781,0.747668445110321,0.0248847883194684,0.0179512053728103,6.768666935386136e-06,0.8193828463554382,0.9067152738571168,0.20438386503724365,0.5355591200129899,0.7576197577010659,0.7749289766623465,0.9984464982610264,0.9999999999832844,0.9109065192193473
ntl_chip_Beloozerskiy_192,bicubic,24.80886650085449,0.7497995495796204,0.0574851892888546,0.0403368584811687,-0.0001389178796671,0.8547317981719971,0.9265084266662598,0.08363721684474362,0.5394818029815637,0.4400759422435394,0.4942591414873071,0.9681164445381225,0.9999999999865559,0.9307911648733856
ntl_chip_Bidur_1988,bicubic,27.942716598510746,0.7452628016471863,0.0400740057229995,0.0278647597879171,-4.0266691939905286e-05,0.9223946928977966,0.9610791802406312,0.13566991513176324,0.5311310984038934,0.6096693673773256,0.6506334883771332,0.9907582428639935,0.9999999999928177,0.9655217200026278
ntl_chip_Bilenke_394,bicubic,25.54259490966797,0.5742181539535522,0.0528286471962928,0.0416650064289569,-5.769747076556087e-05,0.511925220489502,0.7278629541397095,0.0958196339134347,0.21629250834916855,0.4854329347633307,0.47760691053432247,0.9867576404594413,0.9999999999548299,0.7312274637259439
ntl_chip_Borgampad_1500,bicubic,30.982250213623047,0.7854295372962952,0.0282413009554147,0.0189553648233413,-1.1164867828483692e-05,0.8956485986709595,0.947124719619751,0.186136635172608,0.6050652354224173,0.724925686543761,0.7623388920172502,0.9974375099628137,0.9999999999903426,0.9515027555953374
ntl_chip_Brejo_da_Madre_de_Deus_943,bicubic,33.59796142578125,0.9055084586143494,0.020897626876831,0.0115865273401141,-2.117061376338825e-05,0.940653681755066,0.9708755612373352,0.22956644453393976,0.8260921941307866,0.7964566560118923,0.8547288880489854,0.9951410542710232,0.9999999999945076,0.9753633842735887
ntl_chip_Bubanza_779,bicubic,33.335418701171875,0.819696843624115,0.021538944914937,0.0148236081004142,1.537612479296513e-05,0.9323227405548096,0.965883493423462,0.225207331637229,0.6681404064651747,0.7902099053374712,0.8141425839977319,0.9964709688284902,0.9999999999937367,0.9703482408794578
ntl_chip_Bucak_365,bicubic,30.91501235961914,0.8875540494918823,0.0284607727080583,0.0156082119792699,-0.0001540817465865,0.9023007750511168,0.9527959823608398,0.185020255364439,0.7930438589177018,0.7227879245639299,0.8043052725603497,0.964636129454853,0.9999999999909581,0.9572002334607844
ntl_chip_Burglengenfeld_1235,bicubic,29.625635147094727,0.8547441363334656,0.0330153778195381,0.0200823079794645,1.765720844559837e-05,0.9271515607833862,0.9641096591949464,0.16361215561913967,0.7326512834241025,0.6784238479883136,0.748209353408317,0.9959474288973725,0.999999999993258,0.9685662071921948
ntl_chip_Buriti_do_Tocantins_815,bicubic,32.995113372802734,0.8649114370346069,0.0223995875567197,0.0122381094843149,-1.238704498973675e-05,0.816641092300415,0.9113082885742188,0.21955709186036815,0.7513660380836188,0.7818268259859698,0.8465593943053539,0.9971570035701274,0.9999999999830306,0.9155207649140082
ntl_chip_Buug_82,bicubic,28.84100151062012,0.6706889867782593,0.0361366830766201,0.0242215096950531,1.95737520698458e-05,0.5747416615486145,0.7662580609321594,0.1505845365562293,0.3938645130712213,0.648020811489707,0.6963123166032252,0.99550755589409,0.9999999999606434,0.7698000499520331
ntl_chip_Cadale_282,bicubic,24.307090759277344,0.5114302039146423,0.0609038583934307,0.046844732016325,-7.294065289897844e-05,0.5053452253341675,0.7174889445304871,0.07530601242984347,0.10071993750740561,0.40677643674747854,0.41266385438039155,0.9832591214485624,0.999999999954221,0.7208055007835021
ntl_chip_Cadiz_1339,bicubic,30.659019470214844,0.9305464625358582,0.0293120648711919,0.0150659848004579,2.919890721386764e-05,0.9716424942016602,0.9861494898796082,0.18076989227656895,0.8721791659169602,0.714495923437797,0.8111036809948915,0.9932984509998964,0.9999999999973755,0.9907079158762736
ntl_chip_Canarana_I_872,bicubic,37.8607292175293,0.924704611301422,0.0127923469990491,0.0078631490468978,-1.2021650036331266e-05,0.931157886981964,0.966061234474182,0.3003430622609757,0.8614261828171693,0.8754060376516739,0.9014123583409974,0.9972408667149602,0.9999999999936289,0.9705268035291692
ntl_chip_Cantonment_108,bicubic,32.66412353515625,0.8975884318351746,0.0232696458697319,0.0164355169981718,3.024700708920136e-05,0.9841966032981871,0.9921429753303528,0.2140615212932854,0.8115139533148721,0.773352033401551,0.7939325770588733,0.9930578977278132,0.9999999999985374,0.9967291059095077
ntl_chip_Carlos_Casares_697,bicubic,36.28261184692383,0.9344916343688964,0.0153412297368049,0.0075165517628192,-5.536192475119606e-06,0.9074510931968688,0.9546763300895692,0.27414088205215514,0.8794409677575072,0.8505786758514047,0.9057579721197679,0.998729368024828,0.9999999999914349,0.9590892730015133
ntl_chip_Chencha_1340,bicubic,26.213523864746094,0.6131616830825806,0.0489015765488147,0.0358392149209976,-5.037058144807816e-06,0.676917552947998,0.8265378475189209,0.10695936389532315,0.28797511267537634,0.5236845194031172,0.5506502983858279,0.9988439261878346,0.9999999999700996,0.8303584767947298
ntl_chip_Chengam_1585,bicubic,27.758981704711918,0.708899736404419,0.0409307442605495,0.028744013980031,8.786981925368309e-05,0.8448982834815979,0.920017659664154,0.13261928348190166,0.4641983042739843,0.6013243159063759,0.6396094575845972,0.9798326733584355,0.9999999999856457,0.9242703946300428
ntl_chip_Cherutana_Tekku_1508,bicubic,31.20332717895508,0.8305344581604004,0.0275315549224615,0.019305745139718,3.724171983776614e-05,0.9643931984901428,0.9821986556053162,0.18980727374078163,0.6880889948961454,0.7318389592829964,0.7579458468302278,0.9914525153796719,0.9999999999967047,0.9867388190709462
ntl_chip_Ciudad_del_Plata_608,bicubic,30.41107177734375,0.89726722240448,0.0301608759909868,0.0163361150771379,-1.636203523958102e-05,0.9771184921264648,0.9886230826377868,0.17665310714259813,0.8109227092997229,0.7062280888846099,0.7951788717574296,0.9962446888818018,0.9999999999978825,0.9931929426915092
ntl_chip_Cloppenburg_1251,bicubic,29.5874137878418,0.8587363362312317,0.0331609733402729,0.0180841647088527,-3.849073254968971e-05,0.8494013547897339,0.925761878490448,0.16297754949818494,0.7399996489180091,0.6770056765611869,0.773261941318264,0.9911658498606716,0.9999999999860625,0.9300411658164982
ntl_chip_Covington_418,bicubic,31.961877822875977,0.902016580104828,0.0252291522920131,0.0136498352512717,-3.734624988283031e-05,0.930117964744568,0.9658697247505188,0.2024018253500238,0.8196647605840249,0.7542654845480872,0.8288592701943367,0.9914285243030933,0.9999999999935326,0.9703344085615223
ntl_chip_Cuapiaxtla_de_Madero_1935,bicubic,26.370126724243164,0.8283074498176575,0.0480278059840202,0.0303711853921413,-5.484798748511821e-05,0.8973301649093628,0.9500924944877625,0.10955951038771271,0.6839897835140673,0.5321954711315906,0.6192080902522314,0.9874116358877288,0.999999999990498,0.9544842488521422
ntl_chip_Cunupia_380,bicubic,29.0517520904541,0.8774251937866211,0.0352704226970672,0.0226226542145013,6.429381028283387e-05,0.972040832042694,0.9861807227134703,0.15408372158186825,0.7743998692219582,0.656458610348722,0.7163586606622077,0.9852436902224498,0.9999999999974124,0.9907392930823261
ntl_chip_Currumbin_726,bicubic,31.188751220703125,0.9217634797096252,0.0275778006762266,0.0135822296142578,-3.77749529434368e-06,0.9661179184913636,0.9831429719924928,0.1895652626635653,0.8560124985188726,0.7313885030719496,0.8297069051909904,0.9991330131080837,0.9999999999968643,0.9876875005127241
ntl_chip_Cuttack_1651,bicubic,30.549076080322266,0.8229262828826904,0.0296854600310325,0.0201342683285474,5.781483196187764e-06,0.9555198550224304,0.9777445793151855,0.1789444535808218,0.6740847731352059,0.7108588723524285,0.7475578779949286,0.9986730704457965,0.9999999999958835,0.9822641540390878
ntl_chip_Dabou_1027,bicubic,30.57343292236328,0.8029265403747559,0.0296023301780223,0.018193881958723,-8.029134187381715e-05,0.9176867604255676,0.9583743810653688,0.1793488609945946,0.6372716321362899,0.7116685976907171,0.771886313710354,0.9815720376824273,0.9999999999923821,0.9628044180303728
ntl_chip_Dadukou_1109,bicubic,23.10722541809082,0.6175268888473511,0.0699259340763092,0.0460739769041538,9.579560719430448e-05,0.7261151075363159,0.8548870086669922,0.055384117847297215,0.29601006288756154,0.31889701654101754,0.42232753089884145,0.9780135965053375,0.9999999999746526,0.8588386805022582
ntl_chip_Datori_784,bicubic,23.07205390930176,0.5117056965827942,0.07020965218544,0.0521501936018466,7.219964754767716e-05,0.5773258209228516,0.7649813294410706,0.054800149741583086,0.10122703155788243,0.31613346369476913,0.34614432861413835,0.9834291923226096,0.9999999999608826,0.7685174168343861
ntl_chip_Denan_1346,bicubic,30.771923065185547,0.670537531375885,0.028933523222804,0.02253326959908,-4.378016456030309e-07,0.4363309741020202,0.6751811504364014,0.1826444805655953,0.3935857320278934,0.7181831038332638,0.7174793590468401,0.9998995185279077,0.9999999999478338,0.678302141057188
ntl_chip_Dhariwal_1577,bicubic,33.06357955932617,0.8571561574935913,0.0222237147390842,0.0157974679023027,-0.0001207757013617,0.9252599477767944,0.9628556370735168,0.22069386621626386,0.7370910443372668,0.7835399130611775,0.8019323943393571,0.9722803228638329,0.9999999999930831,0.9673063884171165
ntl_chip_Dire_1898,bicubic,27.596742630004883,0.5718724727630615,0.0417024530470371,0.0326454825699329,3.3219694159924984e-05,0.625180721282959,0.7948555946350098,0.12992555641725687,0.21197485814093303,0.5938074957079529,0.5906931029547875,0.9923756253427368,0.9999999999653115,0.7985297743038767
ntl_chip_Divinopolis_963,bicubic,29.291316986083984,0.8760936260223389,0.0343109183013439,0.0178634524345397,8.749972039368004e-06,0.9463183879852296,0.9734333157539368,0.1580613234281702,0.771948878073613,0.6658046514312339,0.7760292171869947,0.9979917616114239,0.9999999999950319,0.9779329618807068
ntl_chip_Dom_Pedrito_942,bicubic,37.48384475708008,0.9058496952056884,0.0133596658706665,0.0089139947667717,-5.202680767979473e-06,0.935335099697113,0.9679323434829712,0.29408548298675113,0.8267203017549707,0.8698800749727603,0.8882369243447797,0.9988059135280942,0.9999999999940155,0.9724065616444435
ntl_chip_Douar_Ras_el_Ksar_1834,bicubic,38.01670455932617,0.9441689252853394,0.0125646665692329,0.0071447915397584,2.6311194233130664e-05,0.969665229320526,0.9849929809570312,0.3029327897996353,0.8972537708400073,0.8776237561532574,0.9104190771599487,0.9939612206678466,0.9999999999971926,0.9895460610498634
ntl_chip_El Crucero_8,bicubic,30.00680160522461,0.850200891494751,0.0315978601574897,0.0191635265946388,3.3770276786526665e-05,0.9570674300193788,0.978630781173706,0.16994083079343625,0.7242886201161203,0.6922311618096366,0.7597289735236058,0.9922492590912962,0.9999999999960267,0.9831544523207487
ntl_chip_El_Seibo_1266,bicubic,32.221343994140625,0.8741631507873535,0.0244866330176591,0.0138262016698718,-6.25065149506554e-05,0.9136038422584534,0.9578140377998352,0.20670985687176077,0.768395489474123,0.7614979846529337,0.8266479997257338,0.9856538989730212,0.9999999999920044,0.9622414846065165
ntl_chip_Engandiyur_1606,bicubic,31.85601234436035,0.81801837682724,0.0255385395139455,0.0183143205940723,-1.7661601305007935e-05,0.957480788230896,0.9786609411239624,0.20064409401924505,0.6650508849460429,0.7512519020158209,0.7703762620818145,0.9959464206759906,0.999999999996065,0.9831847516838453
ntl_chip_Eqbaliyeh_1697,bicubic,28.521242141723636,0.8559815883636475,0.0374918095767498,0.022607060149312,-2.508789475541562e-05,0.946173369884491,0.9734413027763368,0.14527543042550475,0.7349290375526073,0.6348212180343112,0.7165541780181321,0.9942419846475279,0.9999999999950184,0.9779409858227126
ntl_chip_Erzurum_377,bicubic,31.3680419921875,0.8958556652069092,0.0270143747329711,0.0131430504843592,-7.352122338488698e-06,0.951227605342865,0.9757798910140992,0.19254210658640336,0.8083244831414815,0.7368765467287474,0.8352133040172518,0.9983125872572814,0.9999999999954862,0.9802903840659843
ntl_chip_Eydhafushi_1927,bicubic,32.89117431640625,0.8480622172355652,0.022669244557619,0.0125482995063066,-1.7802667571231725e-06,0.6317951679229736,0.8081485629081726,0.21783134576748373,0.7203520035810361,0.7792002351961569,0.8426702523659193,0.9995914044036398,0.9999999999659237,0.8118841886486251
ntl_chip_Fontaine-lEveque_762,bicubic,28.67504119873047,0.8419604897499084,0.0368337854743003,0.0231260824948549,-3.452596138231456e-05,0.9262346625328064,0.963369369506836,0.14782902414590943,0.7091206712687663,0.6412306939285202,0.7100467102453336,0.9920758191296496,0.9999999999931732,0.9678224955525507
ntl_chip_Forest_Hills_529,bicubic,30.714500427246094,0.879420280456543,0.0291254352778196,0.0182882435619831,2.7537716960068792e-05,0.970793843269348,0.9854902625083924,0.18169106712792546,0.7780721868458353,0.7163137867583242,0.7707032141820236,0.9936797169083357,0.9999999999972972,0.9900456412599723
ntl_chip_Fotadrevo_1891,bicubic,35.15053176879883,0.8200863003730774,0.0174769796431064,0.0127619197592139,1.6029831385822035e-05,0.4688250422477722,0.7012097239494324,0.2553444561523083,0.6688572720051608,0.8297754294512484,0.8399918957915848,0.9963209342148097,0.9999999999508411,0.7044510303310397
ntl_chip_Funadhoo_1926,bicubic,33.280609130859375,0.8678027987480164,0.0216752849519252,0.0116503462195396,2.2602398530580103e-05,0.6669320464134216,0.8308095335960388,0.22429730411630694,0.7566881119249386,0.7888818868390021,0.8539287311680265,0.9948124400628043,0.9999999999691753,0.8346499085240672
ntl_chip_Gaoping_1131,bicubic,32.82731628417969,0.9154186844825744,0.0228365287184715,0.0125342411920428,-1.7279453459195793e-06,0.9749405980110168,0.987563967704773,0.21677108263411546,0.8443337560945635,0.777570805829549,0.8428465145785141,0.9996034128839013,0.9999999999976809,0.9921289320534389
ntl_chip_Gayeri_765,bicubic,21.01804542541504,0.4614483714103699,0.0889400690793991,0.0685108751058578,-1.7691694665700197e-05,0.6024937629699707,0.7792609333992004,0.020696539042083927,0.008719340668021255,0.1336900621181084,0.14101518813944802,0.9959395138376702,0.9999999999632118,0.7828630275375104
ntl_chip_Gisborne_34,bicubic,36.09066390991211,0.8951352834701538,0.01568403840065,0.0098684914410114,-1.257126496057026e-05,0.914418876171112,0.9573237299919128,0.27095388561578565,0.8069984903474393,0.8472395521641993,0.8762695082976709,0.9971147225644618,0.9999999999920797,0.9617489103756218
ntl_chip_Gosen_1773,bicubic,31.79276466369629,0.9007624387741088,0.0257251802831888,0.0150623396039009,6.333742931019515e-06,0.9613860845565796,0.9808850288391112,0.19959396482263536,0.8173562867813238,0.749433929836856,0.8111493842277558,0.998546319275054,0.9999999999964263,0.9854191201316453
ntl_chip_Granadero_Baigorria_705,bicubic,29.264423370361328,0.9173696041107178,0.0344173125922679,0.0185481868684291,-2.364395186305046e-07,0.9753134250640868,0.9878329634666444,0.1576147968397445,0.8479247762949438,0.6647683191138911,0.7674440622322504,0.9999457338931195,0.9999999999977153,0.9923991712345753
ntl_chip_Greenville_584,bicubic,31.306703567504883,0.8631114959716797,0.0272058229893445,0.0173955485224723,-6.217771442607045e-05,0.9539101123809814,0.9770549535751344,0.19152367761071667,0.7480529212215896,0.7350117472789311,0.7818957654284968,0.985729363195385,0.9999999999957345,0.981571340539033
ntl_chip_Guaraciaba_do_Norte_937,bicubic,29.97533416748047,0.8615219593048096,0.0317125543951988,0.0165714025497436,8.896166400518268e-05,0.8599027395248413,0.9317190051078796,0.16941836301642582,0.7451270916806733,0.6911139839599734,0.7922288530184035,0.9795820800383127,0.9999999999870344,0.9360258289495565
ntl_chip_Guarei_879,bicubic,29.92140769958496,0.8707900643348694,0.031910054385662,0.0164560079574584,-6.054680488887243e-05,0.9121615886688232,0.9566197991371156,0.16852299803525134,0.7621867141797626,0.6891902376666869,0.793675662769274,0.9861036792647575,0.9999999999918707,0.9610417256361536
ntl_chip_Gueoul_280,bicubic,30.183507919311523,0.6993095874786377,0.0309615265578031,0.0226287264376878,7.878756150603294e-06,0.8472528457641602,0.9218990802764891,0.17287476382781214,0.4465459017760359,0.698429361621291,0.7162825275303015,0.9981917175866754,0.9999999999858635,0.9261605120137274
ntl_chip_Gurh_1574,bicubic,31.715221405029297,0.8092392683029175,0.0259558763355016,0.018750425428152,3.689297591336072e-05,0.9247542023658752,0.9621480107307434,0.1983064798260079,0.6488913489008938,0.7471868377004376,0.764908408572797,0.9915325568853616,0.9999999999930362,0.9665954911074663
ntl_chip_Gurupi_948,bicubic,33.854736328125,0.9280996322631836,0.0202888697385787,0.0089485039934515,3.848268534056842e-06,0.9320660829544068,0.9660660028457642,0.2338297917282818,0.867675332540473,0.8023862476310005,0.8878042499475953,0.9991167696805348,0.9999999999937129,0.9705315939423071
ntl_chip_Gyegu_1068,bicubic,38.01363754272461,0.927258551120758,0.0125691061839461,0.007534232456237,1.1894673662027344e-05,0.8809284567832947,0.9400805234909058,0.30288186676742335,0.8661271706741209,0.8775805121392799,0.9055362927573953,0.9972700095314369,0.9999999999889801,0.9444259980271882
ntl_chip_Ha_Tinh_631,bicubic,28.819787979125977,0.7713764309883118,0.0362250469624996,0.0220042970031499,2.658212906681001e-05,0.8468791246414185,0.92154860496521,0.15023231891676322,0.5791979531919934,0.6471601041168996,0.7241115823995901,0.9938990374138489,0.9999999999858291,0.9258084166480989
ntl_chip_Harij_1608,bicubic,35.94424819946289,0.9116001725196838,0.0159506741911172,0.0101181454956531,2.1547044525505044e-05,0.946525812149048,0.973513126373291,0.2685228808616076,0.837305094638539,0.8446423894384403,0.8731393623051511,0.9950546582569876,0.9999999999950511,0.9780131414206007
ntl_chip_Hayden_501,bicubic,33.054405212402344,0.9245233535766602,0.0222471989691257,0.011936386115849,6.876907718833536e-06,0.9711618423461914,0.985746681690216,0.22054154047936117,0.8610925452127774,0.7833111651995341,0.8503423819039673,0.998421655519181,0.999999999997331,0.9903032457264574
ntl_chip_Heerhugowaard_20,bicubic,28.547901153564453,0.825059175491333,0.0373768992722034,0.0245591960847377,-4.210814950056374e-05,0.9419315457344056,0.9709977507591248,0.14571806178198882,0.6780107474974435,0.6359405004804173,0.6920784270278416,0.990335603140391,0.9999999999946259,0.975486138610245
ntl_chip_Higashi-Matsuyama_1778,bicubic,29.596240997314453,0.8605844974517822,0.0331272929906845,0.0234043467789888,1.7141304851975292e-05,0.9653011560440063,0.9827461838722228,0.16312411155855608,0.74340152369584,0.6773337396032424,0.706557851091441,0.9960658358359156,0.9999999999967888,0.9872888782594944
ntl_chip_Huajiang_1097,bicubic,31.28429412841797,0.7840476036071777,0.0272761080414056,0.0183532498776912,-4.671725400839932e-05,0.8459780216217041,0.9215673208236694,0.19115160378891427,0.6025215366858736,0.7343271365705515,0.769888169303645,0.9892777505474971,0.9999999999857456,0.9258272190196648
ntl_chip_Huishi_1104,bicubic,36.29541397094727,0.9036023020744324,0.015318633057177,0.0094315912574529,5.462919943965972e-06,0.9010969400405884,0.9508745670318604,0.2743534413756668,0.8225835684851249,0.8507987785388671,0.8817473338457458,0.998746185073983,0.9999999999908468,0.9552699364869063
ntl_chip_Huozhou_1113,bicubic,31.65485572814941,0.8845270872116089,0.0261368993669748,0.0143492557108402,-1.4418212231248615e-05,0.9195151329040528,0.9603607654571532,0.19730420181203018,0.7874721877235403,0.7454235850289852,0.8200899828228709,0.996690822877244,0.9999999999925514,0.9647999843832532
ntl_chip_Hyeres_1392,bicubic,30.308151245117188,0.9199692606925964,0.0305203944444656,0.0154241919517517,4.848829848924652e-05,0.9564667344093324,0.9786991477012634,0.17494427205667962,0.8527099141165678,0.7027262036914721,0.806612503470363,0.9888712715898147,0.9999999999959711,0.983223134869112
ntl_chip_Hyosha_1010,bicubic,32.33551788330078,0.7421121001243591,0.0241668727248907,0.0175868235528469,-1.5623256331309676e-05,0.6636315584182739,0.8193884491920471,0.20860553641666593,0.5253316627681937,0.7646126059575258,0.779497571773459,0.9964142487566889,0.99999999996887,0.823176030736728
ntl_chip_Ilaka_Atsinanana_1876,bicubic,27.284364700317383,0.61644446849823,0.0432295389473438,0.0305126793682575,2.5085213565034792e-05,0.4890699982643127,0.7088358402252197,0.1247390075842066,0.29401767258971234,0.5789329337732654,0.6174340481564945,0.9942426000174314,0.9999999999527148,0.7121123979424937
ntl_chip_Imzouren_1845,bicubic,32.34758377075195,0.9077024459838868,0.0241333227604627,0.0132155865430831,3.124198701698333e-05,0.957638680934906,0.9791842699050904,0.20880587167896245,0.830130624443206,0.7649393989844868,0.8343038517199372,0.992829536211017,0.9999999999960795,0.9837104995257194
ntl_chip_Inongo_1007,bicubic,29.169340133666992,0.625746488571167,0.0347961522638797,0.0256363078951835,2.4694891180843115e-06,0.4356152415275574,0.6708410978317261,0.15603608783551684,0.3111397218552927,0.661078235826779,0.6785736705286876,0.9994332184348939,0.9999999999477677,0.6739420267794873
ntl_chip_Irshava_391,bicubic,31.986343383789062,0.865071177482605,0.0251581873744726,0.0159744229167699,-3.080604074057192e-05,0.8980943560600281,0.9502387046813964,0.2028080378712817,0.7516600692509225,0.7549567174780318,0.7997137440947788,0.9929295918504758,0.9999999999905689,0.9546311348949801
ntl_chip_Isangel_635,bicubic,38.2596435546875,0.9135276079177856,0.0122180869802832,0.0078381700441241,2.1638625185005367e-06,0.7689404487609863,0.8815970420837402,0.30696641331508084,0.8408528878688005,0.8809996104913109,0.9017255434224152,0.99950336392417,0.999999999978616,0.8856721796936664
ntl_chip_Itaperucu_907,bicubic,29.93221664428711,0.8478825688362122,0.0318703651428222,0.0204657651484012,-1.7799560737330467e-05,0.9805731773376464,0.990308940410614,0.16870246372153563,0.7200213282309416,0.6895768302615388,0.7434015928359008,0.9959147570973175,0.9999999999982021,0.9948865932563798
ntl_chip_Jabonga_65,bicubic,30.889623641967773,0.7549551725387573,0.0285440851002931,0.0189061164855957,-5.006054198020138e-05,0.7639618515968323,0.8770552277565002,0.18459871526383373,0.5489716589062917,0.7219764212045088,0.7629563644122165,0.9885104201813166,0.9999999999781553,0.8811093710600724
ntl_chip_Jafarabad_1593,bicubic,33.35939407348633,0.8435818552970886,0.0214795693755149,0.0141216069459915,2.685467916307971e-05,0.9064301252365112,0.9527186751365662,0.22560540534052767,0.7121050876168992,0.7907882520685634,0.822944227950257,0.9938364834349702,0.9999999999913403,0.9571225688877877
ntl_chip_Jieshou_1128,bicubic,31.610355377197266,0.8883466720581055,0.0262711495161056,0.016589980572462,-3.9910119085107e-06,0.9615772366523744,0.9810261726379396,0.19656534281667135,0.7945028240157634,0.744115923058178,0.7919959230007261,0.9990840081216403,0.999999999996444,0.9855609163605246
ntl_chip_Johnston_542,bicubic,29.98546600341797,0.8917575478553772,0.0316755771636962,0.0189785286784172,-1.0753472452051938e-05,0.9748756885528564,0.9875098466873168,0.16958658636661852,0.800781157429553,0.6914741602408546,0.7620484651373777,0.9975319308345737,0.9999999999976749,0.9920745608643247
ntl_chip_Kadiana_1901,bicubic,27.131845474243164,0.6056328415870667,0.0439953282475471,0.0322338640689849,1.368994708172977e-05,0.6706241369247437,0.823135495185852,0.12220666346244254,0.2741169190799896,0.571473772260146,0.5958539484417096,0.996857969700542,0.999999999969517,0.8269403972605784
ntl_chip_Kaedi_1923,bicubic,33.579345703125,0.7843479514122009,0.0209424644708633,0.0152814490720629,2.188668440794572e-05,0.732426643371582,0.8610058426856995,0.22925735946280254,0.6030743811082779,0.7960199159638689,0.8084022042363284,0.9949767062535824,0.9999999999752367,0.8649857985208522
ntl_chip_Kamikawa_1744,bicubic,31.85765838623047,0.866898238658905,0.0255337003618478,0.0163318943232297,-6.290611781878397e-05,0.9613853096961976,0.9807412624359132,0.2006714239799409,0.75502310558352,0.7512990377189102,0.7952317912902211,0.9855621846433811,0.9999999999964263,0.9852746891755407
ntl_chip_Kaoni_1490,bicubic,31.71288299560547,0.8509566783905029,0.0259628687053918,0.0177995525300502,7.272935181390494e-05,0.9295976161956788,0.9650533199310304,0.19826765418080153,0.7256797825047065,0.7471187286052117,0.7768303899548366,0.9833076179407436,0.9999999999934844,0.9695142299521662
ntl_chip_Kincardine_981,bicubic,34.1602783203125,0.896478533744812,0.0195875614881515,0.0109307188540697,5.869143933523446e-05,0.916541576385498,0.9584758281707764,0.23890284046963575,0.8094709852677218,0.8092173322505308,0.8629513713865721,0.9865295110631785,0.9999999999922762,0.9629063340698795
ntl_chip_Kovrov_237,bicubic,27.032201766967773,0.7286918759346008,0.0445029586553573,0.0298381280153989,4.6568980906158686e-05,0.8520007133483887,0.9244629740715028,0.12055223494949674,0.5006293144685275,0.5665292043485524,0.6258915283161076,0.9893117812546324,0.9999999999863031,0.9287362572777605
ntl_chip_Kraslava_1818,bicubic,27.685321807861328,0.6806032657623291,0.0412793196737766,0.0309153478592634,3.803917934419587e-05,0.6323409080505371,0.8074305057525635,0.1313962756579007,0.4121135355273031,0.5979290212658357,0.6123854173011093,0.9912694875040465,0.9999999999659741,0.8111628123102361
ntl_chip_Krasnoarmeysk_217,bicubic,37.43229675292969,0.9579483866691588,0.0134391924366354,0.0055589000694453,3.719221422215924e-05,0.8490057587623596,0.9224641919136048,0.2932296086903828,0.9226173601267402,0.8691054474087707,0.9303028793176835,0.9914638775962898,0.999999999986026,0.9267282358507216
ntl_chip_Krasnodon_409,bicubic,34.07760238647461,0.9222242832183838,0.0197749026119709,0.0103722447529435,-2.0271632820367813e-05,0.9312130212783812,0.9661928415298462,0.23753013539857898,0.8568606906660462,0.8073925382761997,0.8699534826564055,0.9953473827063883,0.999999999993634,0.9706590189317728
ntl_chip_Kristianstad_263,bicubic,29.189245223999023,0.814113974571228,0.0347164943814277,0.0220219958573579,2.399693039478734e-05,0.8985992670059204,0.9494313597679138,0.1563665808480566,0.6578641268810314,0.6618541424774005,0.7238896753384335,0.9944923759058912,0.9999999999906156,0.9538200580705858
ntl_chip_Ksar_Belezma_1272,bicubic,29.079858779907227,0.8910861611366272,0.0351564660668373,0.0194178894162178,-9.073729597730562e-05,0.931846797466278,0.966816782951355,0.1545503893696017,0.7995453488219003,0.6575686035415622,0.7565397893232761,0.97917454818857,0.9999999999936926,0.9712858444908543
ntl_chip_KwaDukuza_658,bicubic,32.468074798583984,0.913174331188202,0.0238008461892604,0.0131841246038675,2.031818439718336e-06,0.9553288221359252,0.977969527244568,0.2108064374693191,0.8402026181939465,0.7681778830469668,0.8346983194288392,0.999533669848212,0.9999999999958658,0.9824901417788638
ntl_chip_Laurel_462,bicubic,29.889720916748047,0.8933353424072266,0.0320266708731651,0.0183043591678142,-6.697596836602315e-05,0.9713472723960876,0.9857475161552428,0.16799688837471827,0.8036853734854101,0.6880543361659119,0.7705011577840948,0.9846280982179662,0.9999999999973483,0.9903040840487566
ntl_chip_Lobamba_301,bicubic,32.504173278808594,0.891213059425354,0.0237021408975124,0.0142227606847882,-1.1108622857136652e-05,0.9623581767082214,0.9813435673713684,0.21140579649148541,0.7997789280589114,0.7691393207598631,0.8216759690766837,0.9974504189538499,0.9999999999965163,0.9858797782350095
ntl_chip_Los_Blancos_683,bicubic,37.19013977050781,0.9264304637908936,0.0138191562145948,0.0074697914533317,-2.3166443497757427e-05,0.7195842266082764,0.8605859875679016,0.2892089692814092,0.8646029262683932,0.865404414777234,0.9063442497813158,0.994682984019874,0.9999999999740482,0.8645640026440686
ntl_chip_Mahadeopur_1616,bicubic,31.386695861816406,0.7705277800559998,0.0269564222544431,0.0186792276799678,-4.002449350082316e-05,0.8051170706748962,0.9000459313392639,0.192851825028588,0.5776358577591313,0.7374410321522329,0.7658010812212547,0.9908138307219695,0.9999999999819641,0.9042063480039936
ntl_chip_Manlio_Fabio_Altamirano_1963,bicubic,30.58086395263672,0.8258461952209473,0.0295770168304443,0.0193045455962419,7.597333024023101e-05,0.9643648862838744,0.9822182655334472,0.17947224167463052,0.6794593995620251,0.7119151620498325,0.7579608866268375,0.9825630804750066,0.9999999999967021,0.9867585196449753
ntl_chip_Mao_305,bicubic,24.83016586303711,0.5074628591537476,0.057344414293766,0.0441858805716037,6.978167220950127e-06,0.4818446636199951,0.7025899887084961,0.08399085956906638,0.09341732238542656,0.4414471593983046,0.44600035759218315,0.9983984150769895,0.999999999952046,0.7058376752939414
ntl_chip_Marsberg_1236,bicubic,30.32065963745117,0.8568509817123413,0.030476476997137,0.0171767976135015,4.8776069888845086e-05,0.8959499597549438,0.9481139183044434,0.17515195442312606,0.7365293131519701,0.703153981061541,0.7846384498285467,0.9888052241134104,0.9999999999903705,0.9524965268007748
ntl_chip_Mata_Roma_857,bicubic,36.004329681396484,0.9180381298065186,0.015840720385313,0.0087482770904898,2.039978062384762e-05,0.921838879585266,0.9614805579185486,0.269520440261282,0.8491553186727343,0.8457133931678708,0.8903146815878893,0.9953179710308765,0.9999999999927663,0.9659249530285023
ntl_chip_Mechta_Ouled_Oulha_1279,bicubic,29.101119995117188,0.8895559906959534,0.035070527344942,0.0209760647267103,1.329782207903918e-05,0.9222553968429564,0.962352216243744,0.15490339872287695,0.7967287935506236,0.6584056886336076,0.7370034905406218,0.9969479677576764,0.9999999999928049,0.966800640550093
ntl_chip_Medinipur_1672,bicubic,29.564817428588867,0.8033276796340942,0.0332473628222942,0.0201585255563259,7.109451689757407e-05,0.909385085105896,0.9541202783584596,0.16260237215825016,0.6380100014482131,0.6761642008455292,0.7472537424805688,0.9836828349383738,0.9999999999916139,0.9585306509494811
ntl_chip_Mingjiujie_1053,bicubic,29.33197021484375,0.7250410318374634,0.0341507047414779,0.0226092059165239,2.6022680685855448e-05,0.843781590461731,0.9191956520080566,0.15873630695339755,0.4939092760250496,0.6673652096935588,0.7165272745310294,0.9940274384773042,0.9999999999855425,0.9234445872852496
ntl_chip_Molinella_1727,bicubic,27.827800750732425,0.8578073978424072,0.0406077206134796,0.0266510210931301,0.0001250738860107,0.9185821413993835,0.960478901863098,0.1337619165199859,0.7382897699096401,0.6044707238744835,0.6658512636978915,0.9712938306356893,0.999999999992465,0.9649186668687423
ntl_chip_Moncao_137,bicubic,29.33890151977539,0.8561099767684937,0.0341234616935253,0.0220076516270637,-1.5063582395669071e-05,0.9463021159172058,0.973430335521698,0.15885139047271235,0.7351653596176716,0.667630570276077,0.7240695223472698,0.996542701588033,0.9999999999950304,0.9779299678724956
ntl_chip_Mosquera_1168,bicubic,28.144287109375,0.7518975138664246,0.0391547232866287,0.0176785849034786,0.0001012887223623,0.5199646949768066,0.7265334129333496,0.13901667941484241,0.5433434854542342,0.6186236269461696,0.7783470740402648,0.9767528513619695,0.999999999955574,0.7298917767827957
ntl_chip_Mpika_661,bicubic,36.49121856689453,0.8927108645439148,0.014977159909904,0.0098453713580966,-4.348377842688933e-06,0.909382164478302,0.9547176361083984,0.27760447162492957,0.8025359091048724,0.8541248936428862,0.8765593863650885,0.9990019877466543,0.9999999999916135,0.9591307699553193
ntl_chip_Muscle_Shoals_514,bicubic,31.25276756286621,0.8767722249031067,0.0273752864450216,0.0161720197647809,1.918966881930828e-05,0.9543492794036864,0.9772720336914062,0.19062815428678034,0.7731979619690432,0.7333610905171675,0.7972362879091629,0.9955957082589969,0.9999999999957752,0.9817894240971314
ntl_chip_Mutsamudu_1792,bicubic,32.926055908203125,0.752680778503418,0.0225783847272396,0.017016164958477,4.333713150117546e-06,0.6221439838409424,0.7965043187141418,0.21841050025323758,0.5447852255921216,0.7800852542864924,0.7866524514121155,0.9990053534943899,0.9999999999650304,0.8001861195264366
ntl_chip_My_Luong_626,bicubic,24.99186515808105,0.767601490020752,0.0562867410480976,0.0348862260580062,3.762790584005416e-06,0.9176263809204102,0.958255648612976,0.08667562443339016,0.5722494920282444,0.45174941298875226,0.5625988095954282,0.9991363880404447,0.9999999999923764,0.9626851367432412
ntl_chip_Nagpur_1654,bicubic,31.01220703125,0.8281419277191162,0.0281440690159797,0.0180137325078248,2.257875894429162e-05,0.9445484280586244,0.9721080660820008,0.18663402145614094,0.6836851101739171,0.7258727730860866,0.7741450155872088,0.9948178656715333,0.999999999994868,0.9766015863093827
ntl_chip_Nairobi_1785,bicubic,28.91082763671875,0.8412283658981323,0.0358473360538482,0.0239828936755657,3.707982250489295e-05,0.9688217639923096,0.9844354391098022,0.15174389058996518,0.7077730649896649,0.6508391927019059,0.6993040684424712,0.9914896730342817,0.9999999999971146,0.9889859419937257
ntl_chip_Nang_Rong_326,bicubic,23.882408142089844,0.6605823040008545,0.0639556795358657,0.0375682972371578,7.907261169748381e-05,0.6706057190895081,0.8234331011772156,0.06825481923321124,0.3752613366569094,0.3770502094359559,0.5289711788921216,0.981851752944878,0.9999999999695155,0.8272393789205416
ntl_chip_Nava_1965,bicubic,33.81291961669922,0.9441876411437988,0.0203867815434932,0.0093910535797476,1.5637815522495657e-05,0.9732261896133424,0.9868361353874208,0.23313549038610837,0.8972882207603556,0.801432538867109,0.8822555925623824,0.9964109072229658,0.9999999999975222,0.9913977353681174
ntl_chip_Ndele_1013,bicubic,22.051572799682617,0.8094322085380554,0.0789625272154808,0.0360308289527893,0.0004259785928297,0.8359928131103516,0.9154503345489502,0.03785665084094099,0.649246490277223,0.23087618922528885,0.5482478543534883,0.9022320804017077,0.9999999999848216,0.9196819572861616
ntl_chip_Noblesville_573,bicubic,30.288450241088867,0.8743031024932861,0.0305896922945976,0.0201572049409151,2.622199826873839e-05,0.977496325969696,0.9887969493865968,0.1746171675792435,0.7686530958848801,0.7020512088116673,0.747270300269072,0.9939816923629552,0.9999999999979174,0.9933676131305466
ntl_chip_Nogliki_173,bicubic,34.58583068847656,0.8753811120986938,0.0186510067433118,0.0101753212511539,2.9289369194884785e-05,0.867583692073822,0.9323824644088744,0.245968474526149,0.7706373674116918,0.8183398325332888,0.8724224964717202,0.993277688736638,0.9999999999877452,0.9366923550575176
ntl_chip_North_Little_Rock_562,bicubic,29.450279235839844,0.8807560205459595,0.0336886905133724,0.0212373193353414,-1.0107487469213083e-05,0.9636856913566588,0.982013463973999,0.1607006439198422,0.7805308579127296,0.6718654537527056,0.7337278975709518,0.9976801932330298,0.9999999999966392,0.9865527714007067
ntl_chip_Nova_Ponte_869,bicubic,31.85472679138184,0.8789878487586975,0.0255423206835985,0.0122155901044607,-1.632553176023066e-05,0.8540903329849243,0.92993426322937,0.20062274941494732,0.7772762181447949,0.7512150715780717,0.8468417407976062,0.9962530669301223,0.9999999999864964,0.9342328371922406
ntl_chip_Noya_1316,bicubic,28.711395263671875,0.8422036170959473,0.0366799384355545,0.0234400387853384,-1.9976956536993384e-05,0.9163941144943236,0.9589117765426636,0.1484326267540934,0.7095681910939274,0.642729239168073,0.7061103470811395,0.9954150149481615,0.9999999999922624,0.9633442975910032
ntl_chip_Palmira_1204,bicubic,35.811038970947266,0.9013984799385072,0.0161971971392631,0.0101761128753423,-2.743643563007936e-05,0.9108054637908936,0.9557517170906068,0.26631114916404364,0.8185270355075549,0.842241135612587,0.872412571140107,0.9937029623603229,0.9999999999917452,0.9601696309244164
ntl_chip_Panabo_96,bicubic,25.875732421875,0.7194623947143555,0.0508408099412918,0.0317585840821266,6.898508581798524e-05,0.90833580493927,0.9535263180732728,0.10135086327048677,0.4836407860725773,0.5047954397538181,0.6018129774201273,0.9841669782536926,0.9999999999915168,0.9579339451130033
ntl_chip_Panamaram_1545,bicubic,29.05520248413086,0.6848935484886169,0.0352564118802547,0.0266213100403547,-5.184527253732085e-06,0.7912907600402832,0.8912642598152161,0.1541410099931067,0.4200105763449731,0.6565950825421927,0.6662237789086376,0.9988100800081738,0.9999999999806845,0.8953840836487572
ntl_chip_Paripiranga_891,bicubic,34.27569580078125,0.8941212296485901,0.019328998401761,0.0121309198439121,-3.982298221671954e-05,0.94684100151062,0.9736102819442748,0.24081916791068658,0.8051319410006713,0.8117358628988507,0.8479033309132652,0.9908600803207851,0.9999999999950802,0.9781107460882834
ntl_chip_Paris_425,bicubic,33.642330169677734,0.8973666429519653,0.0207911487668752,0.0120882550254464,-5.382294330047444e-05,0.9207330346107484,0.9606947302818298,0.23030311839918507,0.8111057107874329,0.7974938047675111,0.84843825957979,0.9876468975631177,0.999999999992664,0.9651354929433922
ntl_chip_Pataskala_518,bicubic,29.951696395874023,0.8717531561851501,0.0317989662289619,0.0211194735020399,-7.73568099248223e-05,0.9738826751708984,0.9870267510414124,0.16902589464689674,0.763959458807111,0.6902722905274421,0.735205440819241,0.982245552944643,0.9999999999975829,0.991589232133301
ntl_chip_Patera_1543,bicubic,30.131895065307617,0.7233085036277771,0.0311460476368665,0.0227627642452716,-5.793115997221321e-05,0.8353083729743958,0.9152351021766664,0.17201781280066322,0.4907202447041475,0.6966320362591534,0.7146019703815034,0.9867040055868173,0.9999999999847582,0.9194657300131541
ntl_chip_Plouzane_1372,bicubic,31.286941528320312,0.8445273637771606,0.0272677987813949,0.015815706923604,7.112794264685363e-07,0.9308643341064452,0.9655119776725768,0.1911955597396047,0.7138454668732198,0.7344080728182345,0.8017037146989816,0.9998367516327125,0.9999999999936017,0.9699750078158584
ntl_chip_Polyarnyye_Zori_195,bicubic,80.0,0.999988615512848,9.999999974752427e-07,0.0,0.0,1.0,0.0,1.0,1.0,1.0,1.0,1.0,1.0,0.0
ntl_chip_Porta_Westfalica_1249,bicubic,29.905969619750977,0.8433232307434082,0.03196682035923,0.0199358109384775,2.0361698261694983e-05,0.9221142530441284,0.9612111449241638,0.16826667277236357,0.7116290423799847,0.6886373093805633,0.7500461235998509,0.9953267114544182,0.9999999999927918,0.9656542946862163
ntl_chip_Prichard_516,bicubic,29.414745330810547,0.8849797248840332,0.0338267907500267,0.0202432759106159,0.0001041365321725,0.9655935168266296,0.982919454574585,0.1601106587891776,0.7883053491729823,0.6705202900504562,0.7461911481548879,0.976099240018016,0.9999999999968158,0.9874629498968894
ntl_chip_Pueblo_Nuevo_1190,bicubic,31.133739471435547,0.8159797787666321,0.0277530178427696,0.0161953940987586,-5.740780761698261e-05,0.7758738994598389,0.8840811252593994,0.18865187827609195,0.6612984767430122,0.7296818023583611,0.796943222058768,0.9868241221181384,0.9999999999792576,0.8881677454178053
ntl_chip_Puerto_Suarez_795,bicubic,34.04100036621094,0.887512743473053,0.019858406856656,0.0113203022629022,3.650032158475369e-05,0.9560723304748536,0.9783013463020324,0.2369224158785868,0.7929678277240669,0.8065791661802827,0.8580668004243284,0.9916226764300414,0.9999999999959346,0.9828234946530906
ntl_chip_Pul-e_Khumri_673,bicubic,35.524871826171875,0.8909168839454651,0.0167397353798151,0.0109464228153228,7.360264135058969e-06,0.9305174946784972,0.9654581546783448,0.2615597895776704,0.799233763555056,0.8369565483739737,0.8627544761610825,0.9983107186034902,0.9999999999935696,0.9699209360275657
ntl_chip_Radyvyliv_395,bicubic,31.06375503540039,0.7799756526947021,0.0279775410890579,0.0180636420845985,-2.2780863218940794e-05,0.7226568460464478,0.857345461845398,0.18748989575250924,0.5950263750345595,0.7274948363651437,0.7735192526211285,0.9947714799732682,0.9999999999743325,0.8613084977557813
ntl_chip_Raiyam_1550,bicubic,31.98820304870605,0.8207942247390747,0.025152800604701,0.0174943339079618,-3.7172714655753225e-05,0.8469104766845703,0.923153042793274,0.202838914709843,0.6701603347566781,0.7550091872445195,0.7806572008117383,0.9914683530137701,0.999999999985832,0.9274202709086415
ntl_chip_Remedios_1206,bicubic,29.09817695617676,0.7095502614974976,0.0350824035704135,0.0250472780317068,1.3214284990681335e-05,0.8250803351402283,0.9109612703323364,0.15485453414656916,0.4653957132888921,0.6582900084015457,0.6859588879219408,0.9969671406632531,0.9999999999838117,0.9151721425979046
ntl_chip_Rio_Grande_1264,bicubic,30.689165115356445,0.8828713297843933,0.0292105097323656,0.0183548033237457,2.9766102670691907e-05,0.9674038290977478,0.9838981628417968,0.18127041374678654,0.7844244669039394,0.7154851200520504,0.7698686922999606,0.9931682718764552,0.9999999999969833,0.9884461821934236
ntl_chip_Rio_Real_933,bicubic,33.12105941772461,0.8941147327423096,0.0220771301537752,0.0126807512715458,-7.40120594855398e-05,0.9223316311836244,0.9620707631111144,0.22164822971050477,0.8051199822703593,0.7849677184599513,0.8410095809109306,0.9830132189671345,0.999999999992812,0.9665178864146339
ntl_chip_Rome_564,bicubic,30.07782745361328,0.8973680138587952,0.0313405394554138,0.0164424236863851,0.0001233638176927,0.940631628036499,0.9705711603164672,0.17112010434661332,0.8111082341892418,0.6947375910284098,0.7938459814597613,0.9716863147291064,0.9999999999945056,0.9750575762749041
ntl_chip_Sablayan_95,bicubic,25.40728759765625,0.5597847700119019,0.0536580495536327,0.040482610464096,5.208693619351834e-05,0.6684525012969971,0.8202813267707825,0.09357306680826309,0.1897252563995664,0.4773541510285386,0.4924317127843506,0.9880453349637568,0.9999999999693162,0.8240730355967817
ntl_chip_Salida_508,bicubic,28.024730682373047,0.847565233707428,0.0396973975002765,0.0239990204572677,7.516545883845538e-05,0.956336796283722,0.978327214717865,0.13703163121514736,0.7194372155687307,0.613337715263244,0.6991018719222135,0.9827484980231747,0.9999999999959591,0.9828494826443632
ntl_chip_San_Antonio_Huista_1434,bicubic,28.177291870117188,0.7474647760391235,0.0390062294900417,0.025281935930252,-5.978938133921474e-06,0.7752388119697571,0.8864202499389648,0.1395646720450636,0.5351842302746777,0.6200700289945459,0.6830167627407635,0.9986277518340128,0.9999999999791989,0.8905176825825549
ntl_chip_San_Jose_del_Guaviare_1185,bicubic,30.57676315307617,0.7049403190612793,0.0295909792184829,0.0211044326424598,-4.828380042454228e-06,0.7413287162780762,0.8636067509651184,0.17940415428703363,0.4569102809972483,0.7117791615762543,0.7353940221198982,0.9988918206695674,0.9999999999760607,0.8675987293668673
ntl_chip_San_Juan_Lalana_1958,bicubic,28.17451477050781,0.6364453434944153,0.0390187054872512,0.029451573267579,1.2152362614870071e-05,0.6726862788200378,0.8246090412139893,0.1395185626328119,0.3308328981379488,0.6199485066930484,0.6307381261272847,0.9972108663884551,0.9999999999697079,0.8284207546804883
ntl_chip_Sandila_1641,bicubic,30.571165084838867,0.7801398634910583,0.0296100564301013,0.0206625163555145,-8.779781637713313e-06,0.8663301467895508,0.9326160550117492,0.17931120708582593,0.5953286346860228,0.7115933402248149,0.7409347392398196,0.9979849199004475,0.9999999999876291,0.9369270254211057
ntl_chip_Sao Joao de Ver_134,bicubic,28.12193298339844,0.8159258961677551,0.0392556227743625,0.0275522600859403,-1.8423121218802407e-05,0.9653554558753968,0.982764720916748,0.13864552398105884,0.6611992960806083,0.6176408166935352,0.6545515889311585,0.9957716414289637,0.9999999999967937,0.9873075009905677
ntl_chip_Sao_Miguel_do_Araguaia_902,bicubic,38.09571075439453,0.925723135471344,0.0124508878216147,0.0075745088979601,-2.4448963813483715e-06,0.8982361555099487,0.9496945142745972,0.304244564575931,0.8633009606480971,0.8787320166826476,0.9050313094001915,0.9994388628047011,0.999999999990582,0.9540844289956283
ntl_chip_Sassenage_1378,bicubic,31.518932342529297,0.9104743003845216,0.026549132540822,0.0136910490691661,-3.0442079150816426e-06,0.9502381086349488,0.9754889607429504,0.1950474057644429,0.8352327234746585,0.7414082327330263,0.828342534076817,0.9993013126018725,0.9999999999953946,0.979998108984414
ntl_chip_Savissivik_1422,bicubic,80.0,0.999988615512848,9.999999974752427e-07,0.0,0.0,1.0,0.0,1.0,1.0,1.0,1.0,1.0,1.0,0.0
ntl_chip_Segala_Mba_1911,bicubic,19.77152442932129,0.4567113518714905,0.1026652604341507,0.0797579586505889,-0.0001813233393477,0.6289552450180054,0.7961131930351257,0.0,0.0,0.0,0.0,0.9583838109213928,0.9999999999656608,0.7997931858888082
ntl_chip_Serafina_Corea_854,bicubic,30.258708953857425,0.88588947057724,0.0306946244090795,0.0157850887626409,0.0001255577080883,0.9077199697494508,0.9553087949752808,0.17412335984212854,0.789979900556026,0.7010291188064586,0.8020876031720711,0.9711827868443371,0.9999999999914598,0.9597246614240785
ntl_chip_Shuinancun_1050,bicubic,31.23927116394043,0.858252227306366,0.0274178627878427,0.0180208832025527,2.4184584617614743e-05,0.968582570552826,0.984384536743164,0.19040406761020584,0.7391085589400833,0.7329463761595025,0.7740553606505871,0.994449306692371,0.9999999999970923,0.9889348043334796
ntl_chip_Shumanay_609,bicubic,34.41645812988281,0.8893051147460938,0.0190182756632566,0.0112464651465415,-1.3820823369314894e-05,0.8830292224884033,0.9417487978935242,0.24315630707563815,0.7962670110195859,0.8147624540143021,0.858992565296072,0.9968279318005692,0.9999999999891748,0.9461019839436131
ntl_chip_Silute_1816,bicubic,31.535127639770508,0.7722746729850769,0.0264996737241745,0.0186856389045715,-4.211051418678835e-05,0.8015068769454956,0.8978875279426575,0.19531630344262182,0.5808513299424664,0.7418899857446231,0.7657206977120454,0.990335060412525,0.9999999999816299,0.9020379674971667
ntl_chip_Simav_359,bicubic,29.71774101257324,0.8444247245788574,0.0326671302318573,0.017368322238326,-3.831668436760083e-06,0.8531138896942139,0.9279593229293824,0.16514143001311674,0.7136565408769149,0.6818159494480436,0.7822371267748368,0.9991205796301547,0.999999999986406,0.932248767830891
ntl_chip_Smolensk_244,bicubic,30.250511169433597,0.8285117745399475,0.0307236034423112,0.0193892456591129,2.577080886112526e-05,0.9450002312660216,0.9724781513214112,0.17398724840403962,0.684365880096723,0.7007468488801067,0.7568989228516353,0.9940852465097354,0.9999999999949098,0.9769733822490405
ntl_chip_Solon_1060,bicubic,34.06832504272461,0.7998194098472595,0.019796036183834,0.0147437434643507,-5.504019100044388e-06,0.5976244211196899,0.781302273273468,0.23737609955984829,0.6315523967928659,0.8071866869724089,0.8151439215120655,0.9987367522549291,0.9999999999627611,0.7849138034018042
ntl_chip_South_Jordan_596,bicubic,29.03530502319336,0.8780477046966553,0.0353372693061828,0.0210261829197406,-1.4940706023480743e-05,0.9711313247680664,0.9856369495391846,0.15381064365477642,0.7755457130694658,0.6558074917526991,0.7363751119577413,0.9965709033978866,0.9999999999973281,0.9901930063441239
ntl_chip_South_Sioux_City_446,bicubic,32.90127182006836,0.9153665900230408,0.0226429142057895,0.0122739607468247,-3.682164242491126e-05,0.9678609371185304,0.9840853214263916,0.21799899908373377,0.8442378668258237,0.7794567056730117,0.8461098935518697,0.9915489288976664,0.9999999999970256,0.9886342059090825
ntl_chip_Sroda Wielkopolska_126,bicubic,28.797452926635746,0.8328737020492554,0.0363183170557022,0.0238459557294845,3.718605148606002e-05,0.9284767508506776,0.96461284160614,0.14986148016850337,0.6923947960871911,0.6462516078903824,0.7010209873355575,0.9914652920286054,0.9999999999933806,0.9690717155385613
ntl_chip_St_Helens_486,bicubic,29.98697280883789,0.90523362159729,0.031670082360506,0.0178302004933357,-0.0001105252231354,0.971827268600464,0.986039102077484,0.16961160452299132,0.8255863069246533,0.691527682305563,0.7764461278222039,0.9746329479673991,0.9999999999973926,0.9905970178121333
ntl_chip_Sukkur_109,bicubic,34.184207916259766,0.9022652506828308,0.0195336695760488,0.0124224741011857,-3.244596882723272e-06,0.969745397567749,0.9850093722343444,0.23930015412767752,0.8201224837295438,0.8097422657753505,0.8442478429568736,0.9992553205900518,0.9999999999972,0.9895625280950245
ntl_chip_Takieta_1998,bicubic,23.52179527282715,0.5295098423957825,0.0666668266057968,0.0500511080026626,-5.597065319307149e-05,0.580493688583374,0.7675838470458984,0.06226740437926043,0.13399877999008192,0.3506423138502279,0.3724625247502741,0.9871539687360961,0.9999999999611758,0.7711319644448352
ntl_chip_Tan_Phong_627,bicubic,27.5792236328125,0.7679864168167114,0.0417866483330726,0.0270760618150234,6.023690730216913e-05,0.9048676490783693,0.951842963695526,0.12963468076373275,0.5729580193709487,0.5929873925320331,0.6605221312942482,0.9861748050040564,0.9999999999911957,0.9562428095150299
ntl_chip_Tangshan_1116,bicubic,30.14420509338379,0.8687192797660828,0.0311019457876682,0.0203981511294841,-4.471875581657514e-05,0.9681475162506104,0.984151303768158,0.1722222016376632,0.7583750608907827,0.6970616097934272,0.7442493329243014,0.9897364332461691,0.9999999999970521,0.9887004932508768
ntl_chip_Terrier_Rouge_1447,bicubic,34.627235412597656,0.9151546359062196,0.01856230199337,0.0098887588828802,-8.28733027447015e-06,0.894553542137146,0.9482616782188416,0.24665593546101036,0.8438477269635358,0.8192038600884154,0.8760153964546435,0.9980979442310078,0.9999999999902413,0.9526449697278825
ntl_chip_Tianmingsi_1070,bicubic,33.221527099609375,0.8953598737716675,0.0218232367187738,0.0127970362082123,7.020872726570815e-05,0.96966153383255,0.9848586916923524,0.22331633903807468,0.8074118893916187,0.7874407644248052,0.8395516080812104,0.9838861357872123,0.9999999999971922,0.9894111510398702
ntl_chip_Tiaret_1285,bicubic,30.412206649780277,0.9019978642463684,0.0301569458097219,0.013901955448091,-3.866916813421994e-06,0.9244177937507628,0.9632523655891418,0.1766719499312587,0.8196303106636764,0.7062663707681813,0.8256982038746254,0.9991124896450863,0.999999999993005,0.9677049507901817
ntl_chip_Tinogasta_693,bicubic,36.87427520751953,0.9294560551643372,0.014330974780023,0.0078330794349312,3.7022182368673376e-06,0.9189493060112,0.9597626328468324,0.28396453033462543,0.8701720740607458,0.8604190521664891,0.9017893691431211,0.9991502902234759,0.999999999992499,0.9641990869352801
ntl_chip_Tissint_1831,bicubic,32.99951934814453,0.7571223378181458,0.0223882291465997,0.0163655877113342,-1.3442469935398549e-05,0.55482017993927,0.756310760974884,0.21963024621634428,0.552960718313753,0.7819374624437981,0.7948093458230283,0.9969147690941081,0.9999999999587998,0.7598067691052605
ntl_chip_Trindade_290,bicubic,26.960567474365234,0.6834964752197266,0.0448714941740036,0.0259898416697978,0.0001136959690484,0.7335554361343384,0.8584710955619812,0.11936285912811345,0.4174390104754088,0.5629394885400733,0.6741410874912619,0.9739052183661777,0.9999999999753412,0.8624393346571242
ntl_chip_Tullahoma_512,bicubic,31.39209747314453,0.8946942687034607,0.0269396603107452,0.0149280186742544,-2.525688796595205e-05,0.945022702217102,0.9729514718055724,0.1929415103689016,0.8061867229568124,0.7376043016642034,0.8128334911422137,0.9942031983918369,0.999999999994912,0.9774488906331316
ntl_chip_Tumby_Bay_730,bicubic,35.414207458496094,0.8459038734436035,0.016954381018877,0.01193209271878,-1.9874860299751163e-06,0.62701416015625,0.8018903732299805,0.2597223801691272,0.7163791817156497,0.8348657950957229,0.850396212231895,0.9995438447432521,0.9999999999654812,0.8055970708060787
ntl_chip_Vanduvancheri_1486,bicubic,30.445838928222656,0.7619335055351257,0.0300403945147991,0.0211003962904214,4.498741327552125e-05,0.8842946887016296,0.9411073327064514,0.17723036151520977,0.5618165421057019,0.7074016372614081,0.7354446296342666,0.9896747726808547,0.9999999999892918,0.9454575536162501
ntl_chip_Vilattikulam_1566,bicubic,28.686397552490234,0.7915159463882446,0.0367856621742248,0.0232416577637195,2.4341890821233392e-05,0.8379495143890381,0.9186925292015076,0.14801757870672408,0.6162683714623003,0.6416994383569319,0.7085976351834841,0.9944132027647873,0.9999999999850027,0.9229391388190471
ntl_chip_Vilyeyka_974,bicubic,27.013545989990234,0.6855157613754272,0.0445986501872539,0.0307993926107883,9.8890857771039e-05,0.7681124210357666,0.8790397644042969,0.12024248483875973,0.42115587162686996,0.5655971221274179,0.613839256522134,0.9773031941174791,0.9999999999785394,0.8831030811278622
ntl_chip_Visby_262,bicubic,31.22056579589844,0.8767873048782349,0.0274769719690084,0.012159576639533,0.0001008434192044,0.9038344025611876,0.9512702226638794,0.19009349411710727,0.7732257193889417,0.7323706238878187,0.8475440339088566,0.9768550545338455,0.9999999999911002,0.9556674210170156
ntl_chip_Wang_Nam_Yen_322,bicubic,25.637096405029297,0.6689005494117737,0.052256990224123,0.0329822860658168,6.768648745492101e-06,0.7332751154899597,0.8592479825019836,0.09738868400918933,0.3905725708417629,0.49100115265875355,0.5864702830433679,0.9984465024358562,0.9999999999753152,0.8632198127176008
ntl_chip_Weipa_742,bicubic,34.44955062866211,0.9030885696411132,0.0189459472894668,0.0096755214035511,1.4341858332045376e-06,0.8292624950408936,0.91605544090271,0.24370575645926837,0.8216379510855013,0.8154669676735242,0.878688953839221,0.9996708347142557,0.9999999999841986,0.920289860713349
ntl_chip_Wilrijk_763,bicubic,27.787282943725582,0.8292245268821716,0.0407975949347019,0.0294494424015283,1.4447978173848242e-06,0.940808653831482,0.9706098437309264,0.13308918146197676,0.6856778296111327,0.6026212553211686,0.630764842784616,0.9996683991185858,0.999999999994522,0.9750964385014845
ntl_chip_Wolfsberg_722,bicubic,31.701814651489254,0.8874468803405762,0.025995971634984,0.0128718549385666,3.0224808142520487e-05,0.8436445593833923,0.9225994944572448,0.19808388157139478,0.7928465947241152,0.7467962899157183,0.8386135357982666,0.9930629926900267,0.9999999999855298,0.9268641638235066
ntl_chip_Zhabinka_973,bicubic,34.675411224365234,0.8725152611732483,0.0184596292674541,0.0118535310029983,-1.8618153262650598e-05,0.9392661452293396,0.9695576429367064,0.2474558197567874,0.7653622507866429,0.820203942546339,0.8513812138180799,0.9957268789045012,0.9999999999943793,0.9740393739624639
ntl_chip_Ziyodin_Shaharchasi_611,bicubic,35.70067596435547,0.9382799863815308,0.0164043195545673,0.0087233884260058,-7.90391641203314e-06,0.9493423104286194,0.9749271273612976,0.26447874338677496,0.8864141143737354,0.8402236622053049,0.8906267340138175,0.9981859429621802,0.9999999999953118,0.9794336785564522
